,X,Y,PRIMARYDISTRICTCD,COMMON_NAME,TREEHEIGHT,DIAM,GENUS,HERITAGE,EXCEPTIONAL
0,-122.337739370168,47.6265920295122,DISTRICT3,Laceleaf Maple,6.0,7,Acer,Y,N
1,-122.399420393147,47.6592693026232,DISTRICT7,Coast Redwood,99.0,52,Sequoia,Y,N
2,-122.31450752834,47.6256510910634,DISTRICT3,Sweetgum,0.0,30,Liquidambar,Y,N
3,-122.338972565026,47.6642468094192,DISTRICT4,European Chestnut,36.0,55,Castanea,Y,Y
4,-122.314534344482,47.6256491706043,DISTRICT3,"Tupelo, Sour Gum",0.0,28,Nyssa,Y,N
5,-122.380763349496,47.6745048612825,DISTRICT6,Silver (Silverleaf) Maple,65.0,44,Acer,Y,N
6,-122.374175738821,47.685163901364,DISTRICT6,Black Locust,47.0,46,Robinia,Y,N
7,-122.308776597008,47.5719790403501,DISTRICT2,"Ginkgo, Maidenhair Tree",60.0,28,Ginkgo,Y,N
8,-122.314508042146,47.6256839595552,DISTRICT3,Sweetgum,0.0,28,Liquidambar,Y,N
9,-122.314535926131,47.6256839682007,DISTRICT3,Sweetgum,0.0,28,Liquidambar,Y,N
10,-122.343306916943,47.6629127479617,DISTRICT4,London Plane (Tree),0.0,64,Platanus,Y,N
11,-122.339311319752,47.6568855160928,DISTRICT4,Yoshino Cherry,0.0,34,Prunus,Y,N
12,-122.284200733038,47.611902365634,DISTRICT3,Giant Sequoia,148.0,100,Sequoiadendron,Y,N
13,-122.302187996464,47.6031365771793,DISTRICT3,Japanese Umbrella Pine,0.0,36,Sciadopitys,Y,N
14,-122.366698784452,47.6898456472097,DISTRICT6,Western Red Cedar,80.0,35,Thuja,Y,N
15,-122.275573041256,47.654404180778,DISTRICT4,"Lawson Cypress, Port Orford Cedar",80.0,35,Chamaecyparis,Y,N
16,-122.345612471915,47.7143304363987,DISTRICT5,American (White) Elm,84.0,36,Ulmus,Y,N
17,-122.29003799453,47.6651121703827,DISTRICT4,(Pacific) Madrona,58.0,50,Arbutus,Y,N
18,-122.303081413075,47.6386984142131,DISTRICT3,London Plane (Tree),73.0,59,Platanus,Y,N
19,-122.263295722231,47.5080325497172,DISTRICT2,Giant Sequoia,136.0,93,Sequoiadendron,Y,N
20,-122.308198578645,47.5734134227645,DISTRICT2,Western White Pine,85.0,44,Pinus,Y,N
21,-122.324399951581,47.6257359374244,DISTRICT3,Oregon White (Garry) Oak,67.0,47,Quercus,Y,N
22,-122.28708954201,47.6311720295541,DISTRICT3,Oregon White (Garry) Oak,58.0,48,Quercus,Y,N
23,-122.39737910412,47.6837973941068,DISTRICT6,"Ginkgo, Maidenhair Tree",61.0,29,Ginkgo,Y,N
24,-122.384322479745,47.5884439096086,DISTRICT1,Tulip Tree,81.0,59,Liriodendron,Y,N
25,-122.359793100289,47.7042562132473,DISTRICT6,Common (Japanese) Zelkova,39.0,32,Zelkova,Y,N
26,-122.288004551492,47.6272550560322,DISTRICT3,Weeping Beech,59.0,20,Fagus,Y,N
27,-122.379406766798,47.6737226751054,DISTRICT6,Bigleaf Maple,86.0,92,Acer,Y,N
28,-122.401830822703,47.6428025106367,DISTRICT7,Common (Euro) Mountain Ash,45.0,38,Sorbus,Y,N
29,-122.406763715165,47.6476970786234,DISTRICT7,Copper Beech,73.0,42,Fagus,Y,N
30,-122.282270225828,47.7063467403794,DISTRICT5,Western Red Cedar,90.0,87,Thuja,Y,N
31,-122.4020322129,47.5693211832081,DISTRICT1,Douglas Fir,99.0,40,Pseudotsuga,Y,N
32,-122.265609844266,47.681479703226,DISTRICT4,(Smooth) Japanese Maple,26.0,35,Acer,Y,N
33,-122.314753420177,47.6947466129107,DISTRICT5,Western White Pine,85.0,39,Pinus,Y,N
34,-122.304596807229,47.6305160171196,DISTRICT3,Coast Redwood,114.0,98,Sequoia,Y,N
35,-122.319939338934,47.6186470511565,DISTRICT3,Chinese Scholar Tree,68.0,40,Sophora,Y,N
36,-122.328920925777,47.6431109474263,DISTRICT4,Lombardy Poplar,108.0,81,Populus,Y,N
37,-122.335032811282,47.6875531423689,DISTRICT6,English Walnut,48.0,25,Juglans,Y,N
38,-122.295027030592,47.6394816109759,DISTRICT3,Oregon Crab Apple,45.0,29,Malus,Y,N
39,-122.390290301341,47.6730205982275,DISTRICT6,London Plane (Tree),64.0,75,Platanus,Y,N
40,-122.356545887425,47.6742530889374,DISTRICT6,Sawara Cypress,60.0,30,Chamaecyparis,Y,N
41,-122.293634105304,47.5758068705823,DISTRICT2,Coast Redwood,133.0,77,Sequoia,Y,N
42,-122.371647581409,47.5744628368319,DISTRICT1,Western Red Cedar,63.0,66,Thuja,Y,N
43,-122.301285355986,47.633004039818,DISTRICT3,Ponderosa Pine,145.0,45,Pinus,Y,N
44,-122.303061935495,47.6386457394164,DISTRICT3,London Plane (Tree),72.0,55,Platanus,Y,N
45,-122.310064172826,47.6249541213293,DISTRICT3,Sugar Maple,90.0,54,Acer,Y,N
46,-122.250624842306,47.5601476388594,DISTRICT2,Douglas Fir,125.0,70,Pseudotsuga,Y,N
47,-122.266826260585,47.5125342969589,DISTRICT2,Grand (Giant) Fir,143.0,58,Abies,Y,N
48,-122.349986947808,47.5299966679131,DISTRICT1,Common (Fruiting) Pear Tree,39.0,24,Pyrus,Y,N
49,-122.407669630471,47.5724157517061,DISTRICT1,Golden Weeping Willow,47.0,48,Salix,Y,N
50,-122.366699155564,47.6898017904986,DISTRICT6,Western Red Cedar,75.0,27,Thuja,Y,N
51,-122.389007290804,47.5423384335734,DISTRICT1,White Oak,75.0,33,Quercus,Y,N
52,-122.361794971054,47.6590256926399,DISTRICT6,Bigleaf Maple,92.0,63,Acer,Y,N
53,-122.308937394481,47.6109932048857,DISTRICT3,Red Oak,60.0,55,Quercus,Y,N
54,-122.352828826476,47.6400236142413,DISTRICT7,Horse Chestnut,60.0,45,Aesculus,Y,N
55,-122.377555034484,47.67128382396,DISTRICT6,Giant Sequoia,95.0,76,Sequoiadendron,Y,N
56,-122.299278204109,47.5973864165918,DISTRICT3,(Sweet) Mazzard Cherry,73.0,30,Prunus,Y,N
57,-122.307695255899,47.5536371525113,DISTRICT2,Red Oak,80.0,54,Quercus,Y,N
58,-122.318166776635,47.620057701003,DISTRICT3,American (White) Elm,66.0,45,Ulmus,Y,N
59,-122.329010348866,47.6430962805377,DISTRICT4,Babylon Weeping Willow,39.0,28,Salix,Y,N
60,-122.328927152242,47.6430908422458,DISTRICT4,Babylon Weeping Willow,40.0,27,Salix,Y,N
61,-122.306859183837,47.6415891121131,DISTRICT3,Manzanita,30.0,20,Arctostaphylos,Y,N
62,-122.274286278477,47.6968529321074,DISTRICT5,Pacific Yew,26.0,18,Taxus,Y,N
63,-122.394547682901,47.637315260051,DISTRICT7,(Smooth) Japanese Maple,45.0,39,Acer,Y,N
64,-122.390277802877,47.6728386798468,DISTRICT6,London Plane (Tree),80.0,76,Platanus,Y,N
65,-122.309332724403,47.6702398583932,DISTRICT4,Tulip Tree,107.0,48,Liriodendron,Y,N
66,-122.382727193139,47.5532103630338,DISTRICT1,Chinese Fan (Windmill) Palm,35.0,9,Trachycarpus,Y,N
67,-122.352732871015,47.6899253494689,DISTRICT6,Deodar Cedar,85.0,48,Cedrus,Y,N
68,-122.274269411454,47.6968882905421,DISTRICT5,Pacific Yew,45.0,24,Taxus,Y,N
69,-122.342107734719,47.6190876858075,DISTRICT7,American (common) Persimmon,38.0,18,Diospyros,Y,N
70,-122.314786961432,47.6938586430121,DISTRICT5,Akebono Cherry,35.0,36,Prunus,Y,N
71,-122.328026303795,47.6745870510107,DISTRICT6,Western Red Cedar,92.0,64,Thuja,Y,N
72,-122.340252913671,47.7080379452459,DISTRICT5,Coast Redwood,131.0,56,Sequoia,Y,N
73,-122.372082685591,47.6792526902292,DISTRICT6,Yoshino Cherry,29.0,40,Prunus,Y,N
74,-122.384400150912,47.5785667332765,DISTRICT1,Red Oak,80.0,60,Quercus,Y,N
75,-122.367821676794,47.635200025355,DISTRICT7,Deodar Cedar,85.0,50,Cedrus,Y,N
76,-122.283294002219,47.6173944033343,DISTRICT3,European (Green) Beech,84.0,57,Fagus,Y,N
77,-122.396534773911,47.5161779528036,DISTRICT1,Wild Weeping (Higan) Cherry,25.0,35,Prunus,Y,N
78,-122.412578890053,47.6464020505414,DISTRICT7,Cork Oak,53.0,36,Quercus,Y,N
79,-122.293361026742,47.6324734146764,DISTRICT3,Katsura Tree,120.0,26,Cercidiphyllum,Y,N
80,-122.323062182294,47.7205244020828,DISTRICT5,Coulter Pine,73.0,38,Pinus,Y,N
81,-122.320817197827,47.624387633526,DISTRICT3,Flame Narrowleaf Ash,63.0,32,Fraxinus,Y,N
82,-122.311052060913,47.672421971439,DISTRICT4,Atlas Cedar,110.0,65,Cedrus,Y,N
83,-122.360699318001,47.5649445578345,DISTRICT1,Swedish Whitebeam,0.0,33,Sorbus,Y,N
84,-122.371550010377,47.7008071001637,DISTRICT6,Wild Weeping (Higan) Cherry,33.0,51,Prunus,Y,N
85,-122.366694467148,47.6897557529637,DISTRICT6,Western Red Cedar,60.0,32,Thuja,Y,N
86,-122.356547829546,47.6742179178923,DISTRICT6,Sawara Cypress,61.0,32,Chamaecyparis,Y,N
87,-122.332715121579,47.6539281124521,DISTRICT4,Silk Tree/Mimosa,50.0,32,Albizia,Y,N
88,-122.284724117711,47.5746246055459,DISTRICT2,Giant Sequoia,80.0,90,Sequoiadendron,Y,N
89,-122.300116076279,47.6074465255612,DISTRICT3,Durmast Oak,86.0,45,Quercus,Y,N
90,-122.336179937227,47.6878825738024,DISTRICT6,Ponderosa Pine,104.0,43,Pinus,Y,N
91,-122.368908684975,47.6859709777225,DISTRICT6,Red Oak,58.0,41,Quercus,Y,N
92,-122.29083251689,47.6280275069527,DISTRICT3,Horse Chestnut,59.0,52,Aesculus,Y,N
93,-122.338456333292,47.6545923388232,DISTRICT4,Apricot Tree,35.0,42,Prunus,Y,N
94,-122.311561779666,47.6705814160647,DISTRICT4,American (White) Elm,0.0,63,Ulmus,Y,N
95,-122.329048633528,47.6430969012681,DISTRICT4,Babylon Weeping Willow,39.0,30,Salix,Y,N
96,-122.287288212387,47.6849099086015,DISTRICT4,Scarlet Oak,98.0,67,Quercus,Y,N
97,-122.311375748937,47.6268105914413,DISTRICT3,Tulip Tree,92.0,46,Liriodendron,Y,N
98,-122.320231141407,47.6351110062496,DISTRICT3,Japanese Umbrella Pine,44.0,41,Sciadopitys,Y,N
99,-122.33604740572,47.688023839666,DISTRICT6,Giant Sequoia,120.0,90,Sequoiadendron,Y,N
100,-122.270354765212,47.5425966961924,DISTRICT2,Oregon White (Garry) Oak,78.0,51,Quercus,Y,N
101,-122.356993217793,47.6705774914982,DISTRICT6,Pacific Dogwood,0.0,55,Cornus,Y,N
102,-122.300081407411,47.6240912116082,DISTRICT3,Ponderosa Pine,85.0,41,Pinus,Y,N
103,-122.297357614387,47.6081667393299,DISTRICT3,Common (Fruiting) Pear Tree,33.0,32,Pyrus,Y,N
104,-122.315595769499,47.6575213609443,DISTRICT4,London Plane (Tree),77.0,78,Platanus,Y,N
105,-122.384898998359,47.5859878297544,DISTRICT1,White Oak,80.0,47,Quercus,Y,N
106,-122.352543924992,47.6629259291954,DISTRICT6,European Chestnut,47.0,73,Castanea,Y,N
107,-122.27017787222,47.6589115486449,DISTRICT4,Empress Tree,34.0,47,Paulownia,Y,N
108,-122.353583825972,47.6311871657931,DISTRICT7,Black Walnut,59.0,49,Juglans,Y,N
109,-122.308986730057,47.6096874001207,DISTRICT3,European (Green) Beech,0.0,49,Fagus,Y,N
110,-122.304908474669,47.6287612523496,DISTRICT3,Japanese Umbrella Pine,52.0,41,Sciadopitys,Y,N
111,-122.313615620236,47.6699397565686,DISTRICT4,Common (Fruiting) Pear Tree,57.0,29,Pyrus,Y,N
112,-122.287425937189,47.5769210678689,DISTRICT2,(Smooth) Japanese Maple,40.0,31,Acer,Y,N
113,-122.367833022352,47.6373010651426,DISTRICT7,Copper Beech,85.0,45,Fagus,Y,N
114,-122.312991429536,47.6926676825077,DISTRICT5,Western Red Cedar,99.0,58,Thuja,Y,N
115,-122.293636432202,47.6380433792838,DISTRICT3,Montezuma Pine,103.0,37,Pinus,Y,N
116,-122.30910485335,47.6870434408993,DISTRICT4,"China Fir, Cunninghamia",74.0,42,Cunninghamia,Y,N
117,-122.311309174168,47.6312508596044,DISTRICT3,Sugar Maple,0.0,45,Acer,Y,N
118,-122.309222937407,47.7255832453641,DISTRICT5,Oregon White (Garry) Oak,80.0,50,Quercus,Y,N
119,-122.408219804198,47.6459046570687,DISTRICT7,Giant Sequoia,95.0,117,Sequoiadendron,Y,N
120,-122.335901596316,47.6964382571116,DISTRICT5,Golden Weeping Willow,25.0,58,Salix,Y,N
121,-122.383289008276,47.5438722236749,DISTRICT1,Giant Sequoia,105.0,111,Sequoiadendron,Y,N
122,-122.320573296783,47.6439039855005,DISTRICT3,European White Elm,76.0,50,Ulmus,Y,N
123,-122.377604522575,47.5009316187729,DISTRICT1,Catalina Ironwood,45.0,23,Lyonothamnus,Y,N
124,-122.289359253014,47.6256976329159,DISTRICT3,Bigleaf Maple,80.0,59,Acer,Y,N
125,-122.355053896495,47.6360612832761,DISTRICT7,Western Hemlock,83.0,43,Tsuga,Y,N
126,-122.268395967588,47.5378789376836,DISTRICT2,Tulip Tree,95.0,51,Liriodendron,Y,N
127,-122.314386894646,47.6307929147137,DISTRICT3,Copper Beech,94.0,71,Fagus,Y,N
128,-122.388914017212,47.5423339699326,DISTRICT1,White Oak,75.0,30,Quercus,Y,N
129,-122.312142299195,47.6766931438684,DISTRICT4,Scarlet Oak,63.0,46,Quercus,Y,N
130,-122.311506690359,47.7084057723609,DISTRICT5,Pacific Dogwood,45.0,33,Cornus,Y,N
131,-122.354207764759,47.6793400496111,DISTRICT6,Higan (Spring) Cherry,29.0,40,Prunus,Y,N
132,-122.308449946376,47.6746236376082,DISTRICT4,English Elm,90.0,50,Ulmus,Y,N
133,-122.329102210594,47.6385296007958,DISTRICT4,English Midland Hawthorn,43.0,30,Crataegus,Y,N
134,-122.286647254059,47.6010090136048,DISTRICT3,Tulip Tree,106.0,52,Liriodendron,Y,N
135,-122.396791842306,47.6840407059092,DISTRICT6,Deodar Cedar,84.0,42,Cedrus,Y,N
136,-122.306422823963,47.6742595127482,DISTRICT4,Paper (Canoe) Birch,53.0,32,Betula,Y,N
137,-122.333849104913,47.6019476602963,DISTRICT7,London Plane (Tree),80.0,44,Platanus,Y,N
138,-122.275956441777,47.6595145174247,DISTRICT4,(Smooth) Japanese Maple,45.0,15,Acer,Y,N
139,-122.359486910231,47.6842880986633,DISTRICT6,Norway Spruce,91.0,31,Picea,Y,N
140,-122.313741855263,47.6244901243724,DISTRICT3,"Ginkgo, Maidenhair Tree",50.0,26,Ginkgo,Y,N
141,-122.387064533964,47.5718838505348,DISTRICT1,Shirotae Flowering Cherry,13.0,25,Prunus,Y,N
142,-122.387076688315,47.5718432203841,DISTRICT1,Shirotae Flowering Cherry,15.0,26,Prunus,Y,N
143,-122.285689825259,47.6696164541897,DISTRICT4,Monkey Puzzle,40.0,28,Araucaria,Y,N
144,-122.291610703071,47.6710702415872,DISTRICT4,Tulip Tree,84.0,32,Liriodendron,Y,N
145,-122.292469496064,47.6710835224943,DISTRICT4,Tulip Tree,84.0,32,Liriodendron,Y,N
146,-122.378225547073,47.7030663147867,DISTRICT6,Giant Sequoia,99.0,80,Sequoiadendron,Y,N
147,-122.37322147062,47.7180544319807,DISTRICT5,Chestnut Oak,70.0,34,Quercus,Y,N
148,-122.396117037056,47.5659768128896,DISTRICT1,American (White) Elm,68.0,56,Ulmus,Y,N
149,-122.367775162313,47.6414546324509,DISTRICT5,Cedar of Lebanon,80.0,40,Cedrus,Y,N
150,-122.259270837799,47.550927414204,DISTRICT2,Holm (Holly) Oak,35.0,26,Quercus,Y,N
151,-122.301376590198,47.6825843220437,DISTRICT4,Sitka Spruce,85.0,40,Picea,Y,N
152,-122.301603187334,47.6825704543257,DISTRICT4,English (Hedge) Maple,50.0,43,Acer,Y,N
153,-122.304197190156,47.6858497356519,DISTRICT4,Scarlet Oak,100.0,45,Quercus,Y,N
154,-122.304240021377,47.6858387106127,DISTRICT4,Red Oak,100.0,32,Quercus,Y,N
155,-122.304321653115,47.685863362916,DISTRICT4,Silk Tree/Mimosa,55.0,32,Albizia,Y,N
156,-122.390668012294,47.5617602509896,DISTRICT1,Giant Sequoia,124.0,88,Sequoiadendron,Y,N
157,-122.313701449294,47.6233189312007,DISTRICT3,(Sweet) Mazzard Cherry,60.0,48,Prunus,Y,N
158,-122.38647319745,47.6742084769787,DISTRICT6,Bigleaf Maple,85.0,63,Acer,Y,N
159,-122.36753335165,47.6311876391305,DISTRICT7,Copper Beech,71.0,60,Fagus,Y,N
160,-122.380451588974,47.6727044024589,DISTRICT6,Ponderosa Pine,90.0,51,Pinus,Y,N
161,-122.289975604236,47.6261041212679,DISTRICT3,(Smooth) Japanese Maple,35.0,18,Acer,Y,N
162,-122.29010335911,47.6676441327767,DISTRICT4,Wild Weeping (Higan) Cherry,24.0,30,Prunus,Y,N
163,-122.290094910695,47.6675918358187,DISTRICT4,Wild Weeping (Higan) Cherry,24.0,27,Prunus,Y,N
164,-122.302792228052,47.6280343231499,DISTRICT3,(Pacific) Madrona,70.0,56,Arbutus,Y,N
165,-122.299310917857,47.6308241577111,DISTRICT3,Yellowwood,79.0,26,Cladrastis,Y,N
166,-122.372675482447,47.6712843002697,DISTRICT6,Lombardy Poplar,122.0,77,Populus,Y,N
167,-122.372541135221,47.6712809507025,DISTRICT6,Lombardy Poplar,121.0,72,Populus,Y,N
168,-122.362048694688,47.7169966319113,DISTRICT5,Douglas Fir,125.0,48,Pseudotsuga,Y,N
169,-122.372103025844,47.6396615594367,DISTRICT7,(Pacific) Madrona,63.0,40,Arbutus,Y,N
170,-122.386720560528,47.5157343703429,DISTRICT1,Norway Maple,48.0,43,Acer,Y,N
171,-122.28778454729,47.6216737235236,DISTRICT3,Bigleaf Maple,110.0,63,Acer,Y,N
172,-122.287341566478,47.6215386876065,DISTRICT3,Bigleaf Maple,114.0,64,Acer,Y,N
173,-122.329306934454,47.6633699554685,DISTRICT4,"Persian Ironwood, Parrotia",30.0,12,Parrotia,Y,N
174,-122.329241863224,47.6632595351032,DISTRICT4,Coast Redwood,85.0,62,Sequoia,Y,N
175,-122.329423716796,47.6632652394662,DISTRICT4,Copper Beech,75.0,31,Fagus,Y,N
176,-122.329573737275,47.6633441956374,DISTRICT4,Copper Beech,75.0,26,Fagus,Y,N
177,-122.329626920544,47.6634230761831,DISTRICT4,Tanoak,25.0,15,Lithocarpus,Y,N
178,-122.329622368929,47.6634730406162,DISTRICT4,Scarlet Oak,75.0,36,Quercus,Y,N
179,-122.329626304824,47.6635404286886,DISTRICT4,Veitch Magnolia,35.0,17,Magnolia,Y,N
180,-122.329352098345,47.663517054054,DISTRICT4,Judas Tree,0.0,17,Cercis,Y,N
181,-122.329300157098,47.6634813192766,DISTRICT4,Dove Tree,0.0,7,Davidia,Y,N
182,-122.413301086495,47.6704887381887,DISTRICT7,Dawn Redwood,100.0,55,Metasequoia,Y,N
183,-122.339631639801,47.6878565846118,DISTRICT6,Dawn Redwood,77.0,30,Metasequoia,Y,N
184,-122.413292229015,47.6706031133454,DISTRICT7,Dawn Redwood,100.0,56,Metasequoia,Y,N
185,-122.314751101118,47.6744899167633,DISTRICT4,Western Red Cedar,88.0,55,Thuja,Y,N
186,-122.272057631444,47.5393266999883,DISTRICT2,Oregon White (Garry) Oak,75.0,44,Quercus,Y,N
187,-122.282351725242,47.7209389490147,DISTRICT5,Scarlet Oak,94.0,40,Quercus,Y,N
188,-122.282380241402,47.7208398824359,DISTRICT5,Scarlet Oak,93.0,26,Quercus,Y,N
189,-122.30499609366,47.6389163478589,DISTRICT3,English (Hedge) Maple,0.0,34,Acer,Y,N
190,-122.358545213545,47.5697621191441,DISTRICT1,Black Walnut,80.0,36,Juglans,Y,N
191,-122.269552972502,47.509603009414,DISTRICT2,Black Walnut,80.0,44,Juglans,Y,N
192,-122.389283300141,47.5640407114744,DISTRICT1,Western White Pine,73.0,47,Pinus,Y,N
193,-122.371292710487,47.6302594686796,DISTRICT7,Black Cottonwood,100.0,64,Populus,Y,N
194,-122.329609270265,47.6632607789172,DISTRICT4,Japanese Nutmeg-Tree,20.0,11,Torreya,Y,N
195,-122.413623884907,47.670616365135,DISTRICT7,China Fir,78.0,22,Cunninghamia,Y,N
196,-122.261395523018,47.6685350178691,DISTRICT4,California (Coast) Live Oak,65.0,46,Quercus,Y,N
197,-122.368804789248,47.6485083737943,DISTRICT7,Northern (Western) Catalpa,62.0,57,Catalpa,Y,N
198,-122.369312517087,47.7021000295831,DISTRICT6,Lombardy Poplar Grove,120.0,75,Populus,Y,N
199,-122.318639285323,47.5265516935997,DISTRICT1,"Ginkgo, Maidenhair Tree",53.0,35,Ginkgo,Y,N
200,-122.35686117521,47.7070377219402,DISTRICT5,Common Serviceberry,0.0,2,Amelanchier,Y,N
201,-122.356880125383,47.7074529131763,DISTRICT5,"Lawson Cypress, Port Orford Cedar",71.0,25,Chamaecyparis,Y,N
202,-122.370866467741,47.647168887146,DISTRICT7,Red Oak,65.0,50,Quercus,Y,N
203,-122.359223712888,47.6993352276237,DISTRICT6,Snow Gum,25.0,30,Eucalyptus,Y,N
204,-122.292825184153,47.5575665585467,DISTRICT2,Tulip Tree,90.0,42,Liriodendron,Y,N
205,-122.29281392473,47.5574572181601,DISTRICT2,Tulip Tree,120.0,46,Liriodendron,Y,N
206,-122.394384299767,47.6445335563891,DISTRICT7,Austrian Black Pine,67.0,62,Pinus,Y,N
207,-122.302533353607,47.6896677362778,DISTRICT4,Eastern White Pine,91.0,64,Pinus,Y,N
208,-122.363851391476,47.6749497879856,DISTRICT6,Golden Rain Tree,26.0,35,Koelreuteria,Y,N
209,-122.27846149108,47.6522611848497,DISTRICT4,Pin Oak,72.0,42,Quercus,Y,N
210,-122.278711698122,47.6522839987873,DISTRICT4,Pin Oak,72.0,58,Quercus,Y,N
211,-122.30132949977,47.5695373627774,DISTRICT2,Strawberry tree,25.0,25,Arbutus,Y,N
212,-122.380890363789,47.5210058247421,DISTRICT1,Western Red Cedar,103.0,66,Thuja,Y,N
213,-122.32042553096,47.6614264147978,DISTRICT4,Cork Oak,59.0,29,Quercus,Y,N
214,-122.325708210839,47.6270835206846,DISTRICT3,London Plane (Tree),73.0,66,Platanus,Y,N
215,-122.399683809411,47.6685626902357,DISTRICT6,Allee Lacebark Elm,0.0,2,Ulmus,Y,N
216,-122.356623257632,47.7065139959858,DISTRICT5,Deodar Cedar,79.0,64,Cedrus,Y,Y
217,-122.281142172528,47.7090827921733,DISTRICT5,(Smooth) Japanese Maple,25.0,25,Acer,Y,Y
218,-122.316496101936,47.6587234398576,DISTRICT4,(Smooth) Japanese Maple,25.0,35,Acer,Y,N
219,-122.304960447698,47.6416208971163,DISTRICT3,(Smooth) Japanese Maple,32.0,29,Acer,Y,N
220,-122.404827699547,47.6452307191165,DISTRICT7,Fern Leaf Beech,30.0,35,Fagus,Y,N
221,-122.268003398898,47.5492354004377,DISTRICT2,Red Oak,87.0,52,Quercus,Y,N
222,-122.268276613155,47.5489691789657,DISTRICT2,Net Leaf Oak,35.0,30,Quercus,Y,N
223,-122.345985256403,47.6792548964622,DISTRICT6,Maple,10.0,15,Acer,Y,Y
224,-122.308169309357,47.7305205413345,DISTRICT5,Black Walnut,102.0,67,Juglans,Y,Y
225,-122.361078767069,47.7082417379473,DISTRICT5,(Smooth) Japanese Maple,39.0,38,Acer,Y,Y
226,-122.285787013729,47.6209082344792,DISTRICT3,Yew,58.0,45,Taxus,Y,Y
227,-122.309182473327,47.5957414022505,DISTRICT3,Black Walnut,85.0,55,Juglans,Y,Y
228,-122.270110301342,47.560947434907,DISTRICT2,Grand (Giant) Fir,100.0,40,Abies,Y,Y
229,-122.371742044513,47.6851791954978,DISTRICT6,Western Red Cedar,64.0,72,Thuja,Y,Y
230,-122.381688269248,47.5580901287063,DISTRICT1,(Smooth) Japanese Maple,35.0,19,Acer,Y,N
231,-122.381649345587,47.5581384664923,DISTRICT1,(Smooth) Japanese Maple,25.0,24,Acer,Y,Y
232,-122.394910909156,47.5373702240034,DISTRICT1,Copper Beech,80.0,43,Fagus,Y,Y
233,-122.277029316883,47.5580937402637,DISTRICT2,Dogwood,0.0,2,Cornus,Y,N
234,-122.302204654582,47.6430559398733,DISTRICT3,Red Oak,74.0,61,Quercus,Y,Y
235,-122.268282175462,47.5492124588309,DISTRICT2,Sweetgum,56.0,26,Liquidambar,Y,N
236,-122.268058770631,47.5490929479356,DISTRICT2,Spanish Fir,67.0,23,Abies,Y,N
237,-122.397186790251,47.6735874137024,DISTRICT6,(Sweet) Mazzard Cherry,39.0,36,Prunus,Y,N
238,-122.343062876388,47.6558780214559,DISTRICT4,Coast Redwood,120.0,74,Sequoia,Y,N
239,-122.366762395025,47.6290523720544,DISTRICT7,Columnar English Oak,80.0,31,Quercus,Y,N
240,-122.277835557235,47.6590193468162,DISTRICT4,Kousa Dogwood,31.0,31,Cornus,Y,Y
241,-122.325367910357,47.6104615077704,DISTRICT3,Schwedler Norway Maple,69.0,40,Acer,Y,Y
242,-122.377542440121,47.5493832165237,DISTRICT1,(Smooth) Japanese Maple,10.0,13,Acer,Y,N
243,-122.389764959126,47.5448132170707,DISTRICT1,(European) White Birch,71.0,35,Betula,Y,N
244,-122.373568947035,47.7068652953827,DISTRICT6,Bigleaf Maple,80.0,60,Acer,Y,N
245,-122.361402646414,47.7035961458361,DISTRICT6,Coast Redwood,0.0,47,Sequoia,Y,Y
246,-122.286379748374,47.7176888753635,DISTRICT5,Dawn Redwood,0.0,29,Metasequoia,Y,N
247,-122.306412817964,47.7016088089276,DISTRICT5,American Sycamore,0.0,41,Platanus,Y,Y
248,-122.315280498067,47.6387171280396,DISTRICT3,Laceleaf Maple,0.0,11,Acer,Y,N
249,-122.289014160384,47.6164069969896,DISTRICT3,"Ginkgo, Maidenhair Tree",0.0,23,Ginkgo,Y,Y
250,-122.381935164795,47.5719323100411,DISTRICT1,Red Oak,0.0,53,Quercus,Y,Y
251,-122.384147012484,47.553365047369,DISTRICT1,"Lawson Cypress, Port Orford Cedar",0.0,47,Chamaecyparis,Y,N
252,-122.275686433495,47.5259884844544,DISTRICT2,Oregon White (Garry) Oak,0.0,42,Quercus,Y,Y
253,-122.261342966697,47.5159177734175,DISTRICT2,Frisia Black Locust,0.0,36,Robinia,Y,N
254,-122.27339057294,47.6605174800717,DISTRICT4,Scarlet Oak,0.0,54,Quercus,Y,N
255,-122.282902022938,47.6582821635496,DISTRICT4,English Oak,0.0,29,Quercus,Y,Y
256,-122.325742347066,47.6106449281242,DISTRICT3,Sycamore Maple,0.0,51,Acer,Y,N
257,-122.392479857515,47.5247923190082,DISTRICT1,Saucer Magnolia,0.0,2,Magnolia,Y,N
258,-122.359523860655,47.6267941668133,DISTRICT7,American Sycamore,0.0,63,Platanus,N,Y
259,-122.338972565026,47.6642468094192,DISTRICT4,European Chestnut,36.0,55,Castanea,Y,Y
260,-122.38046505855,47.5490377191121,DISTRICT1,Western Red Cedar,0.0,42,Thuja,N,Y
261,-122.28315227488,47.618091827437,DISTRICT3,Scarlet Oak,0.0,36,Quercus,N,Y
262,-122.283065659754,47.617886901501,DISTRICT3,Sweetgum,0.0,35,Liquidambar,N,Y
263,-122.322799606448,47.5267770195338,DISTRICT1,London Plane (Tree),0.0,39,Platanus,N,Y
264,-122.329555621305,47.6413011731343,DISTRICT4,Black Willow,0.0,41,Salix,N,Y
265,-122.280963517375,47.5347768945317,DISTRICT2,American Sycamore,0.0,45,Platanus,N,Y
266,-122.359927376608,47.6370711327382,DISTRICT7,Paper (Canoe) Birch,0.0,38,Betula,N,Y
267,-122.359801564376,47.6371210785312,DISTRICT7,Hawthorn,0.0,9,Crataegus,N,Y
268,-122.360154832222,47.6371208294315,DISTRICT7,Callery Pear,0.0,10,Pyrus,N,Y
269,-122.360097935722,47.6371220620867,DISTRICT7,Callery Pear,0.0,9,Pyrus,N,Y
270,-122.356623257632,47.7065139959858,DISTRICT5,Deodar Cedar,79.0,64,Cedrus,Y,Y
271,-122.281142172528,47.7090827921733,DISTRICT5,(Smooth) Japanese Maple,25.0,25,Acer,Y,Y
272,-122.345985256403,47.6792548964622,DISTRICT6,Maple,10.0,15,Acer,Y,Y
273,-122.308169309357,47.7305205413345,DISTRICT5,Black Walnut,102.0,67,Juglans,Y,Y
274,-122.361078767069,47.7082417379473,DISTRICT5,(Smooth) Japanese Maple,39.0,38,Acer,Y,Y
275,-122.285787013729,47.6209082344792,DISTRICT3,Yew,58.0,45,Taxus,Y,Y
276,-122.309182473327,47.5957414022505,DISTRICT3,Black Walnut,85.0,55,Juglans,Y,Y
277,-122.270110301342,47.560947434907,DISTRICT2,Grand (Giant) Fir,100.0,40,Abies,Y,Y
278,-122.371742044513,47.6851791954978,DISTRICT6,Western Red Cedar,64.0,72,Thuja,Y,Y
279,-122.381649345587,47.5581384664923,DISTRICT1,(Smooth) Japanese Maple,25.0,24,Acer,Y,Y
280,-122.394910909156,47.5373702240034,DISTRICT1,Copper Beech,80.0,43,Fagus,Y,Y
281,-122.305971045617,47.7287995386683,DISTRICT5,Douglas Fir,0.0,35,Pseudotsuga,N,Y
282,-122.302204654582,47.6430559398733,DISTRICT3,Red Oak,74.0,61,Quercus,Y,Y
283,-122.277835557235,47.6590193468162,DISTRICT4,Kousa Dogwood,31.0,31,Cornus,Y,Y
284,-122.325367910357,47.6104615077704,DISTRICT3,Schwedler Norway Maple,69.0,40,Acer,Y,Y
285,-122.262253500317,47.5509925987956,DISTRICT2,London Plane (Tree),0.0,46,Platanus,N,Y
286,-122.361402646414,47.7035961458361,DISTRICT6,Coast Redwood,0.0,47,Sequoia,Y,Y
287,-122.306412817964,47.7016088089276,DISTRICT5,American Sycamore,0.0,41,Platanus,Y,Y
288,-122.289014160384,47.6164069969896,DISTRICT3,"Ginkgo, Maidenhair Tree",0.0,23,Ginkgo,Y,Y
289,-122.381935164795,47.5719323100411,DISTRICT1,Red Oak,0.0,53,Quercus,Y,Y
290,-122.275686433495,47.5259884844544,DISTRICT2,Oregon White (Garry) Oak,0.0,42,Quercus,Y,Y
291,-122.282902022938,47.6582821635496,DISTRICT4,English Oak,0.0,29,Quercus,Y,Y
292,-122.337739370168,47.6265920295122,DISTRICT3,Laceleaf Maple,6.0,7,Acer,Y,N
293,-122.399420393147,47.6592693026232,DISTRICT7,Coast Redwood,99.0,52,Sequoia,Y,N
294,-122.333986100758,47.6018935141919,DISTRICT7,London Plane (Tree),80.0,43,Platanus,N,N
295,-122.338972565026,47.6642468094192,DISTRICT4,European Chestnut,36.0,55,Castanea,Y,Y
296,-122.380763349496,47.6745048612825,DISTRICT6,Silver (Silverleaf) Maple,65.0,44,Acer,Y,N
297,-122.374175738821,47.685163901364,DISTRICT6,Black Locust,47.0,46,Robinia,Y,N
298,-122.308776597008,47.5719790403501,DISTRICT2,"Ginkgo, Maidenhair Tree",60.0,28,Ginkgo,Y,N
299,-122.283278836414,47.6220437628474,DISTRICT3,(European) White Birch,55.0,17,Betula,N,N
300,-122.305809865011,47.6090964754587,DISTRICT3,American Hornbeam,8.0,1,Carpinus,N,N
301,-122.284200733038,47.611902365634,DISTRICT3,Giant Sequoia,148.0,100,Sequoiadendron,Y,N
302,-122.313812301371,47.5672895542912,DISTRICT2,Purple Prince Crabapple,2.0,0,Malus,N,N
303,-122.315213013552,47.5706915484646,DISTRICT2,State Street Maple,2.0,5,Acer,N,N
304,-122.309954835135,47.6877492597102,DISTRICT4,Autumn Brilliance Serviceberry,2.0,3,Amelanchier,N,N
305,-122.381328321314,47.5585444704579,DISTRICT1,Maple,2.0,0,Acer,N,N
306,-122.322214514238,47.6128161245473,DISTRICT3,"Ginkgo, Maidenhair Tree",2.0,2,Ginkgo,N,N
307,-122.304105923589,47.5868101341318,DISTRICT3,Italian Oak,2.0,0,Quercus,N,N
308,-122.348509872909,47.6132916985363,DISTRICT7,Princeton Sentry Ginkgo,2.0,5,Ginkgo,N,N
309,-122.366698784452,47.6898456472097,DISTRICT6,Western Red Cedar,80.0,35,Thuja,Y,N
310,-122.275573041256,47.654404180778,DISTRICT4,"Lawson Cypress, Port Orford Cedar",80.0,35,Chamaecyparis,Y,N
311,-122.345612471915,47.7143304363987,DISTRICT5,American (White) Elm,84.0,36,Ulmus,Y,N
312,-122.29003799453,47.6651121703827,DISTRICT4,(Pacific) Madrona,58.0,50,Arbutus,Y,N
313,-122.303081413075,47.6386984142131,DISTRICT3,London Plane (Tree),73.0,59,Platanus,Y,N
314,-122.263295722231,47.5080325497172,DISTRICT2,Giant Sequoia,136.0,93,Sequoiadendron,Y,N
315,-122.308198578645,47.5734134227645,DISTRICT2,Western White Pine,85.0,44,Pinus,Y,N
316,-122.324399951581,47.6257359374244,DISTRICT3,Oregon White (Garry) Oak,67.0,47,Quercus,Y,N
317,-122.28708954201,47.6311720295541,DISTRICT3,Oregon White (Garry) Oak,58.0,48,Quercus,Y,N
318,-122.39737910412,47.6837973941068,DISTRICT6,"Ginkgo, Maidenhair Tree",61.0,29,Ginkgo,Y,N
319,-122.384322479745,47.5884439096086,DISTRICT1,Tulip Tree,81.0,59,Liriodendron,Y,N
320,-122.359793100289,47.7042562132473,DISTRICT6,Common (Japanese) Zelkova,39.0,32,Zelkova,Y,N
321,-122.288004551492,47.6272550560322,DISTRICT3,Weeping Beech,59.0,20,Fagus,Y,N
322,-122.379406766798,47.6737226751054,DISTRICT6,Bigleaf Maple,86.0,92,Acer,Y,N
323,-122.401830822703,47.6428025106367,DISTRICT7,Common (Euro) Mountain Ash,45.0,38,Sorbus,Y,N
324,-122.406763715165,47.6476970786234,DISTRICT7,Copper Beech,73.0,42,Fagus,Y,N
325,-122.282270225828,47.7063467403794,DISTRICT5,Western Red Cedar,90.0,87,Thuja,Y,N
326,-122.4020322129,47.5693211832081,DISTRICT1,Douglas Fir,99.0,40,Pseudotsuga,Y,N
327,-122.265609844266,47.681479703226,DISTRICT4,(Smooth) Japanese Maple,26.0,35,Acer,Y,N
328,-122.314753420177,47.6947466129107,DISTRICT5,Western White Pine,85.0,39,Pinus,Y,N
329,-122.304596807229,47.6305160171196,DISTRICT3,Coast Redwood,114.0,98,Sequoia,Y,N
330,-122.319939338934,47.6186470511565,DISTRICT3,Chinese Scholar Tree,68.0,40,Sophora,Y,N
331,-122.328920925777,47.6431109474263,DISTRICT4,Lombardy Poplar,108.0,81,Populus,Y,N
332,-122.335032811282,47.6875531423689,DISTRICT6,English Walnut,48.0,25,Juglans,Y,N
333,-122.295027030592,47.6394816109759,DISTRICT3,Oregon Crab Apple,45.0,29,Malus,Y,N
334,-122.390290301341,47.6730205982275,DISTRICT6,London Plane (Tree),64.0,75,Platanus,Y,N
335,-122.356545887425,47.6742530889374,DISTRICT6,Sawara Cypress,60.0,30,Chamaecyparis,Y,N
336,-122.293634105304,47.5758068705823,DISTRICT2,Coast Redwood,133.0,77,Sequoia,Y,N
337,-122.371647581409,47.5744628368319,DISTRICT1,Western Red Cedar,63.0,66,Thuja,Y,N
338,-122.301285355986,47.633004039818,DISTRICT3,Ponderosa Pine,145.0,45,Pinus,Y,N
339,-122.303061935495,47.6386457394164,DISTRICT3,London Plane (Tree),72.0,55,Platanus,Y,N
340,-122.310064172826,47.6249541213293,DISTRICT3,Sugar Maple,90.0,54,Acer,Y,N
341,-122.250624842306,47.5601476388594,DISTRICT2,Douglas Fir,125.0,70,Pseudotsuga,Y,N
342,-122.266826260585,47.5125342969589,DISTRICT2,Grand (Giant) Fir,143.0,58,Abies,Y,N
343,-122.349986947808,47.5299966679131,DISTRICT1,Common (Fruiting) Pear Tree,39.0,24,Pyrus,Y,N
344,-122.407669630471,47.5724157517061,DISTRICT1,Golden Weeping Willow,47.0,48,Salix,Y,N
345,-122.366699155564,47.6898017904986,DISTRICT6,Western Red Cedar,75.0,27,Thuja,Y,N
346,-122.389007290804,47.5423384335734,DISTRICT1,White Oak,75.0,33,Quercus,Y,N
347,-122.361794971054,47.6590256926399,DISTRICT6,Bigleaf Maple,92.0,63,Acer,Y,N
348,-122.308937394481,47.6109932048857,DISTRICT3,Red Oak,60.0,55,Quercus,Y,N
349,-122.352828826476,47.6400236142413,DISTRICT7,Horse Chestnut,60.0,45,Aesculus,Y,N
350,-122.377555034484,47.67128382396,DISTRICT6,Giant Sequoia,95.0,76,Sequoiadendron,Y,N
351,-122.299278204109,47.5973864165918,DISTRICT3,(Sweet) Mazzard Cherry,73.0,30,Prunus,Y,N
352,-122.307695255899,47.5536371525113,DISTRICT2,Red Oak,80.0,54,Quercus,Y,N
353,-122.318166776635,47.620057701003,DISTRICT3,American (White) Elm,66.0,45,Ulmus,Y,N
354,-122.329010348866,47.6430962805377,DISTRICT4,Babylon Weeping Willow,39.0,28,Salix,Y,N
355,-122.328927152242,47.6430908422458,DISTRICT4,Babylon Weeping Willow,40.0,27,Salix,Y,N
356,-122.306859183837,47.6415891121131,DISTRICT3,Manzanita,30.0,20,Arctostaphylos,Y,N
357,-122.274286278477,47.6968529321074,DISTRICT5,Pacific Yew,26.0,18,Taxus,Y,N
358,-122.394547682901,47.637315260051,DISTRICT7,(Smooth) Japanese Maple,45.0,39,Acer,Y,N
359,-122.390277802877,47.6728386798468,DISTRICT6,London Plane (Tree),80.0,76,Platanus,Y,N
360,-122.309332724403,47.6702398583932,DISTRICT4,Tulip Tree,107.0,48,Liriodendron,Y,N
361,-122.382727193139,47.5532103630338,DISTRICT1,Chinese Fan (Windmill) Palm,35.0,9,Trachycarpus,Y,N
362,-122.352732871015,47.6899253494689,DISTRICT6,Deodar Cedar,85.0,48,Cedrus,Y,N
363,-122.274269411454,47.6968882905421,DISTRICT5,Pacific Yew,45.0,24,Taxus,Y,N
364,-122.342107734719,47.6190876858075,DISTRICT7,American (common) Persimmon,38.0,18,Diospyros,Y,N
365,-122.314786961432,47.6938586430121,DISTRICT5,Akebono Cherry,35.0,36,Prunus,Y,N
366,-122.328026303795,47.6745870510107,DISTRICT6,Western Red Cedar,92.0,64,Thuja,Y,N
367,-122.340252913671,47.7080379452459,DISTRICT5,Coast Redwood,131.0,56,Sequoia,Y,N
368,-122.372082685591,47.6792526902292,DISTRICT6,Yoshino Cherry,29.0,40,Prunus,Y,N
369,-122.384400150912,47.5785667332765,DISTRICT1,Red Oak,80.0,60,Quercus,Y,N
370,-122.367821676794,47.635200025355,DISTRICT7,Deodar Cedar,85.0,50,Cedrus,Y,N
371,-122.283294002219,47.6173944033343,DISTRICT3,European (Green) Beech,84.0,57,Fagus,Y,N
372,-122.396534773911,47.5161779528036,DISTRICT1,Wild Weeping (Higan) Cherry,25.0,35,Prunus,Y,N
373,-122.412578890053,47.6464020505414,DISTRICT7,Cork Oak,53.0,36,Quercus,Y,N
374,-122.293361026742,47.6324734146764,DISTRICT3,Katsura Tree,120.0,26,Cercidiphyllum,Y,N
375,-122.323062182294,47.7205244020828,DISTRICT5,Coulter Pine,73.0,38,Pinus,Y,N
376,-122.320817197827,47.624387633526,DISTRICT3,Flame Narrowleaf Ash,63.0,32,Fraxinus,Y,N
377,-122.311052060913,47.672421971439,DISTRICT4,Atlas Cedar,110.0,65,Cedrus,Y,N
378,-122.371550010377,47.7008071001637,DISTRICT6,Wild Weeping (Higan) Cherry,33.0,51,Prunus,Y,N
379,-122.366694467148,47.6897557529637,DISTRICT6,Western Red Cedar,60.0,32,Thuja,Y,N
380,-122.356547829546,47.6742179178923,DISTRICT6,Sawara Cypress,61.0,32,Chamaecyparis,Y,N
381,-122.332715121579,47.6539281124521,DISTRICT4,Silk Tree/Mimosa,50.0,32,Albizia,Y,N
382,-122.284724117711,47.5746246055459,DISTRICT2,Giant Sequoia,80.0,90,Sequoiadendron,Y,N
383,-122.300116076279,47.6074465255612,DISTRICT3,Durmast Oak,86.0,45,Quercus,Y,N
384,-122.336179937227,47.6878825738024,DISTRICT6,Ponderosa Pine,104.0,43,Pinus,Y,N
385,-122.368908684975,47.6859709777225,DISTRICT6,Red Oak,58.0,41,Quercus,Y,N
386,-122.29083251689,47.6280275069527,DISTRICT3,Horse Chestnut,59.0,52,Aesculus,Y,N
387,-122.338456333292,47.6545923388232,DISTRICT4,Apricot Tree,35.0,42,Prunus,Y,N
388,-122.329048633528,47.6430969012681,DISTRICT4,Babylon Weeping Willow,39.0,30,Salix,Y,N
389,-122.287288212387,47.6849099086015,DISTRICT4,Scarlet Oak,98.0,67,Quercus,Y,N
390,-122.311375748937,47.6268105914413,DISTRICT3,Tulip Tree,92.0,46,Liriodendron,Y,N
391,-122.320231141407,47.6351110062496,DISTRICT3,Japanese Umbrella Pine,44.0,41,Sciadopitys,Y,N
392,-122.33604740572,47.688023839666,DISTRICT6,Giant Sequoia,120.0,90,Sequoiadendron,Y,N
393,-122.270354765212,47.5425966961924,DISTRICT2,Oregon White (Garry) Oak,78.0,51,Quercus,Y,N
394,-122.300081407411,47.6240912116082,DISTRICT3,Ponderosa Pine,85.0,41,Pinus,Y,N
395,-122.297357614387,47.6081667393299,DISTRICT3,Common (Fruiting) Pear Tree,33.0,32,Pyrus,Y,N
396,-122.315595769499,47.6575213609443,DISTRICT4,London Plane (Tree),77.0,78,Platanus,Y,N
397,-122.384898998359,47.5859878297544,DISTRICT1,White Oak,80.0,47,Quercus,Y,N
398,-122.352543924992,47.6629259291954,DISTRICT6,European Chestnut,47.0,73,Castanea,Y,N
399,-122.27017787222,47.6589115486449,DISTRICT4,Empress Tree,34.0,47,Paulownia,Y,N
400,-122.353583825972,47.6311871657931,DISTRICT7,Black Walnut,59.0,49,Juglans,Y,N
401,-122.304908474669,47.6287612523496,DISTRICT3,Japanese Umbrella Pine,52.0,41,Sciadopitys,Y,N
402,-122.313615620236,47.6699397565686,DISTRICT4,Common (Fruiting) Pear Tree,57.0,29,Pyrus,Y,N
403,-122.287425937189,47.5769210678689,DISTRICT2,(Smooth) Japanese Maple,40.0,31,Acer,Y,N
404,-122.367833022352,47.6373010651426,DISTRICT7,Copper Beech,85.0,45,Fagus,Y,N
405,-122.312991429536,47.6926676825077,DISTRICT5,Western Red Cedar,99.0,58,Thuja,Y,N
406,-122.293636432202,47.6380433792838,DISTRICT3,Montezuma Pine,103.0,37,Pinus,Y,N
407,-122.30910485335,47.6870434408993,DISTRICT4,"China Fir, Cunninghamia",74.0,42,Cunninghamia,Y,N
408,-122.309222937407,47.7255832453641,DISTRICT5,Oregon White (Garry) Oak,80.0,50,Quercus,Y,N
409,-122.408219804198,47.6459046570687,DISTRICT7,Giant Sequoia,95.0,117,Sequoiadendron,Y,N
410,-122.335901596316,47.6964382571116,DISTRICT5,Golden Weeping Willow,25.0,58,Salix,Y,N
411,-122.383289008276,47.5438722236749,DISTRICT1,Giant Sequoia,105.0,111,Sequoiadendron,Y,N
412,-122.320573296783,47.6439039855005,DISTRICT3,European White Elm,76.0,50,Ulmus,Y,N
413,-122.377604522575,47.5009316187729,DISTRICT1,Catalina Ironwood,45.0,23,Lyonothamnus,Y,N
414,-122.289359253014,47.6256976329159,DISTRICT3,Bigleaf Maple,80.0,59,Acer,Y,N
415,-122.355053896495,47.6360612832761,DISTRICT7,Western Hemlock,83.0,43,Tsuga,Y,N
416,-122.268395967588,47.5378789376836,DISTRICT2,Tulip Tree,95.0,51,Liriodendron,Y,N
417,-122.314386894646,47.6307929147137,DISTRICT3,Copper Beech,94.0,71,Fagus,Y,N
418,-122.328532987298,47.6722406211375,DISTRICT6,Apple/Crabapple,2.0,0,Malus,N,N
419,-122.388914017212,47.5423339699326,DISTRICT1,White Oak,75.0,30,Quercus,Y,N
420,-122.402472723779,47.5703285609167,DISTRICT1,Purpleleaf Plum variety,2.0,0,Prunus,N,N
421,-122.292900939802,47.5854320341884,DISTRICT3,Adirondack Crabapple,2.0,0,Malus,N,N
422,-122.378547931307,47.5368752712127,DISTRICT1,Golden Raindrops Crabapple,2.0,0,Malus,N,N
423,-122.384650064093,47.6700432445796,DISTRICT6,Tulip Tree,3.0,7,Liriodendron,N,N
424,-122.304710859555,47.6480253680733,DISTRICT4,Armstrong Freeman (Red) Maple,19.0,11,Acer,N,N
425,-122.333045591554,47.612837109474,DISTRICT7,Bowhall Maple,1.0,10,Acer,N,N
426,-122.309946886161,47.5527374254284,DISTRICT2,Metro Gold Maple (Hedge),2.0,0,Acer,N,N
427,-122.312142299195,47.6766931438684,DISTRICT4,Scarlet Oak,63.0,46,Quercus,Y,N
428,-122.307979662063,47.6894594376902,DISTRICT4,Maple,2.0,10,Acer,N,N
429,-122.311506690359,47.7084057723609,DISTRICT5,Pacific Dogwood,45.0,33,Cornus,Y,N
430,-122.354207764759,47.6793400496111,DISTRICT6,Higan (Spring) Cherry,29.0,40,Prunus,Y,N
431,-122.308449946376,47.6746236376082,DISTRICT4,English Elm,90.0,50,Ulmus,Y,N
432,-122.329102210594,47.6385296007958,DISTRICT4,English Midland Hawthorn,43.0,30,Crataegus,Y,N
433,-122.286647254059,47.6010090136048,DISTRICT3,Tulip Tree,106.0,52,Liriodendron,Y,N
434,-122.396791842306,47.6840407059092,DISTRICT6,Deodar Cedar,84.0,42,Cedrus,Y,N
435,-122.306422823963,47.6742595127482,DISTRICT4,Paper (Canoe) Birch,53.0,32,Betula,Y,N
436,-122.333849104913,47.6019476602963,DISTRICT7,London Plane (Tree),80.0,44,Platanus,Y,N
437,-122.275956441777,47.6595145174247,DISTRICT4,(Smooth) Japanese Maple,45.0,15,Acer,Y,N
438,-122.359486910231,47.6842880986633,DISTRICT6,Norway Spruce,91.0,31,Picea,Y,N
439,-122.313741855263,47.6244901243724,DISTRICT3,"Ginkgo, Maidenhair Tree",50.0,26,Ginkgo,Y,N
440,-122.387064533964,47.5718838505348,DISTRICT1,Shirotae Flowering Cherry,13.0,25,Prunus,Y,N
441,-122.387076688315,47.5718432203841,DISTRICT1,Shirotae Flowering Cherry,15.0,26,Prunus,Y,N
442,-122.285689825259,47.6696164541897,DISTRICT4,Monkey Puzzle,40.0,28,Araucaria,Y,N
443,-122.291610703071,47.6710702415872,DISTRICT4,Tulip Tree,84.0,32,Liriodendron,Y,N
444,-122.292469496064,47.6710835224943,DISTRICT4,Tulip Tree,84.0,32,Liriodendron,Y,N
445,-122.378225547073,47.7030663147867,DISTRICT6,Giant Sequoia,99.0,80,Sequoiadendron,Y,N
446,-122.37322147062,47.7180544319807,DISTRICT5,Chestnut Oak,70.0,34,Quercus,Y,N
447,-122.396117037056,47.5659768128896,DISTRICT1,American (White) Elm,68.0,56,Ulmus,Y,N
448,-122.367775162313,47.6414546324509,DISTRICT5,Cedar of Lebanon,80.0,40,Cedrus,Y,N
449,-122.259270837799,47.550927414204,DISTRICT2,Holm (Holly) Oak,35.0,26,Quercus,Y,N
450,-122.301376590198,47.6825843220437,DISTRICT4,Sitka Spruce,85.0,40,Picea,Y,N
451,-122.301603187334,47.6825704543257,DISTRICT4,English (Hedge) Maple,50.0,43,Acer,Y,N
452,-122.304197190156,47.6858497356519,DISTRICT4,Scarlet Oak,100.0,45,Quercus,Y,N
453,-122.304240021377,47.6858387106127,DISTRICT4,Red Oak,100.0,32,Quercus,Y,N
454,-122.304321653115,47.685863362916,DISTRICT4,Silk Tree/Mimosa,55.0,32,Albizia,Y,N
455,-122.390668012294,47.5617602509896,DISTRICT1,Giant Sequoia,124.0,88,Sequoiadendron,Y,N
456,-122.313701449294,47.6233189312007,DISTRICT3,(Sweet) Mazzard Cherry,60.0,48,Prunus,Y,N
457,-122.38647319745,47.6742084769787,DISTRICT6,Bigleaf Maple,85.0,63,Acer,Y,N
458,-122.36753335165,47.6311876391305,DISTRICT7,Copper Beech,71.0,60,Fagus,Y,N
459,-122.380451588974,47.6727044024589,DISTRICT6,Ponderosa Pine,90.0,51,Pinus,Y,N
460,-122.289975604236,47.6261041212679,DISTRICT3,(Smooth) Japanese Maple,35.0,18,Acer,Y,N
461,-122.29010335911,47.6676441327767,DISTRICT4,Wild Weeping (Higan) Cherry,24.0,30,Prunus,Y,N
462,-122.290094910695,47.6675918358187,DISTRICT4,Wild Weeping (Higan) Cherry,24.0,27,Prunus,Y,N
463,-122.302792228052,47.6280343231499,DISTRICT3,(Pacific) Madrona,70.0,56,Arbutus,Y,N
464,-122.299310917857,47.6308241577111,DISTRICT3,Yellowwood,79.0,26,Cladrastis,Y,N
465,-122.372675482447,47.6712843002697,DISTRICT6,Lombardy Poplar,122.0,77,Populus,Y,N
466,-122.372541135221,47.6712809507025,DISTRICT6,Lombardy Poplar,121.0,72,Populus,Y,N
467,-122.362048694688,47.7169966319113,DISTRICT5,Douglas Fir,125.0,48,Pseudotsuga,Y,N
468,-122.372103025844,47.6396615594367,DISTRICT7,(Pacific) Madrona,63.0,40,Arbutus,Y,N
469,-122.386720560528,47.5157343703429,DISTRICT1,Norway Maple,48.0,43,Acer,Y,N
470,-122.28778454729,47.6216737235236,DISTRICT3,Bigleaf Maple,110.0,63,Acer,Y,N
471,-122.287341566478,47.6215386876065,DISTRICT3,Bigleaf Maple,114.0,64,Acer,Y,N
472,-122.329306934454,47.6633699554685,DISTRICT4,"Persian Ironwood, Parrotia",30.0,12,Parrotia,Y,N
473,-122.329241863224,47.6632595351032,DISTRICT4,Coast Redwood,85.0,62,Sequoia,Y,N
474,-122.329423716796,47.6632652394662,DISTRICT4,Copper Beech,75.0,31,Fagus,Y,N
475,-122.329573737275,47.6633441956374,DISTRICT4,Copper Beech,75.0,26,Fagus,Y,N
476,-122.329626920544,47.6634230761831,DISTRICT4,Tanoak,25.0,15,Lithocarpus,Y,N
477,-122.329622368929,47.6634730406162,DISTRICT4,Scarlet Oak,75.0,36,Quercus,Y,N
478,-122.329626304824,47.6635404286886,DISTRICT4,Veitch Magnolia,35.0,17,Magnolia,Y,N
479,-122.413301086495,47.6704887381887,DISTRICT7,Dawn Redwood,100.0,55,Metasequoia,Y,N
480,-122.339631639801,47.6878565846118,DISTRICT6,Dawn Redwood,77.0,30,Metasequoia,Y,N
481,-122.413292229015,47.6706031133454,DISTRICT7,Dawn Redwood,100.0,56,Metasequoia,Y,N
482,-122.314751101118,47.6744899167633,DISTRICT4,Western Red Cedar,88.0,55,Thuja,Y,N
483,-122.272057631444,47.5393266999883,DISTRICT2,Oregon White (Garry) Oak,75.0,44,Quercus,Y,N
484,-122.282351725242,47.7209389490147,DISTRICT5,Scarlet Oak,94.0,40,Quercus,Y,N
485,-122.282380241402,47.7208398824359,DISTRICT5,Scarlet Oak,93.0,26,Quercus,Y,N
486,-122.358545213545,47.5697621191441,DISTRICT1,Black Walnut,80.0,36,Juglans,Y,N
487,-122.269552972502,47.509603009414,DISTRICT2,Black Walnut,80.0,44,Juglans,Y,N
488,-122.389283300141,47.5640407114744,DISTRICT1,Western White Pine,73.0,47,Pinus,Y,N
489,-122.371292710487,47.6302594686796,DISTRICT7,Black Cottonwood,100.0,64,Populus,Y,N
490,-122.329609270265,47.6632607789172,DISTRICT4,Japanese Nutmeg-Tree,20.0,11,Torreya,Y,N
491,-122.413623884907,47.670616365135,DISTRICT7,China Fir,78.0,22,Cunninghamia,Y,N
492,-122.261395523018,47.6685350178691,DISTRICT4,California (Coast) Live Oak,65.0,46,Quercus,Y,N
493,-122.390576905025,47.5797375656797,DISTRICT1,Espresso Kentucky Coffee Tree,10.0,2,Gymnocladus,N,N
494,-122.390709730329,47.5810856705121,DISTRICT1,Espresso Kentucky Coffee Tree,10.0,2,Gymnocladus,N,N
495,-122.390712799201,47.5807129411654,DISTRICT1,Espresso Kentucky Coffee Tree,10.0,2,Gymnocladus,N,N
496,-122.389427152812,47.578172597399,DISTRICT1,Espresso Kentucky Coffee Tree,10.0,2,Gymnocladus,N,N
497,-122.390624309793,47.5783486499845,DISTRICT1,Espresso Kentucky Coffee Tree,10.0,2,Gymnocladus,N,N
498,-122.368804789248,47.6485083737943,DISTRICT7,Northern (Western) Catalpa,62.0,57,Catalpa,Y,N
499,-122.369312517087,47.7021000295831,DISTRICT6,Lombardy Poplar Grove,120.0,75,Populus,Y,N
500,-122.318639285323,47.5265516935997,DISTRICT1,"Ginkgo, Maidenhair Tree",53.0,35,Ginkgo,Y,N
501,-122.356880125383,47.7074529131763,DISTRICT5,"Lawson Cypress, Port Orford Cedar",71.0,25,Chamaecyparis,Y,N
502,-122.370866467741,47.647168887146,DISTRICT7,Red Oak,65.0,50,Quercus,Y,N
503,-122.359223712888,47.6993352276237,DISTRICT6,Snow Gum,25.0,30,Eucalyptus,Y,N
504,-122.317042174424,47.5279844273357,DISTRICT1,Royal Raindrops Crabapple,2.0,2,Malus,N,N
505,-122.292825184153,47.5575665585467,DISTRICT2,Tulip Tree,90.0,42,Liriodendron,Y,N
506,-122.29281392473,47.5574572181601,DISTRICT2,Tulip Tree,120.0,46,Liriodendron,Y,N
507,-122.394384299767,47.6445335563891,DISTRICT7,Austrian Black Pine,67.0,62,Pinus,Y,N
508,-122.307523597419,47.6099983513494,DISTRICT3,Hornbeam,8.0,1,Carpinus,N,N
509,-122.27105345717,47.5200220790384,DISTRICT2,Pacific Sunset Maple,1.0,3,Acer,N,N
510,-122.405953710445,47.6777369268893,DISTRICT3,Japanese Snowbell Tree,7.0,1,Styrax,N,N
511,-122.405627477174,47.6782956742936,DISTRICT3,Japanese Snowbell Tree,7.0,1,Styrax,N,N
512,-122.405033169877,47.6793003179755,DISTRICT3,Japanese Snowbell Tree,8.0,1,Styrax,N,N
513,-122.405634188391,47.6781549293869,DISTRICT3,American Hornbeam,7.0,2,Carpinus,N,N
514,-122.405984016771,47.6775155016379,DISTRICT3,Japanese Snowbell Tree,7.0,1,Styrax,N,N
515,-122.35468935795,47.6622231013172,DISTRICT6,American Hornbeam,8.0,1,Carpinus,N,N
516,-122.355088339269,47.662073718389,DISTRICT6,Red Oak,10.0,2,Quercus,N,N
517,-122.35443621439,47.6620731507037,DISTRICT6,Red Oak,8.0,2,Quercus,N,N
518,-122.354744842791,47.6620725982799,DISTRICT6,Red Oak,8.0,2,Quercus,N,N
519,-122.350018574242,47.654311853057,DISTRICT6,American Hornbeam,8.0,1,Carpinus,N,N
520,-122.349808667521,47.6522408397199,DISTRICT6,American Hornbeam,8.0,1,Carpinus,N,N
521,-122.349818167978,47.6518782079647,DISTRICT6,American Hornbeam,8.0,2,Carpinus,N,N
522,-122.349808422733,47.652417311587,DISTRICT6,American Hornbeam,8.0,1,Carpinus,N,N
523,-122.353078806879,47.6540927477052,DISTRICT6,Ruby Vase Persian Ironwood,8.0,2,Parrotia,N,N
524,-122.35885130596,47.6542050717027,DISTRICT6,American Hornbeam,8.0,1,Carpinus,N,N
525,-122.353208377848,47.6540931119433,DISTRICT6,Ruby Vase Persian Ironwood,7.0,2,Parrotia,N,N
526,-122.385915929142,47.6701193390917,DISTRICT6,American Hornbeam,8.0,1,Carpinus,N,N
527,-122.302533353607,47.6896677362778,DISTRICT4,Eastern White Pine,91.0,64,Pinus,Y,N
528,-122.363851391476,47.6749497879856,DISTRICT6,Golden Rain Tree,26.0,35,Koelreuteria,Y,N
529,-122.27846149108,47.6522611848497,DISTRICT4,Pin Oak,72.0,42,Quercus,Y,N
530,-122.278711698122,47.6522839987873,DISTRICT4,Pin Oak,72.0,58,Quercus,Y,N
531,-122.30132949977,47.5695373627774,DISTRICT2,Strawberry tree,25.0,25,Arbutus,Y,N
532,-122.380890363789,47.5210058247421,DISTRICT1,Western Red Cedar,103.0,66,Thuja,Y,N
533,-122.364344786085,47.5562367752202,DISTRICT1,Red Cascade Mountain Ash,6.0,2,Sorbus,N,N
534,-122.32042553096,47.6614264147978,DISTRICT4,Cork Oak,59.0,29,Quercus,Y,N
535,-122.325708210839,47.6270835206846,DISTRICT3,London Plane (Tree),73.0,66,Platanus,Y,N
536,-122.30732639199,47.6092401467882,DISTRICT3,Shingle Oak,9.0,2,Quercus,N,N
537,-122.38442181288,47.6684922722556,DISTRICT6,Patriot Elm,12.0,3,Ulmus,N,N
538,-122.356470311141,47.6792146517844,DISTRICT6,Purpleleaf Plum variety,6.0,2,Prunus,N,N
539,-122.356623257632,47.7065139959858,DISTRICT5,Deodar Cedar,79.0,64,Cedrus,Y,Y
540,-122.281142172528,47.7090827921733,DISTRICT5,(Smooth) Japanese Maple,25.0,25,Acer,Y,Y
541,-122.316496101936,47.6587234398576,DISTRICT4,(Smooth) Japanese Maple,25.0,35,Acer,Y,N
542,-122.304960447698,47.6416208971163,DISTRICT3,(Smooth) Japanese Maple,32.0,29,Acer,Y,N
543,-122.404827699547,47.6452307191165,DISTRICT7,Fern Leaf Beech,30.0,35,Fagus,Y,N
544,-122.268003398898,47.5492354004377,DISTRICT2,Red Oak,87.0,52,Quercus,Y,N
545,-122.268276613155,47.5489691789657,DISTRICT2,Net Leaf Oak,35.0,30,Quercus,Y,N
546,-122.345985256403,47.6792548964622,DISTRICT6,Maple,10.0,15,Acer,Y,Y
547,-122.308169309357,47.7305205413345,DISTRICT5,Black Walnut,102.0,67,Juglans,Y,Y
548,-122.361078767069,47.7082417379473,DISTRICT5,(Smooth) Japanese Maple,39.0,38,Acer,Y,Y
549,-122.285787013729,47.6209082344792,DISTRICT3,Yew,58.0,45,Taxus,Y,Y
550,-122.331088413102,47.6653430926919,DISTRICT6,Portugal Laurel,5.0,5,Prunus,N,N
551,-122.331092580353,47.6652994232678,DISTRICT6,Portugal Laurel,5.0,5,Prunus,N,N
552,-122.331085790329,47.6652631594489,DISTRICT6,Portugal Laurel,5.0,5,Prunus,N,N
553,-122.331087060664,47.6652233190138,DISTRICT6,Portugal Laurel,5.0,5,Prunus,N,N
554,-122.331089652853,47.6651873401908,DISTRICT6,Portugal Laurel,5.0,5,Prunus,N,N
555,-122.331091290155,47.6651497411803,DISTRICT6,Portugal Laurel,5.0,5,Prunus,N,N
556,-122.309182473327,47.5957414022505,DISTRICT3,Black Walnut,85.0,55,Juglans,Y,Y
557,-122.270110301342,47.560947434907,DISTRICT2,Grand (Giant) Fir,100.0,40,Abies,Y,Y
558,-122.371742044513,47.6851791954978,DISTRICT6,Western Red Cedar,64.0,72,Thuja,Y,Y
559,-122.381688269248,47.5580901287063,DISTRICT1,(Smooth) Japanese Maple,35.0,19,Acer,Y,N
560,-122.381649345587,47.5581384664923,DISTRICT1,(Smooth) Japanese Maple,25.0,24,Acer,Y,Y
561,-122.394910909156,47.5373702240034,DISTRICT1,Copper Beech,80.0,43,Fagus,Y,Y
562,-122.302204654582,47.6430559398733,DISTRICT3,Red Oak,74.0,61,Quercus,Y,Y
563,-122.268282175462,47.5492124588309,DISTRICT2,Sweetgum,56.0,26,Liquidambar,Y,N
564,-122.268058770631,47.5490929479356,DISTRICT2,Spanish Fir,67.0,23,Abies,Y,N
565,-122.397186790251,47.6735874137024,DISTRICT6,(Sweet) Mazzard Cherry,39.0,36,Prunus,Y,N
566,-122.343062876388,47.6558780214559,DISTRICT4,Coast Redwood,120.0,74,Sequoia,Y,N
567,-122.366762395025,47.6290523720544,DISTRICT7,Columnar English Oak,80.0,31,Quercus,Y,N
568,-122.277835557235,47.6590193468162,DISTRICT4,Kousa Dogwood,31.0,31,Cornus,Y,Y
569,-122.325367910357,47.6104615077704,DISTRICT3,Schwedler Norway Maple,69.0,40,Acer,Y,Y
570,-122.305466286818,47.6650704204319,DISTRICT4,Basswood/Linden,4.0,1,Tilia,N,N
571,-122.377542440121,47.5493832165237,DISTRICT1,(Smooth) Japanese Maple,10.0,13,Acer,Y,N
572,-122.389764959126,47.5448132170707,DISTRICT1,(European) White Birch,71.0,35,Betula,Y,N
573,-122.373568947035,47.7068652953827,DISTRICT6,Bigleaf Maple,80.0,60,Acer,Y,N
574,-122.304064992227,47.682649675891,DISTRICT4,Amur Maackia,6.0,2,Maackia,N,N
575,-122.396272091529,47.5570204047666,DISTRICT1,Dogwood,10.0,3,Cornus,N,N
576,-122.359849837937,47.7213754248639,DISTRICT5,Douglas Fir,20.0,10,Pseudotsuga,N,N
577,-122.390101166485,47.701590903889,DISTRICT6,Hinoki Cypress,6.0,2,Chamaecyparis,N,N
578,-122.33342816779,47.6910888361771,DISTRICT5,(California) Incense Cedar,3.0,2,Calocedrus,N,N
579,-122.333518653604,47.6910847960411,DISTRICT5,(California) Incense Cedar,3.0,2,Calocedrus,N,N
580,-122.333438046307,47.6910401571623,DISTRICT5,(California) Incense Cedar,3.0,2,Calocedrus,N,N
581,-122.333357593863,47.6909521937704,DISTRICT5,(California) Incense Cedar,3.0,2,Calocedrus,N,N
582,-122.333362350393,47.6908604956155,DISTRICT5,(California) Incense Cedar,3.0,2,Calocedrus,N,N
583,-122.349879009728,47.6840321301214,DISTRICT6,Princeton Sentry Ginkgo,8.0,2,Ginkgo,N,N
584,-122.320292269328,47.6857243321158,DISTRICT4,Common (Japanese) Zelkova,4.0,2,Zelkova,N,N
585,-122.334770784698,47.7171995349635,DISTRICT5,Cascara (Buckthorn),3.0,1,Rhamnus,N,N
586,-122.317799146307,47.6874259151,DISTRICT4,Sweetbay Magnolia,4.0,2,Magnolia,N,N
587,-122.317879927151,47.6874284332431,DISTRICT4,Sweetbay Magnolia,4.0,2,Magnolia,N,N
588,-122.28450384101,47.6793624840388,DISTRICT4,American Hornbeam,4.0,2,Carpinus,N,N
589,-122.344333736365,47.6844673497202,DISTRICT6,Adirondack Crabapple,7.0,2,Malus,N,N
590,-122.344332740024,47.684433087876,DISTRICT6,Adirondack Crabapple,7.0,2,Malus,N,N
591,-122.358103274411,47.6935787908334,DISTRICT6,Common (Japanese) Zelkova,6.0,2,Zelkova,N,N
592,-122.35809529749,47.6935232000641,DISTRICT6,Common (Japanese) Zelkova,6.0,2,Zelkova,N,N
593,-122.358081801419,47.6927580985267,DISTRICT6,Full Moon (Downy Japanese) Maple,6.0,2,Acer,N,N
594,-122.358087828952,47.6926751862393,DISTRICT6,Common (Japanese) Zelkova,7.0,2,Zelkova,N,N
595,-122.282226137304,47.6871175208267,DISTRICT4,(Smooth) Japanese Maple,2.0,1,Acer,N,N
596,-122.282223027299,47.6870818573928,DISTRICT4,(Smooth) Japanese Maple,2.0,1,Acer,N,N
597,-122.28221662654,47.6870419516591,DISTRICT4,Full Moon (Downy Japanese) Maple,3.0,1,Acer,N,N
598,-122.307686527215,47.683479318681,DISTRICT4,Common (Eastern) Redbud,5.0,2,Cercis,N,N
599,-122.320210805325,47.687363360127,DISTRICT4,Red Maple,6.0,2,Acer,N,N
600,-122.320206376702,47.6872824861691,DISTRICT4,Red Maple,6.0,2,Acer,N,N
601,-122.320203843777,47.6871939756999,DISTRICT4,Red Maple,6.0,2,Acer,N,N
602,-122.325620398695,47.6912051136802,DISTRICT5,Star Magnolia,5.0,2,Magnolia,N,N
603,-122.325619045532,47.6911580039615,DISTRICT5,Star Magnolia,5.0,2,Magnolia,N,N
604,-122.382266972677,47.5646366773417,DISTRICT1,Sugar Maple,5.0,2,Acer,N,N
605,-122.343685681628,47.6207836180523,DISTRICT7,Scarlet Oak,9.0,2,Quercus,N,N
606,-122.343686751105,47.6206625218261,DISTRICT7,Scarlet Oak,10.0,2,Quercus,N,N
607,-122.343686682651,47.6205474689268,DISTRICT7,Scarlet Oak,10.0,2,Quercus,N,N
608,-122.343687411021,47.6204484455065,DISTRICT7,Scarlet Oak,11.0,2,Quercus,N,N
609,-122.343690351943,47.6203497821336,DISTRICT7,Scarlet Oak,11.0,2,Quercus,N,N
610,-122.29849112632,47.6191610358907,DISTRICT3,Pine,6.0,2,Pinus,N,N
611,-122.298492010834,47.619092475028,DISTRICT3,Scarlet Oak,7.0,2,Quercus,N,N
612,-122.298352703508,47.618970973787,DISTRICT3,Redflower Horse Chestnut,6.0,2,Aesculus,N,N
613,-122.331091579504,47.6651144882724,DISTRICT6,Portugal Laurel,5.0,5,Prunus,N,N
614,-122.364354841019,47.6656729640991,DISTRICT6,(Smooth) Japanese Maple,0.0,3,Acer,N,N
615,-122.35079999985,47.6203009982485,DISTRICT7,Pine,,14,Pinus,N,N
616,-122.313055800006,47.6760802092848,DISTRICT4,American Witch Hazel,0.0,2,Hamamelis,N,N
617,-122.313196154916,47.6752311774268,DISTRICT4,Double Chinese Cherry,0.0,16,Prunus,N,N
618,-122.392369522361,47.6906361967846,DISTRICT6,Rugged Ridge Maple,0.0,10,Acer,N,N
619,-122.352928991701,47.6542018801159,DISTRICT6,Doric Red Maple,0.0,12,Acer,N,N
620,-122.279574718389,47.5264378225204,DISTRICT2,Pacific Sunset Maple,0.0,6,Acer,N,N
621,-122.337899872031,47.6702385629191,DISTRICT6,Accolade Flowering Cherry,0.0,1,Prunus,N,N
622,-122.295599999386,47.562611999212,DISTRICT2,Common (Japanese) Zelkova,0.0,8,Zelkova,N,N
623,-122.389693984257,47.6807231059788,DISTRICT6,(Smooth) Japanese Maple,0.0,3,Acer,N,N
624,-122.320642069594,47.6117142416071,DISTRICT3,Raywood Narrowleaf Ash,0.0,6,Fraxinus,N,N
625,-122.335221440931,47.708216986255,DISTRICT5,Greencolumn Black Sugar Maple,0.0,3,Acer,N,N
626,-122.313187377136,47.6650566483638,DISTRICT4,English Midland Hawthorn,0.0,9,Crataegus,N,N
627,-122.332731140548,47.6540219382484,DISTRICT4,Austrian Black Pine,0.0,28,Pinus,N,N
628,-122.326334604844,47.5248263434866,DISTRICT1,Common (Eastern) Redbud,0.0,5,Cercis,N,N
629,-122.388647438091,47.6865712127211,DISTRICT6,White-barked Himalayan (Jacque,0.0,13,Betula,N,N
630,-122.356674597612,47.6534370392918,DISTRICT6,(Smooth) Japanese Maple,0.0,8,Acer,N,N
631,-122.357673846897,47.5322522381868,DISTRICT1,Autumn Brilliance Serviceberry,0.0,2,Amelanchier,N,N
632,-122.25773903102,47.5044387198283,DISTRICT2,Glory Bower,0.0,8,Clerodendrum,N,N
633,-122.323387433955,47.697663025802,DISTRICT5,American Hornbeam,0.0,2,Carpinus,N,N
634,-122.364078501361,47.6755740236168,DISTRICT6,Autumn Flowering Cherry,0.0,12,Prunus,N,N
635,-122.331126831582,47.6128019924704,DISTRICT7,Black Locust,0.0,18,Robinia,N,N
636,-122.343285139381,47.6350437797215,DISTRICT7,Norway Maple,0.0,10,Acer,N,N
637,-122.310790930088,47.6762473555471,DISTRICT4,Double Chinese Cherry,0.0,12,Prunus,N,N
638,-122.31090935257,47.6197251371264,DISTRICT3,Deodar Cedar,0.0,20,Cedrus,N,N
639,-122.28456547287,47.6034696639533,DISTRICT3,Honey Locust,0.0,4,Gleditsia,N,N
640,-122.364085786702,47.6679648001265,DISTRICT6,Red Maple,0.0,16,Acer,N,N
641,-122.401171485476,47.6811295410007,DISTRICT6,(European) White Birch,0.0,20,Betula,N,N
642,-122.347062204103,47.6515153385386,DISTRICT4,Ponderosa Pine,0.0,8,Pinus,N,N
643,-122.315015667904,47.5767951208007,DISTRICT2,Double Chinese Cherry,0.0,8,Prunus,N,N
644,-122.301898174774,47.6829521434612,DISTRICT4,Red Maple,0.0,3,Acer,N,N
645,-122.347997796609,47.7256075710265,DISTRICT5,Summer Sprite Linden,0.0,2,Tilia,N,N
646,-122.306538267664,47.6375115160448,DISTRICT3,Evergreen (Southern) Magnolia,0.0,1,Magnolia,N,N
647,-122.31268041575,47.612779076048,DISTRICT3,Cherry/Plum/Laurel,0.0,11,Prunus,N,N
648,-122.335018330745,47.6528722846876,DISTRICT4,(Smooth) Japanese Maple,0.0,2,Acer,N,N
649,-122.306392344393,47.6105359547705,DISTRICT3,European Hornbeam,0.0,5,Carpinus,N,N
650,-122.341382683934,47.6600169053821,DISTRICT4,Katsura Tree,0.0,13,Cercidiphyllum,N,N
651,-122.351931192758,47.5273356477183,DISTRICT1,Unknown,0.0,1,,N,N
652,-122.292957675232,47.53654014762,DISTRICT2,Norway Maple,0.0,11,Acer,N,N
653,-122.285892296582,47.5532109306745,DISTRICT2,Bigleaf Maple,0.0,24,Acer,N,N
654,-122.337631027348,47.620802337787,DISTRICT7,Frontier Elm,0.0,5,Ulmus,N,N
655,-122.297733692929,47.7098840840265,DISTRICT5,Black Walnut,0.0,12,Juglans,N,N
656,-122.376413039745,47.5797378755509,DISTRICT1,Oakleaf Mountain Ash,0.0,12,Sorbus,N,N
657,-122.402330767354,47.6534619153528,DISTRICT7,Chanticleer Pear,0.0,10,Pyrus,N,N
658,-122.383133749824,47.676226017619,DISTRICT6,English (Hedge) Maple,0.0,12,Acer,N,N
659,-122.310322262976,47.6088314239059,DISTRICT3,Evergreen (Southern) Magnolia,0.0,11,Magnolia,N,N
660,-122.281384475682,47.5165681296195,DISTRICT2,Cherry/Plum/Laurel,0.0,4,Prunus,N,N
661,-122.290027155582,47.5498414753924,DISTRICT2,Pacific Sunset Maple,0.0,14,Acer,N,N
662,-122.340434729947,47.6613096043914,DISTRICT4,Cimmaron Green Ash,0.0,4,Fraxinus,N,N
663,-122.377523998055,47.5542496116365,DISTRICT1,Akebono Cherry,0.0,3,Prunus,N,N
664,-122.291578614117,47.5420559739423,DISTRICT2,Red Oak,0.0,9,Quercus,N,N
665,-122.274297778729,47.5442927784285,DISTRICT2,Pin Oak,0.0,20,Quercus,N,N
666,-122.304336107219,47.6267804259982,DISTRICT3,American (White) Elm,0.0,14,Ulmus,N,N
667,-122.370796866446,47.6767948448597,DISTRICT6,Japanese Cedar,0.0,2,Cryptomeria,N,N
668,-122.315563020539,47.576922124075,DISTRICT2,American Hornbeam,0.0,2,Carpinus,N,N
669,-122.297191169789,47.6200724169284,DISTRICT3,Sweetgum,0.0,7,Liquidambar,N,N
670,-122.334286349657,47.6065867958546,DISTRICT7,European Hornbeam,0.0,9,Carpinus,N,N
671,-122.354099999498,47.7070739988438,DISTRICT5,Dogwood,,1,Cornus,N,N
672,-122.353230000485,47.6172199989074,DISTRICT7,European Hornbeam,0.0,6,Carpinus,N,N
673,-122.355328828837,47.6349241647042,DISTRICT7,Japanese Snowbell Tree,0.0,4,Styrax,N,N
674,-122.326550604074,47.6736673236827,DISTRICT6,Blireiana Purpleleaf Plum,0.0,1,Prunus,N,N
675,-122.393020003956,47.6463845827873,DISTRICT7,Kousa Dogwood,0.0,3,Cornus,N,N
676,-122.340869488666,47.6320859380188,DISTRICT7,Norway Maple,0.0,7,Acer,N,N
677,-122.259045955276,47.5037091647538,DISTRICT2,Cherry/Plum/Laurel,0.0,4,Prunus,N,N
678,-122.393170802066,47.6344078939957,DISTRICT7,Sweetgum,0.0,22,Liquidambar,N,N
679,-122.345340849831,47.5204923523172,DISTRICT1,Norway Maple,0.0,9,Acer,N,N
680,-122.363730323738,47.635564173197,DISTRICT7,"Ginkgo, Maidenhair Tree",0.0,2,Ginkgo,N,N
681,-122.37303457928,47.5428899364131,DISTRICT1,Tulip Tree,0.0,9,Liriodendron,N,N
682,-122.388783536396,47.683583448051,DISTRICT6,Paperbark Maple,0.0,3,Acer,N,N
683,-122.388148137727,47.5744147519541,DISTRICT1,European (Fruiting) Plum,0.0,4,Prunus,N,N
684,-122.316585230227,47.6733863446324,DISTRICT4,English (Hedge) Maple,0.0,7,Acer,N,N
685,-122.313759509027,47.6026407068675,DISTRICT3,Thundercloud Purpleleaf Plum,0.0,9,Prunus,N,N
686,-122.335615858512,47.6679023538421,DISTRICT6,Kousa Dogwood,0.0,1,Cornus,N,N
687,-122.354660010362,47.5429157554032,DISTRICT1,(Pacific) Madrona,0.0,4,Arbutus,N,N
688,-122.369761719613,47.6457324664475,DISTRICT7,Sweetgum,0.0,4,Liquidambar,N,N
689,-122.353991811281,47.625563005054,DISTRICT7,Double Chinese Cherry,0.0,6,Prunus,N,N
690,-122.362104461782,47.6451440332093,DISTRICT7,American Witch Hazel,0.0,4,Hamamelis,N,N
691,-122.371849825196,47.6664726139731,DISTRICT6,Kousa Dogwood,0.0,2,Cornus,N,N
692,-122.284759113009,47.5162585207942,DISTRICT2,Bigleaf Maple,0.0,20,Acer,N,N
693,-122.28808052428,47.6966678376551,DISTRICT5,Kousa Dogwood,0.0,7,Cornus,N,N
694,-122.351091484591,47.6455718573874,DISTRICT7,Chinese Kousa Dogwood,0.0,2,Cornus,N,N
695,-122.30904226537,47.6032684593539,DISTRICT3,Common (Eastern) Redbud,0.0,13,Cercis,N,N
696,-122.378980022078,47.6800031789657,DISTRICT6,Chinese Kousa Dogwood,0.0,2,Cornus,N,N
697,-122.312444031708,47.628571148561,DISTRICT3,Callery Pear,0.0,6,Pyrus,N,N
698,-122.360417222543,47.6320894902162,DISTRICT7,"Lawson Cypress, Port Orford Cedar",0.0,28,Chamaecyparis,N,N
699,-122.317487474167,47.6230664714053,DISTRICT3,Callery Pear,0.0,9,Pyrus,N,N
700,-122.408785534797,47.6395042419254,DISTRICT7,Green (Red) Ash,0.0,13,Fraxinus,N,N
701,-122.317876438174,47.5474765183615,DISTRICT2,Holm (Holly) Oak,0.0,8,Quercus,N,N
702,-122.344102215573,47.6649573533623,DISTRICT6,Cornelian Cherry,0.0,2,Cornus,N,N
703,-122.3343040033,47.6261934860355,DISTRICT3,Triumph Elm,0.0,5,Ulmus,N,N
704,-122.361539967858,47.6769280078609,DISTRICT6,Callery Pear,0.0,8,Pyrus,N,N
705,-122.292567975158,47.6108353299673,DISTRICT3,Paperbark Maple,0.0,2,Acer,N,N
706,-122.310273326032,47.7003853572244,DISTRICT5,Katsura Tree,0.0,9,Cercidiphyllum,N,N
707,-122.335030772646,47.5899246619772,DISTRICT2,Quaking Aspen,0.0,6,Populus,N,N
708,-122.312028049562,47.5805851500099,DISTRICT2,White Ash,0.0,9,Fraxinus,N,N
709,-122.319587443063,47.6677932928114,DISTRICT4,Dogwood,0.0,4,Cornus,N,N
710,-122.295624394743,47.5640974702721,DISTRICT2,Littleleaf Linden,0.0,6,Tilia,N,N
711,-122.396317089839,47.6352242267212,DISTRICT7,Paper (Canoe) Birch,0.0,1,Betula,N,N
712,-122.278524050775,47.6381941282099,DISTRICT3,Blireiana Purpleleaf Plum,0.0,11,Prunus,N,N
713,-122.317504950368,47.618707335862,DISTRICT3,Kobus Magnolia,0.0,7,Magnolia,N,N
714,-122.384018952209,47.5794452141948,DISTRICT1,Western Hemlock,0.0,14,Tsuga,N,N
715,-122.351538673294,47.5265602838221,DISTRICT1,Aristocrat Pear,0.0,4,Pyrus,N,N
716,-122.345183022745,47.663626405558,DISTRICT4,False Cypress,0.0,4,Chamaecyparis,N,N
717,-122.32535366971,47.5238737929052,DISTRICT1,Chanticleer Pear,0.0,9,Pyrus,N,N
718,-122.361962766898,47.5225694113691,DISTRICT1,Alaska (Yellow) Cedar,0.0,8,Chamaecyparis,N,N
719,-122.296464375026,47.7175915491562,DISTRICT5,(Smooth) Japanese Maple,0.0,4,Acer,N,N
720,-122.34764555239,47.6618691515064,DISTRICT6,False Cypress,0.0,8,Chamaecyparis,N,N
721,-122.338438805379,47.6470087886586,DISTRICT4,Strawberry tree,0.0,4,Arbutus,N,N
722,-122.312171062356,47.6569779300367,DISTRICT4,Tulip Tree,0.0,15,Liriodendron,N,N
723,-122.38465043197,47.6670942676669,DISTRICT6,Black Locust,0.0,15,Robinia,N,N
724,-122.299016955773,47.7131909788628,DISTRICT5,Norwegian Sunset Maple,0.0,5,Acer,N,N
725,-122.30375661953,47.6112790642809,DISTRICT3,"Persian Ironwood, Parrotia",0.0,9,Parrotia,N,N
726,-122.273681561013,47.691360512125,DISTRICT5,Dogwood,0.0,1,Cornus,N,N
727,-122.344115585343,47.649339900187,DISTRICT4,"Persian Ironwood, Parrotia",0.0,4,Parrotia,N,N
728,-122.409519883069,47.6406514804366,DISTRICT7,Dogwood,0.0,9,Cornus,N,N
729,-122.381146463152,47.6847742970479,DISTRICT6,European (Fruiting) Plum,0.0,8,Prunus,N,N
730,-122.309033233567,47.6022314561992,DISTRICT3,Double Chinese Cherry,0.0,9,Prunus,N,N
731,-122.33432322477,47.537311601136,DISTRICT1,Red Oak,0.0,5,Quercus,N,N
732,-122.33612172683,47.6132830105355,DISTRICT7,Littleleaf Linden,0.0,13,Tilia,N,N
733,-122.335138188342,47.7050937135708,DISTRICT5,Eddie's White Wonder Dogwood,0.0,2,Cornus,N,N
734,-122.34834723838,47.6730721082914,DISTRICT6,Cherry/Plum/Laurel,0.0,5,Prunus,N,N
735,-122.28950650814,47.6703711298746,DISTRICT4,English Midland Hawthorn,0.0,12,Crataegus,N,N
736,-122.385664429153,47.6932230439312,DISTRICT6,Spruce sp.,0.0,1,Picea,N,N
737,-122.270952322398,47.5392226569255,DISTRICT2,Crimean Linden,0.0,13,Tilia,N,N
738,-122.298202320529,47.7228658402321,DISTRICT5,Fall Fiesta Sugar Maple,0.0,2,Acer,N,N
739,-122.379045017306,47.5807578179872,DISTRICT1,English Midland Hawthorn,0.0,9,Crataegus,N,N
740,-122.335212869941,47.6482140036981,DISTRICT4,Orangebark Stewartia,0.0,3,Stewartia,N,N
741,-122.371242597803,47.5334299214591,DISTRICT1,(Smooth) Japanese Maple,0.0,2,Acer,N,N
742,-122.314765349275,47.5883000735849,DISTRICT2,Maple,0.0,5,Acer,N,N
743,-122.395040699059,47.5495185677734,DISTRICT1,Royal Burgundy Cherry,0.0,3,Prunus,N,N
744,-122.381103093075,47.6989129974854,DISTRICT6,Mountain Hemlock,0.0,7,Tsuga,N,N
745,-122.280527274164,47.5526384656233,DISTRICT2,Apple/Crabapple,0.0,4,Malus,N,N
746,-122.350994452645,47.5174120752272,DISTRICT1,Autumn Blaze Freeman Maple,0.0,3,Acer,N,N
747,-122.302635810999,47.6888945534343,DISTRICT4,Autumn Purple Ash,0.0,5,Fraxinus,N,N
748,-122.308775662901,47.675478295614,DISTRICT4,Purpleleaf Plum variety,0.0,13,Prunus,N,N
749,-122.380565932355,47.5451095074031,DISTRICT1,Dove Tree,0.0,1,Davidia,N,N
750,-122.312724107428,47.676455930562,DISTRICT4,Common (Japanese) Zelkova,0.0,3,Zelkova,N,N
751,-122.360871595034,47.6641210221997,DISTRICT6,Red Oak,0.0,16,Quercus,N,N
752,-122.363721913559,47.636470130485,DISTRICT7,Magnolia,0.0,1,Magnolia,N,N
753,-122.304235294333,47.6464527545306,DISTRICT3,(European) White Birch,0.0,14,Betula,N,N
754,-122.325658046115,47.5255025761456,DISTRICT1,Sweetgum,0.0,15,Liquidambar,N,N
755,-122.365013508482,47.6401632208136,DISTRICT7,Eastern (Canadian) Hemlock,0.0,14,Tsuga,N,N
756,-122.357260194879,47.5247518767024,DISTRICT1,Yoshino Cherry,0.0,3,Prunus,N,N
757,-122.339231258611,47.6878877326588,DISTRICT6,(Smooth) Japanese Maple,0.0,1,Acer,N,N
758,-122.325189420422,47.6204886352975,DISTRICT3,Bigleaf Maple,0.0,22,Acer,N,N
759,-122.292133585616,47.6755993723043,DISTRICT4,Eastern Dogwood,0.0,7,Cornus,N,N
760,-122.345958955997,47.5340841072755,DISTRICT1,Bigleaf Maple,0.0,6,Acer,N,N
761,-122.387960541883,47.5717959170842,DISTRICT1,Flame Amur Maple,0.0,1,Acer,N,N
762,-122.37069036259,47.662537549168,DISTRICT6,Frontier Elm,0.0,2,Ulmus,N,N
763,-122.322865734971,47.5708795139807,DISTRICT2,Red Maple,0.0,9,Acer,N,N
764,-122.273270142199,47.5596268817599,DISTRICT2,Autumn Brilliance Serviceberry,0.0,3,Amelanchier,N,N
765,-122.390662659505,47.6928126720204,DISTRICT6,Shiro-fugen Flowering Cherry,0.0,9,Prunus,N,N
766,-122.307048971969,47.5802175654186,DISTRICT2,Callery Pear,0.0,9,Pyrus,N,N
767,-122.354115417159,47.6175820638716,DISTRICT7,Littleleaf Linden,0.0,12,Tilia,N,N
768,-122.326664982312,47.6213047882591,DISTRICT3,Red Maple,0.0,3,Acer,N,N
769,-122.366419813676,47.6317505709323,DISTRICT7,(Common) Goldenchain,0.0,4,Laburnum,N,N
770,-122.36434847075,47.6515255527287,DISTRICT7,Red Maple,0.0,3,Acer,N,N
771,-122.363405576569,47.6806417960133,DISTRICT6,Blireiana Purpleleaf Plum,0.0,10,Prunus,N,N
772,-122.328161499133,47.6159015808095,DISTRICT3,Cherry/Plum/Laurel,0.0,10,Prunus,N,N
773,-122.351895481524,47.6368376717672,DISTRICT7,Double Chinese Cherry,0.0,16,Prunus,N,N
774,-122.284977190399,47.6811637543715,DISTRICT4,Unknown,0.0,4,,N,N
775,-122.312132738447,47.5771848963714,DISTRICT2,Paperbark Maple,0.0,2,Acer,N,N
776,-122.3272412007,47.6765072094547,DISTRICT6,Sweetgum,0.0,5,Liquidambar,N,N
777,-122.369464402751,47.6836077340581,DISTRICT6,Greencolumn Black Sugar Maple,0.0,5,Acer,N,N
778,-122.315152882501,47.6660508179607,DISTRICT4,Golden Rain Tree,0.0,12,Koelreuteria,N,N
779,-122.283327426697,47.5453158187571,DISTRICT2,Hawthorn,0.0,3,Crataegus,N,N
780,-122.364801319272,47.6897827597421,DISTRICT6,(Smooth) Japanese Maple,0.0,5,Acer,N,N
781,-122.389009006926,47.6436452192352,DISTRICT7,Kwanzan Flowering Cherry,0.0,23,Prunus,N,N
782,-122.3909181787,47.5606802865015,DISTRICT1,Blireiana Purpleleaf Plum,0.0,5,Prunus,N,N
783,-122.355751201281,47.6526280812765,DISTRICT6,Pacific Sunset Maple,0.0,3,Acer,N,N
784,-122.271461339498,47.5504490645694,DISTRICT2,Pear,0.0,3,Pyrus,N,N
785,-122.365898073733,47.6636046727313,DISTRICT6,Autumn Brilliance Serviceberry,0.0,3,Amelanchier,N,N
786,-122.395677711343,47.6884278570515,DISTRICT6,Purpleleaf Plum variety,0.0,20,Prunus,N,N
787,-122.370315768483,47.6858301828671,DISTRICT6,Purpleleaf Plum variety,0.0,7,Prunus,N,N
788,-122.346263364802,47.6862725406467,DISTRICT6,Swamp White Oak,0.0,2,Quercus,N,N
789,-122.29916594649,47.5417604923642,DISTRICT2,Red Maple,0.0,11,Acer,N,N
790,-122.301839194738,47.6806567911374,DISTRICT4,Common Stewartia,0.0,1,Stewartia,N,N
791,-122.31718280086,47.5869000501453,DISTRICT2,Purpleleaf Plum variety,0.0,7,Prunus,N,N
792,-122.372536429972,47.6384193448045,DISTRICT7,English Midland Hawthorn,0.0,12,Crataegus,N,N
793,-122.352498844679,47.5209664195694,DISTRICT1,June Snow Dogwood,0.0,1,Cornus,N,N
794,-122.308496257705,47.7134752761207,DISTRICT5,Quaking Aspen,0.0,9,Populus,N,N
795,-122.30955215606,47.6660824085552,DISTRICT4,Redflower Horse Chestnut,0.0,23,Aesculus,N,N
796,-122.298442108647,47.6688648843014,DISTRICT4,Birchbark (Tibetan) Cherry,0.0,5,Prunus,N,N
797,-122.278381733151,47.560606637456,DISTRICT2,Common (Euro) Mountain Ash,0.0,5,Sorbus,N,N
798,-122.359430105602,47.6229072289348,DISTRICT7,Honey Locust,0.0,13,Gleditsia,N,N
799,-122.370012760865,47.5236152537872,DISTRICT1,Staghorn Sumac,0.0,4,Rhus,N,N
800,-122.380295105289,47.5805488770508,DISTRICT1,Shirotae Flowering Cherry,0.0,3,Prunus,N,N
801,-122.312376239588,47.678090105423,DISTRICT4,Double Chinese Cherry,0.0,12,Prunus,N,N
802,-122.313701541571,47.6200306919666,DISTRICT3,Red Maple,0.0,10,Acer,N,N
803,-122.389844502249,47.6843920359814,DISTRICT6,(Smooth) Japanese Maple,0.0,1,Acer,N,N
804,-122.318070738317,47.6685303654656,DISTRICT4,Cherry/Plum/Laurel,0.0,12,Prunus,N,N
805,-122.390693064307,47.697400001219,DISTRICT6,Douglas Fir,0.0,25,Pseudotsuga,N,N
806,-122.276162800361,47.5261761138127,DISTRICT2,Common (Euro) Mountain Ash,0.0,0,Sorbus,N,N
807,-122.251432081685,47.5053358655207,DISTRICT2,Chinese Tree Lilac,0.0,2,Syringa,N,N
808,-122.311155766501,47.6630173953113,DISTRICT4,White-barked Himalayan (Jacque,0.0,5,Betula,N,N
809,-122.399120429991,47.6522978928258,DISTRICT7,Callery Pear,0.0,3,Pyrus,N,N
810,-122.31957348149,47.7012634999122,DISTRICT5,Scots Pine,0.0,16,Pinus,N,N
811,-122.363278735109,47.7000160126631,DISTRICT6,Mountain Hemlock,0.0,9,Tsuga,N,N
812,-122.37757804884,47.6476579794451,DISTRICT7,Serviceberry,0.0,4,Amelanchier,N,N
813,-122.269304987856,47.5382698703016,DISTRICT2,Autumn Brilliance Serviceberry,0.0,2,Amelanchier,N,N
814,-122.312105976386,47.6917968944036,DISTRICT5,Evergreen (Southern) Magnolia,0.0,6,Magnolia,N,N
815,-122.350647149825,47.5308058561032,DISTRICT1,Crimson King Norway Maple,0.0,4,Acer,N,N
816,-122.31755163419,47.6812541076336,DISTRICT4,Crimean Linden,0.0,14,Tilia,N,N
817,-122.3440529999,47.518140491611,DISTRICT1,Western Red Cedar,0.0,20,Thuja,N,N
818,-122.394783060628,47.672300126559,DISTRICT6,English Midland Hawthorn,0.0,13,Crataegus,N,N
819,-122.296890558452,47.6017882598522,DISTRICT3,Summit Green Ash,0.0,14,Fraxinus,N,N
820,-122.355441875615,47.6785703227183,DISTRICT6,Trump Italian Oak,0.0,3,Quercus,N,N
821,-122.313572075376,47.5760614244215,DISTRICT2,Double Chinese Cherry,0.0,6,Prunus,N,N
822,-122.301650621864,47.6368260954734,DISTRICT3,Double Chinese Cherry,0.0,9,Prunus,N,N
823,-122.377661141701,47.5620818938943,DISTRICT1,Red Maple,0.0,3,Acer,N,N
824,-122.346612535959,47.5245242972524,DISTRICT1,Rosehill Ash,0.0,10,Fraxinus,N,N
825,-122.359075479342,47.5232811741041,DISTRICT1,Autumn Brilliance Serviceberry,0.0,2,Amelanchier,N,N
826,-122.314674456127,47.5768750278038,DISTRICT2,White-barked Himalayan (Jacque,0.0,2,Betula,N,N
827,-122.308015450201,47.7091333387405,DISTRICT5,Maple,0.0,2,Acer,N,N
828,-122.286611745076,47.5542135482332,DISTRICT2,Apple/Crabapple,0.0,3,Malus,N,N
829,-122.261647150413,47.5189890542671,DISTRICT2,"Ginkgo, Maidenhair Tree",0.0,4,Ginkgo,N,N
830,-122.38155333557,47.546566151029,DISTRICT1,Thundercloud Purpleleaf Plum,0.0,10,Prunus,N,N
831,-122.368963999359,47.6436074823169,DISTRICT7,Sweetgum,0.0,21,Liquidambar,N,N
832,-122.383060638429,47.5457574001059,DISTRICT1,Red Jewel Crabapple,0.0,2,Malus,N,N
833,-122.320381405398,47.7028104140758,DISTRICT5,Bigleaf Maple,0.0,36,Acer,N,N
834,-122.326015514145,47.6140075978192,DISTRICT3,Armstrong Freeman (Red) Maple,0.0,9,Acer,N,N
835,-122.390040646033,47.6813589358634,DISTRICT6,Accolade Flowering Cherry,0.0,11,Prunus,N,N
836,-122.323186895413,47.5417960130491,DISTRICT2,Pacific Sunset Maple,0.0,4,Acer,N,N
837,-122.364574753078,47.6377136483895,DISTRICT7,"Oregon Myrtle, California Bay",0.0,36,Umbellularia,N,N
838,-122.330082318017,47.6113019868009,DISTRICT7,Red Oak,0.0,32,Quercus,N,N
839,-122.376340999823,47.6737083152891,DISTRICT6,Littleleaf Linden,0.0,7,Tilia,N,N
840,-122.329899019979,47.585629789551,DISTRICT2,Norway Maple,0.0,12,Acer,N,N
841,-122.280344252677,47.5451542299295,DISTRICT2,Aristocrat Pear,0.0,6,Pyrus,N,N
842,-122.331904480933,47.6904181947715,DISTRICT5,Sugar Maple,0.0,9,Acer,N,N
843,-122.39333509112,47.5442633661863,DISTRICT1,Autumn Flowering Cherry,0.0,8,Prunus,N,N
844,-122.312574801537,47.6758526866865,DISTRICT4,English (Hedge) Maple,0.0,3,Acer,N,N
845,-122.311903494932,47.5911282648559,DISTRICT2,Freeman Maple,0.0,8,Acer,N,N
846,-122.334665435233,47.6054312412027,DISTRICT7,Emerald Queen Norway Maple,0.0,16,Acer,N,N
847,-122.406139522674,47.6405867981012,DISTRICT7,Crape myrtle,0.0,2,Lagerstroemia,N,N
848,-122.297000000263,47.5632549993608,DISTRICT2,White Ash,,3,Fraxinus,N,N
849,-122.296761599749,47.6280132439057,DISTRICT3,Blireiana Purpleleaf Plum,0.0,4,Prunus,N,N
850,-122.365456798339,47.5569879671231,DISTRICT1,Swedish Birch,0.0,19,Betula,N,N
851,-122.41014157185,47.575990561836,DISTRICT1,Common Stewartia,0.0,2,Stewartia,N,N
852,-122.299160276329,47.5809358007697,DISTRICT2,Norway Maple,0.0,9,Acer,N,N
853,-122.342432220221,47.6855448413229,DISTRICT6,English Midland Hawthorn,0.0,6,Crataegus,N,N
854,-122.372927975817,47.6851259263391,DISTRICT6,Higan (Spring) Cherry,0.0,9,Prunus,N,N
855,-122.350120222734,47.5318675651621,DISTRICT1,Yellowwood,0.0,2,Cladrastis,N,N
856,-122.329283059526,47.6019579417665,DISTRICT7,Scarlet Sentinel Freeman Maple,0.0,6,Acer,N,N
857,-122.342958146572,47.6580639048071,DISTRICT4,Smooth Sumac,0.0,6,Rhus,N,N
858,-122.296735360447,47.6858518343545,DISTRICT4,Italian Cypress,0.0,3,Cupressus,N,N
859,-122.321799646466,47.6047407677652,DISTRICT3,Norway Maple,0.0,8,Acer,N,N
860,-122.306116210661,47.628051626666,DISTRICT3,Honey Locust,0.0,9,Gleditsia,N,N
861,-122.363279327748,47.6615291300212,DISTRICT6,Flame Amur Maple,0.0,5,Acer,N,N
862,-122.369556664834,47.6745862445532,DISTRICT6,Purpleleaf Plum variety,0.0,10,Prunus,N,N
863,-122.354881205825,47.5393500263489,DISTRICT1,Norway Maple,0.0,21,Acer,N,N
864,-122.310535782995,47.6114883637135,DISTRICT3,Cherry/Plum/Laurel,0.0,5,Prunus,N,N
865,-122.340311941331,47.6348997497731,DISTRICT7,Norway Maple,0.0,7,Acer,N,N
866,-122.352239243777,47.6135093153881,DISTRICT7,Bowhall Maple,0.0,10,Acer,N,N
867,-122.354299978229,47.6839612055656,DISTRICT6,Apple/Crabapple,0.0,4,Malus,N,N
868,-122.346757402969,47.6835559260374,DISTRICT6,Sterling Linden,0.0,2,Tilia,N,N
869,-122.352915043766,47.5189767010064,DISTRICT1,Espresso Kentucky Coffee Tree,0.0,1,Gymnocladus,N,N
870,-122.31152028079,47.619544972994,DISTRICT3,Ruby (Red) Horse Chestnut,0.0,11,Aesculus,N,N
871,-122.37931725188,47.5754592294537,DISTRICT1,Sugar Tyme Crabapple,0.0,1,Malus,N,N
872,-122.290724184042,47.5351559432722,DISTRICT2,Armstrong Freeman (Red) Maple,0.0,11,Acer,N,N
873,-122.318361040922,47.6656745149499,DISTRICT4,Sweetgum,0.0,25,Liquidambar,N,N
874,-122.320131547501,47.7013456758202,DISTRICT5,Common (Euro) Mountain Ash,0.0,5,Sorbus,N,N
875,-122.28688352964,47.6642543798608,DISTRICT4,Kwanzan Flowering Cherry,0.0,5,Prunus,N,N
876,-122.384078308911,47.5579001317197,DISTRICT1,Littleleaf Linden,0.0,3,Tilia,N,N
877,-122.289698302784,47.5579187013495,DISTRICT2,Japanese Tree Lilac,0.0,2,Syringa,N,N
878,-122.298684178085,47.6952203188931,DISTRICT5,(Sweet) Mazzard Cherry,0.0,7,Prunus,N,N
879,-122.334376525787,47.5498722879471,DISTRICT2,Red Oak,0.0,16,Quercus,N,N
880,-122.329581889463,47.6403077947252,DISTRICT4,False Cypress,0.0,8,Chamaecyparis,N,N
881,-122.392758963019,47.6831630831531,DISTRICT6,Autumn Blaze Pear,0.0,3,Pyrus,N,N
882,-122.390761106515,47.6805726452983,DISTRICT6,Double Chinese Cherry,0.0,5,Prunus,N,N
883,-122.279452097022,47.5260676843861,DISTRICT2,Pacific Sunset Maple,0.0,6,Acer,N,N
884,-122.347381305214,47.6258205163569,DISTRICT7,Norway Maple,0.0,10,Acer,N,N
885,-122.337369459725,47.6563984214601,DISTRICT4,Apple/Crabapple,0.0,5,Malus,N,N
886,-122.355427339654,47.6820329639911,DISTRICT6,Pyramidal (Pyramidal European),0.0,8,Carpinus,N,N
887,-122.357934186264,47.6240515357531,DISTRICT7,Bowhall Maple,0.0,4,Acer,N,N
888,-122.35009999981,47.6216049992573,DISTRICT7,(Smooth) Japanese Maple,,10,Acer,N,N
889,-122.288117880677,47.529379418511,DISTRICT2,October Glory Red Maple,0.0,7,Acer,N,N
890,-122.315007445253,47.6873358081528,DISTRICT4,Apple/Crabapple,0.0,9,Malus,N,N
891,-122.35110000055,47.6243579982366,DISTRICT7,(Smooth) Japanese Maple,,5,Acer,N,N
892,-122.3584996931,47.6781415117515,DISTRICT6,Littleleaf Linden,0.0,1,Tilia,N,N
893,-122.405954973778,47.6405884774817,DISTRICT7,Coralbark Maple,0.0,1,Acer,N,N
894,-122.306266076614,47.5884559553183,DISTRICT3,Littleleaf Linden,,9,Tilia,N,N
895,-122.364841431041,47.6679619330164,DISTRICT6,Red Oak,0.0,14,Quercus,N,N
896,-122.379007364521,47.6860296683167,DISTRICT6,Evergreen (Southern) Magnolia,0.0,5,Magnolia,N,N
897,-122.30547492131,47.6962474668692,DISTRICT5,Cherry/Plum/Laurel,0.0,10,Prunus,N,N
898,-122.380986202546,47.6806870881712,DISTRICT6,Flame Amur Maple,0.0,11,Acer,N,N
899,-122.309641873626,47.7158318503442,DISTRICT5,Red Oak,0.0,5,Quercus,N,N
900,-122.366189274164,47.6666917273842,DISTRICT6,Village Green Zelkova,0.0,7,Zelkova,N,N
901,-122.372127784869,47.5656106283976,DISTRICT1,Autumn Applause White Ash,0.0,13,Fraxinus,N,N
902,-122.26478277861,47.5417820215875,DISTRICT2,Vesuvius Purpleleaf Plum,0.0,4,Prunus,N,N
903,-122.294136084863,47.5966293221002,DISTRICT3,Largeleaf Crabapple,0.0,14,Malus,N,N
904,-122.360721143357,47.6895755000235,DISTRICT6,Narrowleaf Ash,0.0,12,Fraxinus,N,N
905,-122.398398984263,47.6916319996208,DISTRICT6,Italian Cypress,0.0,4,Cupressus,N,N
906,-122.307331736186,47.6169337168257,DISTRICT3,Pyramidal (Pyramidal European),0.0,16,Carpinus,N,N
907,-122.331200792958,47.5518183751929,DISTRICT2,Evergreen (Southern) Magnolia,0.0,6,Magnolia,N,N
908,-122.392870507103,47.6427094648435,DISTRICT7,Biloxi Crapemyrtle,0.0,5,Lagerstroemia,N,N
909,-122.325413791742,47.5659132337199,DISTRICT2,Washington Hawthorn,0.0,5,Crataegus,N,N
910,-122.328987998951,47.6557285453611,DISTRICT4,Forest Pansy Redbud,0.0,2,Cercis,N,N
911,-122.330426740932,47.6691250522626,DISTRICT6,Kwanzan Flowering Cherry,0.0,15,Prunus,N,N
912,-122.293551342768,47.5957264907599,DISTRICT3,Flame Amur Maple,0.0,1,Acer,N,N
913,-122.3254718719,47.6684983259146,DISTRICT6,Italian Cypress,0.0,4,Cupressus,N,N
914,-122.329769070801,47.6881577042504,DISTRICT6,Purpleleaf Plum variety,0.0,18,Prunus,N,N
915,-122.346457500652,47.6769989043157,DISTRICT6,Greencolumn Black Sugar Maple,0.0,3,Acer,N,N
916,-122.281972726013,47.6924031155614,DISTRICT5,Evergreen (Southern) Magnolia,0.0,4,Magnolia,N,N
917,-122.314843591022,47.5632814961702,DISTRICT2,Leprechaun Ash,0.0,2,Fraxinus,N,N
918,-122.35406395316,47.6374651659831,DISTRICT7,Paper (Canoe) Birch,0.0,15,Betula,N,N
919,-122.40795275554,47.6508123678599,DISTRICT7,Green Vase Zelkova,0.0,13,Zelkova,N,N
920,-122.324610454805,47.6379753806236,DISTRICT4,Evergreen (Southern) Magnolia,0.0,4,Magnolia,N,N
921,-122.385627942263,47.6702455005361,DISTRICT6,Japanese Snowbell Tree,0.0,4,Styrax,N,N
922,-122.302919593826,47.5536698378149,DISTRICT2,Norway Maple,0.0,18,Acer,N,N
923,-122.332458065041,47.6567558013969,DISTRICT4,"Persian Ironwood, Parrotia",0.0,2,Parrotia,N,N
924,-122.334697430354,47.7032808378419,DISTRICT5,Swedish Birch,0.0,3,Betula,N,N
925,-122.315715095799,47.6116066809604,DISTRICT3,Serviceberry,0.0,2,Amelanchier,N,N
926,-122.311732114465,47.6306961412411,DISTRICT3,Apple/Crabapple,0.0,4,Malus,N,N
927,-122.340650293973,47.6300902609974,DISTRICT7,Bradford Pear,0.0,5,Pyrus,N,N
928,-122.360433819733,47.5217253430073,DISTRICT1,Apple/Crabapple,0.0,4,Malus,N,N
929,-122.350000000463,47.6196529980961,DISTRICT7,London Plane (Tree),,24,Platanus,N,N
930,-122.292577580585,47.6026895515607,DISTRICT3,Cavalier Norway Maple,0.0,26,Acer,N,N
931,-122.280506798104,47.5538861152449,DISTRICT2,English Oak,0.0,29,Quercus,N,N
932,-122.341001187732,47.6640987766255,DISTRICT4,English Midland Hawthorn,0.0,11,Crataegus,N,N
933,-122.281232502669,47.6595580652361,DISTRICT4,English Midland Hawthorn,0.0,10,Crataegus,N,N
934,-122.299504880467,47.5968046321024,DISTRICT3,Sweetgum,0.0,14,Liquidambar,N,N
935,-122.314751151322,47.5763002502946,DISTRICT2,Scarlet Oak,0.0,1,Quercus,N,N
936,-122.319977725463,47.5255506497872,DISTRICT1,Globe Norway Maple,0.0,12,Acer,N,N
937,-122.284407805255,47.5716427919166,DISTRICT2,Callery Pear,0.0,10,Pyrus,N,N
938,-122.319639150209,47.5255506692862,DISTRICT1,Globe Norway Maple,0.0,11,Acer,N,N
939,-122.35922670945,47.623519351828,DISTRICT7,Globe Norway Maple,0.0,8,Acer,N,N
940,-122.352600000323,47.6220469993514,DISTRICT7,London Plane (Tree),,20,Platanus,N,N
941,-122.325376264423,47.5999557344389,DISTRICT2,Skyline Honey Locust,0.0,12,Gleditsia,N,N
942,-122.350906628318,47.5192251177562,DISTRICT1,Thundercloud Purpleleaf Plum,0.0,3,Prunus,N,N
943,-122.394151259611,47.6469377654103,DISTRICT7,(Smooth) Japanese Maple,0.0,8,Acer,N,N
944,-122.342287918263,47.6610726750153,DISTRICT4,Shingle Oak,0.0,1,Quercus,N,N
945,-122.312348930921,47.6583640983452,DISTRICT4,Freeman Maple,0.0,6,Acer,N,N
946,-122.376759361386,47.5325455644603,DISTRICT1,Green (Red) Ash,0.0,9,Fraxinus,N,N
947,-122.300220155569,47.610705174124,DISTRICT3,Scarlet Oak,0.0,21,Quercus,N,N
948,-122.393751052932,47.6702440201884,DISTRICT6,Common Hawthorn,0.0,15,Crataegus,N,N
949,-122.301865304472,47.7307841863145,DISTRICT5,Douglas Fir,0.0,44,Pseudotsuga,N,N
950,-122.394138094729,47.6528915942137,DISTRICT7,Apple/Crabapple,0.0,3,Malus,N,N
951,-122.318561165273,47.5621427779568,DISTRICT2,Purple Pony Plum,0.0,11,Prunus,N,N
952,-122.384482522747,47.5270623749523,DISTRICT1,Apple/Crabapple,0.0,3,Malus,N,N
953,-122.292133393231,47.6747246850822,DISTRICT4,Common (Euro) Mountain Ash,0.0,14,Sorbus,N,N
954,-122.31161850598,47.6525321084019,DISTRICT4,Red Oak,0.0,11,Quercus,N,N
955,-122.299409153096,47.6416452298628,DISTRICT3,Norway Maple,0.0,2,Acer,N,N
956,-122.286714137228,47.7263546872942,DISTRICT5,Italian Oak,0.0,3,Quercus,N,N
957,-122.322636918251,47.5290595859429,DISTRICT1,Largeleaf Crabapple,0.0,19,Malus,N,N
958,-122.317946084788,47.6875281332764,DISTRICT4,English Midland Hawthorn,0.0,15,Crataegus,N,N
959,-122.388087396468,47.5771302136785,DISTRICT1,Douglas Fir,0.0,5,Pseudotsuga,N,N
960,-122.271094406531,47.5207270318571,DISTRICT2,Norway Maple,0.0,15,Acer,N,N
961,-122.35622034774,47.6359099494687,DISTRICT7,Callery Pear,0.0,4,Pyrus,N,N
962,-122.365050561128,47.6399907304098,DISTRICT7,Red Oak,0.0,11,Quercus,N,N
963,-122.287479471517,47.6854120682226,DISTRICT4,Purpleleaf Plum variety,0.0,10,Prunus,N,N
964,-122.291079358865,47.6746339807238,DISTRICT4,English Midland Hawthorn,0.0,8,Crataegus,N,N
965,-122.317160926029,47.6458161704235,DISTRICT3,(European) White Birch,0.0,12,Betula,N,N
966,-122.367244354257,47.6701079954596,DISTRICT6,Japanese Snowbell Tree,0.0,5,Styrax,N,N
967,-122.350670408062,47.6351742439432,DISTRICT7,Blireiana Purpleleaf Plum,0.0,3,Prunus,N,N
968,-122.392863474726,47.6437442594913,DISTRICT7,(Smooth) Japanese Maple,0.0,3,Acer,N,N
969,-122.302963284635,47.6817130377936,DISTRICT4,Scots Pine,0.0,10,Pinus,N,N
970,-122.352698863167,47.631149320623,DISTRICT7,Leyland Cypress,0.0,20,x,N,N
971,-122.273919183599,47.6578109402599,DISTRICT4,English Midland Hawthorn,0.0,10,Crataegus,N,N
972,-122.315687189647,47.6197397817669,DISTRICT3,Green (Red) Ash,0.0,26,Fraxinus,N,N
973,-122.358541324919,47.5264461106596,DISTRICT1,Japanese Snowbell Tree,0.0,2,Styrax,N,N
974,-122.324449042262,47.635524422356,DISTRICT4,English (Hedge) Maple,0.0,9,Acer,N,N
975,-122.296134124547,47.5957481473658,DISTRICT3,Flame Narrowleaf Ash,0.0,16,Fraxinus,N,N
976,-122.325993819718,47.6110280788141,DISTRICT3,European Hornbeam,0.0,7,Carpinus,N,N
977,-122.295838684165,47.5613112619264,DISTRICT2,Norway Maple,0.0,8,Acer,N,N
978,-122.335379580499,47.6703477005771,DISTRICT6,Okame Cherry,0.0,11,Prunus,N,N
979,-122.357721245263,47.5233924036427,DISTRICT1,Pattern Perfect Maple,0.0,2,Acer,N,N
980,-122.288087223107,47.5397610101843,DISTRICT2,Sweetgum,0.0,12,Liquidambar,N,N
981,-122.302253123499,47.7011840783903,DISTRICT5,Bigleaf Maple,0.0,16,Acer,N,N
982,-122.335225539922,47.6972414735535,DISTRICT5,Tulip Tree,0.0,12,Liriodendron,N,N
983,-122.320906477098,47.6600005776932,DISTRICT4,Common Serviceberry,0.0,2,Amelanchier,N,N
984,-122.310598637895,47.5552237179037,DISTRICT2,Prairifire Crabapple,0.0,1,Malus,N,N
985,-122.346891926555,47.6610715970571,DISTRICT4,Callery Pear,0.0,7,Pyrus,N,N
986,-122.323961784364,47.5298757750936,DISTRICT1,Cherry/Plum/Laurel,0.0,1,Prunus,N,N
987,-122.343545578208,47.6129215478844,DISTRICT7,(California) Incense Cedar,0.0,16,Calocedrus,N,N
988,-122.321694837742,47.6067465432196,DISTRICT3,Red Oak,0.0,23,Quercus,N,N
989,-122.293494441488,47.6031490907794,DISTRICT3,(Sweet) Mazzard Cherry,0.0,3,Prunus,N,N
990,-122.362150920137,47.6431364890486,DISTRICT7,(Common) Goldenchain,0.0,9,Laburnum,N,N
991,-122.384126813927,47.5550395147249,DISTRICT1,(Smooth) Japanese Maple,0.0,4,Acer,N,N
992,-122.378242305981,47.5091025073198,DISTRICT1,Bowhall Maple,0.0,2,Acer,N,N
993,-122.406891925208,47.6490061753482,DISTRICT7,Cherry/Plum/Laurel,0.0,4,Prunus,N,N
994,-122.277763494515,47.6934753604368,DISTRICT5,Norway Maple,0.0,9,Acer,N,N
995,-122.297455908332,47.606134239179,DISTRICT3,Redbud Crabapple,0.0,10,Malus,N,N
996,-122.370463903915,47.6879087243271,DISTRICT6,Autumn Brilliance Serviceberry,0.0,1,Amelanchier,N,N
997,-122.311867679672,47.6878336306072,DISTRICT4,Autumn Blaze Pear,0.0,11,Pyrus,N,N
998,-122.318148282839,47.619505019375,DISTRICT3,Ash,0.0,2,Fraxinus,N,N
999,-122.28598902905,47.5313421120998,DISTRICT2,Horse Chestnut,0.0,38,Aesculus,N,N
1000,-122.324141804223,47.5949344108148,DISTRICT2,Common (Japanese) Zelkova,0.0,8,Zelkova,N,N
1001,-122.276415061074,47.6682228423062,DISTRICT4,Evergreen (Southern) Magnolia,0.0,9,Magnolia,N,N
1002,-122.324558381717,47.5935956405365,DISTRICT2,Red Oak,0.0,6,Quercus,N,N
1003,-122.403776138466,47.6413795676899,DISTRICT7,Minerva Hibiscus,0.0,5,Hibiscus,N,N
1004,-122.301643430491,47.6778478689015,DISTRICT4,Common Lilac,0.0,6,Syringa,N,N
1005,-122.364089072133,47.6258992850912,DISTRICT7,Sweetgum,0.0,18,Liquidambar,N,N
1006,-122.344802462771,47.65861179308,DISTRICT4,Austrian Black Pine,0.0,14,Pinus,N,N
1007,-122.394487524915,47.6772792078562,DISTRICT6,Akebono Cherry,0.0,11,Prunus,N,N
1008,-122.348498049281,47.6633122812782,DISTRICT6,Littleleaf Linden,0.0,10,Tilia,N,N
1009,-122.339032882774,47.6182659687538,DISTRICT7,Accolade Elm,0.0,8,Ulmus,N,N
1010,-122.390563608283,47.5802551750773,DISTRICT1,English Midland Hawthorn,0.0,7,Crataegus,N,N
1011,-122.3272731956,47.5239676782075,DISTRICT1,English (Hedge) Maple,0.0,12,Acer,N,N
1012,-122.384810412444,47.675684424862,DISTRICT6,Golden Rain Tree,0.0,2,Koelreuteria,N,N
1013,-122.301400001075,47.5881139985957,DISTRICT3,Carriere (Lavallei) Hawthorn,0.0,4,Crataegus,N,N
1014,-122.359431848745,47.6224136406976,DISTRICT7,Purpleleaf Plum variety,0.0,5,Prunus,N,N
1015,-122.396066309245,47.5704321652554,DISTRICT1,Aristocrat Pear,0.0,1,Pyrus,N,N
1016,-122.38960987523,47.6509669532664,DISTRICT7,Honey Locust,0.0,10,Gleditsia,N,N
1017,-122.415525305369,47.6454374062669,DISTRICT7,Yew,0.0,8,Taxus,N,N
1018,-122.392156976054,47.6342846788998,DISTRICT7,Japanese Snowbell Tree,0.0,10,Styrax,N,N
1019,-122.39092456661,47.5757943949018,DISTRICT1,"Ginkgo, Maidenhair Tree",0.0,1,Ginkgo,N,N
1020,-122.386951558592,47.5509006492117,DISTRICT1,Littleleaf Linden,0.0,16,Tilia,N,N
1021,-122.28196015269,47.6403741992573,DISTRICT3,Sweetgum,0.0,1,Liquidambar,N,N
1022,-122.376499999682,47.5298219997158,DISTRICT1,Kousa Dogwood,0.0,4,Cornus,N,N
1023,-122.294082237166,47.5791609432867,DISTRICT2,Little Gem Magnolia,0.0,2,Magnolia,N,N
1024,-122.279812599528,47.5552822465363,DISTRICT2,American Hornbeam,0.0,3,Carpinus,N,N
1025,-122.314140277196,47.6639012598321,DISTRICT4,Flame Amur Maple,0.0,23,Acer,N,N
1026,-122.282178079474,47.5330608467167,DISTRICT2,Paper (Canoe) Birch,0.0,4,Betula,N,N
1027,-122.351547518096,47.6626019578288,DISTRICT6,Freeman Maple,0.0,2,Acer,N,N
1028,-122.278532408215,47.6374728842248,DISTRICT3,(Wild) Black Cherry,0.0,4,Prunus,N,N
1029,-122.306425690674,47.6699924796449,DISTRICT4,Apple/Crabapple,0.0,2,Malus,N,N
1030,-122.372822375848,47.6879122987462,DISTRICT6,Eastern Dogwood,0.0,5,Cornus,N,N
1031,-122.333210543944,47.6143171734645,DISTRICT7,Red Oak,0.0,5,Quercus,N,N
1032,-122.349817401711,47.628876219932,DISTRICT7,Kwanzan Flowering Cherry,0.0,5,Prunus,N,N
1033,-122.370748978559,47.6323692471291,DISTRICT7,Cherry/Plum/Laurel,0.0,14,Prunus,N,N
1034,-122.324894095888,47.6177947645472,DISTRICT3,Common (Japanese) Zelkova,0.0,12,Zelkova,N,N
1035,-122.310861633585,47.665453966429,DISTRICT4,European (Fruiting) Plum,0.0,5,Prunus,N,N
1036,-122.32858239087,47.6068295653151,DISTRICT7,"Tupelo, Sour Gum",0.0,5,Nyssa,N,N
1037,-122.344124395564,47.6132389099589,DISTRICT7,Norway Maple,0.0,16,Acer,N,N
1038,-122.337225032558,47.6215525495885,DISTRICT7,Common Serviceberry,0.0,3,Amelanchier,N,N
1039,-122.400560686446,47.6394724314093,DISTRICT7,Evergreen (Southern) Magnolia,0.0,9,Magnolia,N,N
1040,-122.396814502347,47.6475859995254,DISTRICT7,Thundercloud Purpleleaf Plum,0.0,5,Prunus,N,N
1041,-122.345956812885,47.5338056496125,DISTRICT1,Bigleaf Maple,0.0,8,Acer,N,N
1042,-122.357734228244,47.676037486671,DISTRICT6,Callery Pear,0.0,9,Pyrus,N,N
1043,-122.365944936737,47.6745174971568,DISTRICT6,Sunburst Honey Locust,0.0,10,Gleditsia,N,N
1044,-122.378817051342,47.6761510402496,DISTRICT6,"Lawson Cypress, Port Orford Cedar",0.0,34,Chamaecyparis,N,N
1045,-122.349320491994,47.5351824718382,DISTRICT1,Princeton Elm,0.0,2,Ulmus,N,N
1046,-122.289181942188,47.5958866892333,DISTRICT3,Thundercloud Purpleleaf Plum,0.0,14,Prunus,N,N
1047,-122.331115377429,47.6908175694083,DISTRICT5,Bigleaf Maple,0.0,12,Acer,N,N
1048,-122.392473945729,47.5464369560963,DISTRICT1,Royal Raindrops Crabapple,0.0,3,Malus,N,N
1049,-122.281938845005,47.5586051671521,DISTRICT2,Forest Pansy Redbud,0.0,5,Cercis,N,N
1050,-122.376686549022,47.57966835526,DISTRICT1,Thundercloud Purpleleaf Plum,0.0,10,Prunus,N,N
1051,-122.401346084288,47.6758507627239,DISTRICT6,(Smooth) Japanese Maple,0.0,5,Acer,N,N
1052,-122.312473852134,47.5776873991733,DISTRICT2,Dawyck Purple Beech,0.0,2,Fagus,N,N
1053,-122.296375352595,47.6274040041453,DISTRICT3,White-barked Himalayan (Jacque,0.0,8,Betula,N,N
1054,-122.307735925288,47.6044174996649,DISTRICT3,Bigleaf Maple,0.0,36,Acer,N,N
1055,-122.354599999789,47.6228929991813,DISTRICT7,Sweetgum,,10,Liquidambar,N,N
1056,-122.397071949491,47.6616538531295,DISTRICT7,(Sweet) Mazzard Cherry,0.0,10,Prunus,N,N
1057,-122.376674887987,47.5195327671915,DISTRICT1,European Hornbeam,0.0,15,Carpinus,N,N
1058,-122.318850026231,47.6231315258931,DISTRICT3,Red Oak,0.0,39,Quercus,N,N
1059,-122.358055581275,47.5652456699097,DISTRICT1,Double Chinese Cherry,0.0,7,Prunus,N,N
1060,-122.318201665834,47.647875552623,DISTRICT3,English Midland Hawthorn,0.0,10,Crataegus,N,N
1061,-122.359708002496,47.6409305005437,DISTRICT7,(Smooth) Japanese Maple,0.0,6,Acer,N,N
1062,-122.367349675273,47.6842003185882,DISTRICT6,Yoshino Cherry,0.0,19,Prunus,N,N
1063,-122.354910247255,47.5367392277392,DISTRICT1,Norway Maple,0.0,13,Acer,N,N
1064,-122.303064342058,47.5945455721879,DISTRICT3,Washington Hawthorn,0.0,4,Crataegus,N,N
1065,-122.369172622101,47.6359687068177,DISTRICT7,Apple/Crabapple,0.0,6,Malus,N,N
1066,-122.379349340862,47.5350520186482,DISTRICT1,Thundercloud Purpleleaf Plum,0.0,9,Prunus,N,N
1067,-122.323538321035,47.5497496699317,DISTRICT2,Cherry/Plum/Laurel,0.0,14,Prunus,N,N
1068,-122.355329261061,47.6488166865225,DISTRICT7,Red Maple,0.0,6,Acer,N,N
1069,-122.352428699162,47.6526294307401,DISTRICT6,Callery Pear,0.0,7,Pyrus,N,N
1070,-122.410701642343,47.6510884972977,DISTRICT7,"Persian Ironwood, Parrotia",0.0,5,Parrotia,N,N
1071,-122.338337369968,47.6202702988663,DISTRICT7,Horse Chestnut,0.0,14,Aesculus,N,N
1072,-122.281949566911,47.6370812242374,DISTRICT3,Vine Maple,0.0,4,Acer,N,N
1073,-122.308388632904,47.6409589173573,DISTRICT3,Katsura Tree,0.0,1,Cercidiphyllum,N,N
1074,-122.297397572483,47.7159450525632,DISTRICT5,Norwegian Sunset Maple,0.0,6,Acer,N,N
1075,-122.371689205084,47.5443072394786,DISTRICT1,Magnolia,0.0,3,Magnolia,N,N
1076,-122.390901043368,47.6814289135523,DISTRICT6,Accolade Flowering Cherry,0.0,15,Prunus,N,N
1077,-122.375776897234,47.6806633580442,DISTRICT6,Orchard (Common) Apple,0.0,6,Malus,N,N
1078,-122.361111312695,47.6722855217906,DISTRICT6,Cherry/Plum/Laurel,0.0,2,Prunus,N,N
1079,-122.41204992248,47.5731613340899,DISTRICT1,Kousa Dogwood,0.0,1,Cornus,N,N
1080,-122.336359912827,47.6613107051448,DISTRICT4,Flame Narrowleaf Ash,0.0,8,Fraxinus,N,N
1081,-122.368660224056,47.67370384324,DISTRICT6,Leyland Cypress,0.0,2,x,N,N
1082,-122.322948283494,47.6016503193239,DISTRICT2,(California) Incense Cedar,0.0,6,Calocedrus,N,N
1083,-122.344729200605,47.6381735234413,DISTRICT7,Red Oak,0.0,20,Quercus,N,N
1084,-122.401030461782,47.6544231456088,DISTRICT7,Cascara (Buckthorn),0.0,2,Rhamnus,N,N
1085,-122.404290900699,47.6458963874828,DISTRICT7,Laceleaf Maple,0.0,6,Acer,N,N
1086,-122.385527767206,47.5694298604351,DISTRICT1,English Midland Hawthorn,0.0,10,Crataegus,N,N
1087,-122.325534431505,47.6269605486575,DISTRICT3,Eastern Dogwood,0.0,9,Cornus,N,N
1088,-122.316334653365,47.6857037550253,DISTRICT4,English Midland Hawthorn,0.0,12,Crataegus,N,N
1089,-122.351645935576,47.5185883348102,DISTRICT1,Full Moon (Downy Japanese) Maple,0.0,2,Acer,N,N
1090,-122.254682387226,47.5069492326797,DISTRICT2,"Persian Ironwood, Parrotia",0.0,2,Parrotia,N,N
1091,-122.271329646739,47.5477147219886,DISTRICT2,(Pacific) Madrona,0.0,18,Arbutus,N,N
1092,-122.384918078189,47.5467073905419,DISTRICT1,American Hornbeam,0.0,2,Carpinus,N,N
1093,-122.299004549803,47.6910609587803,DISTRICT5,White Fir,0.0,28,Abies,N,N
1094,-122.398486961864,47.6612642328422,DISTRICT7,Red Maple,0.0,14,Acer,N,N
1095,-122.334820896044,47.6715959236044,DISTRICT6,Purpleleaf Plum variety,0.0,8,Prunus,N,N
1096,-122.357771497051,47.7087751281129,DISTRICT5,Common Serviceberry,0.0,3,Amelanchier,N,N
1097,-122.317726836722,47.6553421443236,DISTRICT4,Sugar Maple,0.0,10,Acer,N,N
1098,-122.350804881216,47.5870801596243,DISTRICT1,Common (Euro) Mountain Ash,0.0,4,Sorbus,N,N
1099,-122.344490890662,47.7021560784295,DISTRICT5,Sweetgum,0.0,4,Liquidambar,N,N
1100,-122.323015039047,47.5297716837967,DISTRICT1,Thornless Cockspur Hawthorn,0.0,8,Crataegus,N,N
1101,-122.312726790315,47.6786461552067,DISTRICT4,Apple/Crabapple,0.0,8,Malus,N,N
1102,-122.36858218339,47.5486592472747,DISTRICT1,Pine,0.0,10,Pinus,N,N
1103,-122.3769698925,47.5763767993383,DISTRICT1,Kwanzan Flowering Cherry,0.0,7,Prunus,N,N
1104,-122.371278670343,47.5340730771301,DISTRICT1,(Smooth) Japanese Maple,0.0,2,Acer,N,N
1105,-122.34120989082,47.6136215735346,DISTRICT7,Red Oak,0.0,13,Quercus,N,N
1106,-122.321715104742,47.6097127790248,DISTRICT3,Norway Maple,0.0,18,Acer,N,N
1107,-122.360432013591,47.519743965989,DISTRICT1,Raywood Narrowleaf Ash,0.0,6,Fraxinus,N,N
1108,-122.375188197276,47.686831113399,DISTRICT6,Callery Pear,0.0,9,Pyrus,N,N
1109,-122.316049961003,47.5657596541423,DISTRICT2,Frontier Elm,0.0,2,Ulmus,N,N
1110,-122.326046788879,47.6694128581229,DISTRICT6,Korean Stewartia,0.0,2,Stewartia,N,N
1111,-122.334178806493,47.6002814108249,DISTRICT7,London Plane (Tree),0.0,18,Platanus,N,N
1112,-122.345778003465,47.6891638111167,DISTRICT6,(European) White Birch,0.0,4,Betula,N,N
1113,-122.321712102413,47.6268015143201,DISTRICT3,Callery Pear,0.0,6,Pyrus,N,N
1114,-122.346852939762,47.5274366689527,DISTRICT1,Spring Snow Crabapple,0.0,5,Malus,N,N
1115,-122.333843105181,47.7084388231229,DISTRICT5,Tulip Tree,0.0,8,Liriodendron,N,N
1116,-122.366041552325,47.6713486052731,DISTRICT6,Snowcone Japanese Snowbell,0.0,1,Styrax,N,N
1117,-122.361857515466,47.6686290603276,DISTRICT6,Kimberly Ash,0.0,21,Fraxinus,N,N
1118,-122.280349305701,47.6334128089115,DISTRICT3,Swamp White Oak,0.0,4,Quercus,N,N
1119,-122.38420813882,47.5267184015585,DISTRICT1,Cherry/Plum/Laurel,0.0,13,Prunus,N,N
1120,-122.394306213935,47.6576412571056,DISTRICT7,Hawthorn,0.0,5,Crataegus,N,N
1121,-122.357317226305,47.5301256800493,DISTRICT1,Apple/Crabapple,0.0,6,Malus,N,N
1122,-122.343114805721,47.617361104767,DISTRICT7,Red Oak,0.0,11,Quercus,N,N
1123,-122.326667244069,47.6225583220826,DISTRICT3,Full Moon (Downy Japanese) Maple,0.0,8,Acer,N,N
1124,-122.387680759549,47.6968528437109,DISTRICT6,(Common) Goldenchain,0.0,14,Laburnum,N,N
1125,-122.391804406389,47.5861006872497,DISTRICT1,Blireiana Purpleleaf Plum,0.0,3,Prunus,N,N
1126,-122.355657522712,47.6395223175252,DISTRICT7,Western Red Cedar,0.0,37,Thuja,N,N
1127,-122.309117325451,47.6184666508962,DISTRICT3,Katsura Tree,0.0,7,Cercidiphyllum,N,N
1128,-122.337491963336,47.662191804171,DISTRICT4,Sargent Cherry,0.0,5,Prunus,N,N
1129,-122.351578634613,47.6202831694159,DISTRICT7,Raywood Narrowleaf Ash,0.0,10,Fraxinus,N,N
1130,-122.296393426841,47.6017234902952,DISTRICT3,Cavalier Norway Maple,0.0,19,Acer,N,N
1131,-122.36862469553,47.6701823443713,DISTRICT6,English Oak,0.0,14,Quercus,N,N
1132,-122.315607057276,47.6240452814438,DISTRICT3,Evergreen (Southern) Magnolia,0.0,3,Magnolia,N,N
1133,-122.306995327952,47.5884590351271,DISTRICT3,Littleleaf Linden,,6,Tilia,N,N
1134,-122.309729790899,47.5953737645453,DISTRICT3,Scarlet Oak,0.0,4,Quercus,N,N
1135,-122.393049557946,47.6432921717131,DISTRICT7,English Midland Hawthorn,0.0,12,Crataegus,N,N
1136,-122.29536097576,47.7187682255795,DISTRICT5,Emerald Queen Norway Maple,0.0,12,Acer,N,N
1137,-122.285069073275,47.5737072875768,DISTRICT2,Littleleaf Linden,0.0,23,Tilia,N,N
1138,-122.332763310445,47.6015257550096,DISTRICT7,London Plane (Tree),0.0,18,Platanus,N,N
1139,-122.287845699253,47.6210340253698,DISTRICT3,White Mulberry,0.0,1,Morus,N,N
1140,-122.267382066031,47.5229603730158,DISTRICT2,Katsura Tree,0.0,2,Cercidiphyllum,N,N
1141,-122.343633884498,47.6582090283606,DISTRICT4,Common Fig,0.0,3,Ficus,N,N
1142,-122.345200450308,47.6506848263117,DISTRICT4,Norway Maple,0.0,14,Acer,N,N
1143,-122.349671585439,47.6731143822672,DISTRICT6,White Ash,0.0,4,Fraxinus,N,N
1144,-122.290068727503,47.6637804569687,DISTRICT4,English Midland Hawthorn,0.0,12,Crataegus,N,N
1145,-122.391718209959,47.6412494811518,DISTRICT7,(Smooth) Japanese Maple,0.0,11,Acer,N,N
1146,-122.363273279259,47.533200818047,DISTRICT1,Paperbark Maple,0.0,7,Acer,N,N
1147,-122.298958526103,47.606743659862,DISTRICT3,Snowdrift Crabapple,0.0,10,Malus,N,N
1148,-122.387489138084,47.589126635292,DISTRICT1,Kousa Dogwood,0.0,2,Cornus,N,N
1149,-122.358965924944,47.618882397584,DISTRICT7,Green (Red) Ash,0.0,5,Fraxinus,N,N
1150,-122.357843519895,47.6977839094476,DISTRICT6,Camellia,0.0,8,Camellia,N,N
1151,-122.397048223324,47.6492341008604,DISTRICT7,Cherry/Plum/Laurel,0.0,12,Prunus,N,N
1152,-122.304748738316,47.6486175605914,DISTRICT4,Armstrong Freeman (Red) Maple,0.0,9,Acer,N,N
1153,-122.293057604439,47.5777601089756,DISTRICT2,Pacific Sunset Maple,0.0,7,Acer,N,N
1154,-122.30237812491,47.5525663304608,DISTRICT2,Higan (Spring) Cherry,0.0,11,Prunus,N,N
1155,-122.258203010826,47.6727000393185,DISTRICT4,Evergreen (Southern) Magnolia,0.0,1,Magnolia,N,N
1156,-122.309332724403,47.6702398583932,DISTRICT4,Tulip Tree,107.0,48,Liriodendron,Y,N
1157,-122.351298663605,47.6373664810171,DISTRICT7,Purpleleaf Plum variety,0.0,21,Prunus,N,N
1158,-122.302753637168,47.6882225399721,DISTRICT4,Sugar Maple,0.0,10,Acer,N,N
1159,-122.349696542144,47.6777433426084,DISTRICT6,English Midland Hawthorn,0.0,12,Crataegus,N,N
1160,-122.301929314812,47.6188842368516,DISTRICT3,Redspire Pear,0.0,2,Pyrus,N,N
1161,-122.315321681105,47.6283796062703,DISTRICT3,Cherry/Plum/Laurel,0.0,4,Prunus,N,N
1162,-122.289234388692,47.673264649308,DISTRICT4,(Smooth) Japanese Maple,0.0,1,Acer,N,N
1163,-122.281999999626,47.5349629992169,DISTRICT2,Newport Purpleleaf Plum,0.0,4,Prunus,N,N
1164,-122.324782064411,47.594223485712,DISTRICT2,Callery Pear,0.0,7,Pyrus,N,N
1165,-122.351488615115,47.7149039429513,DISTRICT5,English Midland Hawthorn,0.0,9,Crataegus,N,N
1166,-122.292710731819,47.6698393131591,DISTRICT4,Yoshino Cherry,0.0,3,Prunus,N,N
1167,-122.387684434732,47.5883369978529,DISTRICT1,White Column (Amanogawa) Flowe,0.0,1,Prunus,N,N
1168,-122.374811897463,47.5482651757428,DISTRICT1,Red Maple,0.0,9,Acer,N,N
1169,-122.329378024975,47.5860019997005,DISTRICT2,Norway Maple,0.0,12,Acer,N,N
1170,-122.370747287004,47.7000907388838,DISTRICT6,Vine Maple,0.0,10,Acer,N,N
1171,-122.292918590751,47.5773806058943,DISTRICT2,Japanese Tree Lilac,0.0,1,Syringa,N,N
1172,-122.382449208868,47.5717696833451,DISTRICT1,Eastern Dogwood,0.0,5,Cornus,N,N
1173,-122.346014940067,47.6099534183617,DISTRICT7,Bowhall Maple,0.0,10,Acer,N,N
1174,-122.388196932669,47.5656505178282,DISTRICT1,Autumn Brilliance Serviceberry,0.0,1,Amelanchier,N,N
1175,-122.312733546512,47.6109941437304,DISTRICT3,European Hornbeam,0.0,2,Carpinus,N,N
1176,-122.351203287373,47.6550225587219,DISTRICT6,Thundercloud Purpleleaf Plum,0.0,10,Prunus,N,N
1177,-122.31583212373,47.5769243294539,DISTRICT2,Red Jewel Crabapple,0.0,3,Malus,N,N
1178,-122.271889354852,47.675829365446,DISTRICT4,Purpleleaf Plum variety,0.0,8,Prunus,N,N
1179,-122.375606410463,47.6752211255693,DISTRICT6,Kwanzan Flowering Cherry,0.0,19,Prunus,N,N
1180,-122.404853524978,47.6534471113843,DISTRICT7,Apple/Crabapple,0.0,14,Malus,N,N
1181,-122.357001674721,47.6412420474143,DISTRICT7,Purpleleaf Plum variety,0.0,4,Prunus,N,N
1182,-122.355322994302,47.6193791543178,DISTRICT7,Pyramidal (Pyramidal European),0.0,3,Carpinus,N,N
1183,-122.371566899137,47.6799305541837,DISTRICT6,White-barked Himalayan (Jacque,0.0,11,Betula,N,N
1184,-122.360759504771,47.6479422788934,DISTRICT7,Black Walnut,0.0,10,Juglans,N,N
1185,-122.347677508786,47.6515099088254,DISTRICT6,Unknown,0.0,2,,N,N
1186,-122.289304313705,47.6628634425851,DISTRICT4,Autumn Flowering Cherry,0.0,4,Prunus,N,N
1187,-122.300183681473,47.5940206464152,DISTRICT3,Emerald Queen Norway Maple,0.0,16,Acer,N,N
1188,-122.321811491788,47.6576801647717,DISTRICT4,Austrian Black Pine,0.0,21,Pinus,N,N
1189,-122.343714331742,47.6604915497886,DISTRICT4,Viburnum species,0.0,5,Viburnum,N,N
1190,-122.320776161062,47.6449628523493,DISTRICT3,English Midland Hawthorn,0.0,11,Crataegus,N,N
1191,-122.283836617525,47.7135234872596,DISTRICT5,Full Moon (Downy Japanese) Maple,0.0,5,Acer,N,N
1192,-122.392409682011,47.5429763318296,DISTRICT1,European Hazel,0.0,8,Corylus,N,N
1193,-122.350794625105,47.6731181418165,DISTRICT6,Paperbark Maple,0.0,3,Acer,N,N
1194,-122.333449633868,47.6665587279757,DISTRICT6,Common (Eastern) Redbud,,4,Cercis,N,N
1195,-122.361916937902,47.6691301119282,DISTRICT6,Double Chinese Cherry,0.0,6,Prunus,N,N
1196,-122.359537426896,47.6767200539374,DISTRICT6,White-barked Himalayan (Jacque,0.0,5,Betula,N,N
1197,-122.305952450164,47.6298607170973,DISTRICT3,London Plane (Tree),0.0,17,Platanus,N,N
1198,-122.317962891363,47.6283385544001,DISTRICT3,London Plane (Tree),0.0,47,Platanus,N,N
1199,-122.358166773603,47.7001931269407,DISTRICT6,Point Reyes ceanothus,0.0,9,Ceanothus,N,N
1200,-122.323835520313,47.5965221331741,DISTRICT2,Village Green Zelkova,0.0,20,Zelkova,N,N
1201,-122.36925224593,47.6737578440387,DISTRICT6,Western Red Cedar,0.0,8,Thuja,N,N
1202,-122.305206136922,47.6175581850485,DISTRICT3,Armstrong Freeman (Red) Maple,0.0,8,Acer,N,N
1203,-122.357214221262,47.6630324717165,DISTRICT6,Douglas Fir,0.0,4,Pseudotsuga,N,N
1204,-122.394592043647,47.6546318617723,DISTRICT7,(Smooth) Japanese Maple,0.0,3,Acer,N,N
1205,-122.295679857619,47.5932862014723,DISTRICT3,Snowdrift Crabapple,0.0,12,Malus,N,N
1206,-122.325821379013,47.7139926885212,DISTRICT5,English (Hedge) Maple,0.0,12,Acer,N,N
1207,-122.274929433674,47.5526952872754,DISTRICT2,Apple/Crabapple,0.0,5,Malus,N,N
1208,-122.370693428404,47.6833024833542,DISTRICT6,Apple/Crabapple,0.0,15,Malus,N,N
1209,-122.35950971096,47.6232228832047,DISTRICT7,Katsura Tree,0.0,2,Cercidiphyllum,N,N
1210,-122.298424510286,47.6680440075943,DISTRICT4,Kousa Dogwood,0.0,4,Cornus,N,N
1211,-122.355449354167,47.7305231076705,DISTRICT5,Wildfire Black Tupelo,0.0,2,Nyssa,N,N
1212,-122.399826774275,47.6848772267027,DISTRICT6,Kwanzan Flowering Cherry,0.0,5,Prunus,N,N
1213,-122.336457925071,47.6036760955579,DISTRICT7,Norway Maple,0.0,14,Acer,N,N
1214,-122.291300936757,47.6211735264587,DISTRICT3,Black Locust,0.0,42,Robinia,N,N
1215,-122.313300150225,47.5838726214206,DISTRICT2,Freeman Maple,0.0,23,Acer,N,N
1216,-122.335026526027,47.5887190472236,DISTRICT2,Quaking Aspen,0.0,6,Populus,N,N
1217,-122.292269081191,47.6640840748863,DISTRICT4,Japanese Snowbell Tree,0.0,1,Styrax,N,N
1218,-122.376797292485,47.5238032078232,DISTRICT1,European Hornbeam,0.0,15,Carpinus,N,N
1219,-122.376042090811,47.6938805479293,DISTRICT6,Red Sunset Red Maple,0.0,14,Acer,N,N
1220,-122.28941975185,47.6125675729343,DISTRICT3,Sugar Maple,0.0,24,Acer,N,N
1221,-122.370459654743,47.6890468421394,DISTRICT6,Robinson Crabapple,0.0,6,Malus,N,N
1222,-122.355187988951,47.6926525158798,DISTRICT6,Scarlet Sentinel Freeman Maple,0.0,4,Acer,N,N
1223,-122.383138525255,47.6773487240197,DISTRICT6,Frisia Black Locust,0.0,9,Robinia,N,N
1224,-122.301948908494,47.6423610610243,DISTRICT3,Sweetgum,0.0,20,Liquidambar,N,N
1225,-122.279522408959,47.5373275916283,DISTRICT2,Tulip Tree,0.0,3,Liriodendron,N,N
1226,-122.307781185806,47.6175309831977,DISTRICT3,Western Red Cedar,0.0,28,Thuja,N,N
1227,-122.281332656366,47.5628184029037,DISTRICT2,State Street Maple,0.0,2,Acer,N,N
1228,-122.335920081286,47.6128673347677,DISTRICT7,Red Maple,0.0,10,Acer,N,N
1229,-122.341732517604,47.6880191724922,DISTRICT6,English Midland Hawthorn,0.0,12,Crataegus,N,N
1230,-122.275291132154,47.5390627324288,DISTRICT2,Orchard (Common) Apple,0.0,1,Malus,N,N
1231,-122.334671209057,47.6042809941828,DISTRICT7,Littleleaf Linden,0.0,15,Tilia,N,N
1232,-122.395126904491,47.5447295822365,DISTRICT1,Purpleleaf Plum variety,0.0,1,Prunus,N,N
1233,-122.369338487644,47.5653958729839,DISTRICT1,Carriere (Lavallei) Hawthorn,0.0,13,Crataegus,N,N
1234,-122.359007610457,47.5298169582768,DISTRICT1,Autumn Brilliance Serviceberry,0.0,2,Amelanchier,N,N
1235,-122.367443683488,47.5337733503261,DISTRICT1,American Hornbeam,0.0,2,Carpinus,N,N
1236,-122.358965332253,47.5649536877358,DISTRICT1,Eastern (Canadian) Hemlock,0.0,6,Tsuga,N,N
1237,-122.362511235914,47.551968912338,DISTRICT1,Aristocrat Pear,0.0,9,Pyrus,N,N
1238,-122.321590846019,47.5767914899988,DISTRICT2,Japanese Hornbeam,0.0,7,Carpinus,N,N
1239,-122.322628237071,47.543565496508,DISTRICT2,Pacific Sunset Maple,0.0,9,Acer,N,N
1240,-122.298081922966,47.7096741893767,DISTRICT5,Grand (Giant) Fir,0.0,25,Abies,N,N
1241,-122.347460577373,47.68988910647,DISTRICT6,Maple,0.0,2,Acer,N,N
1242,-122.28557269886,47.6280195872924,DISTRICT3,Venus Dogwood,0.0,2,Cornus,N,N
1243,-122.324884281567,47.6485696847922,DISTRICT4,Western Red Cedar,0.0,5,Thuja,N,N
1244,-122.321600255178,47.5750766156756,DISTRICT2,Japanese Hornbeam,0.0,6,Carpinus,N,N
1245,-122.381010203445,47.6857364752941,DISTRICT6,Magnolia,0.0,2,Magnolia,N,N
1246,-122.394152187761,47.6471267046488,DISTRICT7,Eastern Dogwood,0.0,3,Cornus,N,N
1247,-122.277708565741,47.6308888987648,DISTRICT3,Red Maple,0.0,10,Acer,N,N
1248,-122.356474820491,47.7046837532435,DISTRICT6,Red Sunset Red Maple,0.0,12,Acer,N,N
1249,-122.336716952912,47.6978305360375,DISTRICT5,Red Maple,0.0,2,Acer,N,N
1250,-122.332874228176,47.6747590247479,DISTRICT6,Palisade American Hornbeam,0.0,2,Carpinus,N,N
1251,-122.388630762758,47.6846628112854,DISTRICT6,"Persian Ironwood, Parrotia",0.0,9,Parrotia,N,N
1252,-122.319174247257,47.5483017581946,DISTRICT2,Willow Oak,0.0,2,Quercus,N,N
1253,-122.406734053663,47.6538829562721,DISTRICT7,Paperbark Maple,0.0,3,Acer,N,N
1254,-122.387677244669,47.6977791317361,DISTRICT6,Colorado Spruce,0.0,7,Picea,N,N
1255,-122.356960852946,47.5563350445801,DISTRICT1,Cherry/Plum/Laurel,0.0,8,Prunus,N,N
1256,-122.30530194018,47.6854637003835,DISTRICT4,Freeman Maple,0.0,17,Acer,N,N
1257,-122.358150133939,47.6826018048077,DISTRICT6,Red Oak,0.0,24,Quercus,N,N
1258,-122.316475285952,47.5652723443065,DISTRICT2,Flame Amur Maple,0.0,2,Acer,N,N
1259,-122.387751578995,47.6386826109921,DISTRICT7,European (Green) Beech,0.0,2,Fagus,N,N
1260,-122.390182068295,47.6402322584659,DISTRICT7,English Holly,0.0,5,Ilex,N,N
1261,-122.389593190777,47.559856624279,DISTRICT1,Kwanzan Flowering Cherry,0.0,6,Prunus,N,N
1262,-122.327619944793,47.6072200252208,DISTRICT7,Bigleaf Maple,0.0,55,Acer,N,N
1263,-122.379081126013,47.5786980525127,DISTRICT1,English Midland Hawthorn,0.0,8,Crataegus,N,N
1264,-122.35167472869,47.7175173437738,DISTRICT5,Austrian Black Pine,0.0,16,Pinus,N,N
1265,-122.329887541186,47.6663298099412,DISTRICT6,English Holly,0.0,11,Ilex,N,N
1266,-122.32151788897,47.6569252502784,DISTRICT4,Western Red Cedar,0.0,10,Thuja,N,N
1267,-122.264697552213,47.5416367915191,DISTRICT2,Red Alder,0.0,20,Alnus,N,N
1268,-122.384338445938,47.6558221977479,DISTRICT7,Norway Maple,0.0,8,Acer,N,N
1269,-122.309425770579,47.6634901239005,DISTRICT4,Horse Chestnut,0.0,33,Aesculus,N,N
1270,-122.40386997403,47.6817225747604,DISTRICT6,Norway Maple,0.0,17,Acer,N,N
1271,-122.397102751796,47.6816009891291,DISTRICT6,Japanese Tree Lilac,0.0,4,Syringa,N,N
1272,-122.352151217151,47.7051346426275,DISTRICT5,American Hornbeam,0.0,2,Carpinus,N,N
1273,-122.325218035016,47.658359742304,DISTRICT4,Sweetgum,0.0,13,Liquidambar,N,N
1274,-122.336367559945,47.6926335618212,DISTRICT5,Norway Maple,0.0,1,Acer,N,N
1275,-122.38403547343,47.6887586927852,DISTRICT6,Higan (Spring) Cherry,0.0,9,Prunus,N,N
1276,-122.250388650073,47.5033860219954,DISTRICT2,Golden Rain Tree,0.0,2,Koelreuteria,N,N
1277,-122.40895411154,47.6396347808623,DISTRICT7,Common Stewartia,0.0,2,Stewartia,N,N
1278,-122.39744132014,47.6612152725234,DISTRICT7,Apple/Crabapple,0.0,9,Malus,N,N
1279,-122.38656662933,47.5692127617549,DISTRICT1,Silver (Silverleaf) Maple,0.0,24,Acer,N,N
1280,-122.357739755437,47.5190529128871,DISTRICT1,Snowcone Japanese Snowbell,0.0,2,Styrax,N,N
1281,-122.367096646014,47.6513285510811,DISTRICT7,Bigleaf Maple,0.0,20,Acer,N,N
1282,-122.347361508122,47.637453042727,DISTRICT7,Wild Weeping (Higan) Cherry,0.0,6,Prunus,N,N
1283,-122.293759194532,47.5782845237058,DISTRICT2,Spire Cherry,0.0,5,Prunus,N,N
1284,-122.357723822998,47.5231020999841,DISTRICT1,Pattern Perfect Maple,0.0,2,Acer,N,N
1285,-122.312732668969,47.6061176016644,DISTRICT3,Bigleaf Linden,0.0,20,Tilia,N,N
1286,-122.355623599257,47.653326121705,DISTRICT6,English Walnut,0.0,25,Juglans,N,N
1287,-122.359418638541,47.631272680679,DISTRICT7,Scarlet Oak,0.0,6,Quercus,N,N
1288,-122.34175661255,47.6614606465051,DISTRICT4,Cimmaron Green Ash,0.0,8,Fraxinus,N,N
1289,-122.344572924815,47.531882288296,DISTRICT1,"Hazel, California",0.0,15,Corylus,N,N
1290,-122.386880385792,47.5652432705801,DISTRICT1,Greenspire Littleleaf Linden,0.0,5,Tilia,N,N
1291,-122.39830854967,47.6493056657451,DISTRICT7,Katsura Tree,0.0,3,Cercidiphyllum,N,N
1292,-122.371464829576,47.6457345764576,DISTRICT7,Apple Serviceberry,0.0,4,Amelanchier,N,N
1293,-122.367972284189,47.6287886921776,DISTRICT7,Norway Maple,0.0,21,Acer,N,N
1294,-122.29939833872,47.6368002820776,DISTRICT3,Blireiana Purpleleaf Plum,0.0,8,Prunus,N,N
1295,-122.320617934036,47.6210351622258,DISTRICT3,Common Stewartia,0.0,3,Stewartia,N,N
1296,-122.397933279176,47.648686514509,DISTRICT7,Quaking Aspen,0.0,9,Populus,N,N
1297,-122.288940413467,47.5416314599224,DISTRICT2,Pin Oak,0.0,10,Quercus,N,N
1298,-122.376358435469,47.6905438318679,DISTRICT6,Norwegian Sunset Maple,0.0,12,Acer,N,N
1299,-122.347115668811,47.6616129819522,DISTRICT4,Douglas Fir,0.0,12,Pseudotsuga,N,N
1300,-122.340592873686,47.6611398580485,DISTRICT4,Sweetgum,0.0,13,Liquidambar,N,N
1301,-122.396056536197,47.5687015754911,DISTRICT1,Sassafras,0.0,9,Sassafras,N,N
1302,-122.317003524363,47.6786910401183,DISTRICT4,"Tupelo, Sour Gum",0.0,4,Nyssa,N,N
1303,-122.320557234822,47.6829987146776,DISTRICT4,Pine,0.0,16,Pinus,N,N
1304,-122.290341263876,47.5448919657509,DISTRICT2,English (Cherry) Laurel,0.0,4,Prunus,N,N
1305,-122.366158661407,47.6773116771474,DISTRICT6,Callery Pear,0.0,6,Pyrus,N,N
1306,-122.304811044458,47.6149415777161,DISTRICT3,Double Chinese Cherry,0.0,21,Prunus,N,N
1307,-122.395084839924,47.553677400489,DISTRICT1,White-barked Himalayan (Jacque,0.0,7,Betula,N,N
1308,-122.278596178397,47.6948078626878,DISTRICT5,Common (Eastern) Redbud,0.0,6,Cercis,N,N
1309,-122.381167614002,47.6896737631979,DISTRICT6,Apple/Crabapple,0.0,5,Malus,N,N
1310,-122.338637326583,47.6854689027343,DISTRICT6,Eastern Dogwood,0.0,2,Cornus,N,N
1311,-122.391584887814,47.5854017289842,DISTRICT1,Whitcomb Cherry,0.0,1,Prunus,N,N
1312,-122.278373178419,47.6380205574687,DISTRICT3,Chinese Fan (Windmill) Palm,0.0,5,Trachycarpus,N,N
1313,-122.362575630513,47.672423153285,DISTRICT6,Washington Hawthorn,0.0,4,Crataegus,N,N
1314,-122.390500943686,47.5822248264039,DISTRICT1,Autumn Flowering Cherry,0.0,8,Prunus,N,N
1315,-122.31306171731,47.7303405739968,DISTRICT5,Western Red Cedar,0.0,42,Thuja,N,N
1316,-122.391715789172,47.6926753219409,DISTRICT6,Blireiana Purpleleaf Plum,0.0,7,Prunus,N,N
1317,-122.320957157228,47.7208559891701,DISTRICT5,Cherry/Plum/Laurel,0.0,4,Prunus,N,N
1318,-122.338491301364,47.5383646525336,DISTRICT1,Red Oak,0.0,5,Quercus,N,N
1319,-122.353980179494,47.6884349631643,DISTRICT6,Callery Pear,0.0,2,Pyrus,N,N
1320,-122.360561531486,47.6833881687134,DISTRICT6,Yoshino Cherry,0.0,9,Prunus,N,N
1321,-122.370917019294,47.6768613565026,DISTRICT6,"Lawson Cypress, Port Orford Cedar",0.0,7,Chamaecyparis,N,N
1322,-122.406811253239,47.6407627303017,DISTRICT7,Orchard (Common) Apple,0.0,6,Malus,N,N
1323,-122.37350462086,47.5176513309603,DISTRICT1,Pyramidal Arborvitae,0.0,5,Thuja,N,N
1324,-122.312155597789,47.5831338479684,DISTRICT2,Green (Red) Ash,0.0,15,Fraxinus,N,N
1325,-122.31072518619,47.6840060425398,DISTRICT4,Chinese Kousa Dogwood,0.0,5,Cornus,N,N
1326,-122.286395132566,47.6922915944728,DISTRICT5,Full Moon (Downy Japanese) Maple,0.0,8,Acer,N,N
1327,-122.385540599653,47.6682138918423,DISTRICT6,Shumard Red Oak,0.0,24,Quercus,N,N
1328,-122.32905812986,47.5721171693592,DISTRICT2,(California) Incense Cedar,0.0,8,Calocedrus,N,N
1329,-122.369408512084,47.6901157597303,DISTRICT6,Honey Locust,0.0,11,Gleditsia,N,N
1330,-122.368816939121,47.6734564764382,DISTRICT6,English (Cherry) Laurel,0.0,13,Prunus,N,N
1331,-122.29979424432,47.6232168678991,DISTRICT3,Double Chinese Cherry,0.0,2,Prunus,N,N
1332,-122.321590033478,47.5771178533255,DISTRICT2,Japanese Hornbeam,0.0,7,Carpinus,N,N
1333,-122.355169770513,47.6446468303155,DISTRICT7,Chinese Kousa Dogwood,0.0,2,Cornus,N,N
1334,-122.362167658443,47.5705155736774,DISTRICT1,Giant Sequoia,0.0,26,Sequoiadendron,N,N
1335,-122.308543434216,47.6000765419783,DISTRICT3,Crimean Linden,0.0,6,Tilia,N,N
1336,-122.303928456858,47.673336409548,DISTRICT4,Cherry/Plum/Laurel,0.0,5,Prunus,N,N
1337,-122.3780835908,47.6795781233371,DISTRICT6,Japanese Tree Lilac,0.0,6,Syringa,N,N
1338,-122.286150625667,47.5476020662273,DISTRICT2,White Ash,0.0,5,Fraxinus,N,N
1339,-122.309938284875,47.6230911981136,DISTRICT3,Sugar Maple,0.0,7,Acer,N,N
1340,-122.29645484573,47.7179833295659,DISTRICT5,Redspire Pear,0.0,5,Pyrus,N,N
1341,-122.307199999152,47.7137139991968,DISTRICT5,Dogwood,0.0,1,Cornus,N,N
1342,-122.388777061436,47.5439227626302,DISTRICT1,English Midland Hawthorn,0.0,11,Crataegus,N,N
1343,-122.283415132961,47.5540618526441,DISTRICT2,Kousa Dogwood,0.0,4,Cornus,N,N
1344,-122.29991119802,47.6247776551035,DISTRICT3,Cascara (Buckthorn),0.0,1,Rhamnus,N,N
1345,-122.275460450564,47.544748332437,DISTRICT2,Aristocrat Pear,0.0,4,Pyrus,N,N
1346,-122.323303603042,47.5419608177814,DISTRICT2,Green Vase Zelkova,0.0,3,Zelkova,N,N
1347,-122.393539114548,47.562570644751,DISTRICT1,Orchard (Common) Apple,0.0,1,Malus,N,N
1348,-122.326882305949,47.6561911225519,DISTRICT4,"Ginkgo, Maidenhair Tree",0.0,3,Ginkgo,N,N
1349,-122.393114528941,47.6833926267416,DISTRICT6,Silver (Silverleaf) Maple,0.0,14,Acer,N,N
1350,-122.326836105543,47.6268869453286,DISTRICT3,Cherry/Plum/Laurel,0.0,15,Prunus,N,N
1351,-122.356340299246,47.5249885741902,DISTRICT1,Saucer Magnolia,0.0,2,Magnolia,N,N
1352,-122.300532530501,47.6654997351351,DISTRICT4,Littleleaf Linden,0.0,11,Tilia,N,N
1353,-122.317071229207,47.6206488007786,DISTRICT3,Purpleleaf Plum variety,0.0,12,Prunus,N,N
1354,-122.39452132658,47.6830419947583,DISTRICT6,Snowcone Japanese Snowbell,0.0,1,Styrax,N,N
1355,-122.310140369872,47.609814314908,DISTRICT3,Leyland Cypress,0.0,16,x,N,N
1356,-122.36180738257,47.634797670564,DISTRICT7,Norway Maple,0.0,28,Acer,N,N
1357,-122.369641387485,47.6450768742494,DISTRICT7,Vanessa Parrotia,0.0,4,Parrotia,N,N
1358,-122.372836660929,47.6982132578513,DISTRICT6,Purpleleaf Plum variety,0.0,15,Prunus,N,N
1359,-122.304476280228,47.6894057981346,DISTRICT4,Queen Elizabeth Maple,0.0,1,Acer,N,N
1360,-122.265432120686,47.6720719713059,DISTRICT4,Kwanzan Flowering Cherry,0.0,4,Prunus,N,N
1361,-122.315325406287,47.6569150666242,DISTRICT4,Norwegian Sunset Maple,0.0,6,Acer,N,N
1362,-122.343471733177,47.6126126795816,DISTRICT7,Red Maple,0.0,15,Acer,N,N
1363,-122.330821707016,47.6289737191963,DISTRICT3,Washington Hawthorn,0.0,4,Crataegus,N,N
1364,-122.361770234566,47.5538697860781,DISTRICT1,Juniper,0.0,2,Juniperus,N,N
1365,-122.402882987109,47.6829247095042,DISTRICT6,Dogwood,0.0,2,Cornus,N,N
1366,-122.312554833916,47.7249095933134,DISTRICT5,Littleleaf Linden,0.0,6,Tilia,N,N
1367,-122.383904073121,47.6527819655849,DISTRICT7,Oak,0.0,14,Quercus,N,N
1368,-122.291988488185,47.5781457504814,DISTRICT2,Unknown,0.0,1,,N,N
1369,-122.391913340552,47.6767740398382,DISTRICT6,Cherry/Plum/Laurel,0.0,2,Prunus,N,N
1370,-122.385448893421,47.6828804614916,DISTRICT6,Japanese Snowbell Tree,0.0,3,Styrax,N,N
1371,-122.364859163189,47.6387039164849,DISTRICT7,Paper (Canoe) Birch,0.0,6,Betula,N,N
1372,-122.317598483316,47.7098491705892,DISTRICT5,Red Maple,0.0,10,Acer,N,N
1373,-122.382204168136,47.6550663563835,DISTRICT7,Rosehill Ash,0.0,7,Fraxinus,N,N
1374,-122.345881901865,47.6949645289473,DISTRICT5,Kwanzan Flowering Cherry,0.0,9,Prunus,N,N
1375,-122.340741233042,47.697662220656,DISTRICT5,Blireiana Purpleleaf Plum,0.0,6,Prunus,N,N
1376,-122.367775971622,47.6592135177261,DISTRICT6,De Groot Littleleaf Linden,0.0,8,Tilia,N,N
1377,-122.396047377571,47.5681842411309,DISTRICT1,Aristocrat Pear,0.0,2,Pyrus,N,N
1378,-122.373825363977,47.5370684130313,DISTRICT1,Common Hawthorn,0.0,16,Crataegus,N,N
1379,-122.268797146589,47.5195643261026,DISTRICT2,Callery Pear,0.0,3,Pyrus,N,N
1380,-122.290618339406,47.5525663156218,DISTRICT2,White Oak,0.0,2,Quercus,N,N
1381,-122.340388264815,47.6880346421863,DISTRICT6,American Hornbeam Native Flame,0.0,2,Carpinus,N,N
1382,-122.327132652704,47.5461026000406,DISTRICT2,Vine Maple,0.0,12,Acer,N,N
1383,-122.368179138707,47.5664861360153,DISTRICT1,Washington Hawthorn,0.0,7,Crataegus,N,N
1384,-122.261156339745,47.5268181331513,DISTRICT2,Common Hawthorn,0.0,10,Crataegus,N,N
1385,-122.306859741507,47.5877820165126,DISTRICT3,Spire Cherry,0.0,2,Prunus,N,N
1386,-122.401032005844,47.6497577972915,DISTRICT7,Purpleleaf Plum variety,0.0,3,Prunus,N,N
1387,-122.309555885167,47.5870334486156,DISTRICT3,Paper (Canoe) Birch,0.0,21,Betula,N,N
1388,-122.383657424104,47.648504071151,DISTRICT7,Crape myrtle,0.0,3,Lagerstroemia,N,N
1389,-122.350021909392,47.5246205649718,DISTRICT1,Thundercloud Purpleleaf Plum,0.0,4,Prunus,N,N
1390,-122.374579963032,47.5838371945554,DISTRICT1,Red Maple,0.0,8,Acer,N,N
1391,-122.312983059738,47.664373249015,DISTRICT4,Crimean Linden,0.0,8,Tilia,N,N
1392,-122.400298948751,47.6386621848789,DISTRICT7,English Midland Hawthorn,0.0,12,Crataegus,N,N
1393,-122.340642580252,47.5263646586919,DISTRICT1,Bigleaf Maple,0.0,35,Acer,N,N
1394,-122.363121117217,47.5269576950023,DISTRICT1,Red Alder,0.0,40,Alnus,N,N
1395,-122.334360357209,47.5582084721003,DISTRICT2,Red Maple,0.0,11,Acer,N,N
1396,-122.290888842656,47.5743293003906,DISTRICT2,Norway Maple,0.0,3,Acer,N,N
1397,-122.368787351837,47.6644573089095,DISTRICT6,Common (Eastern) Redbud,0.0,4,Cercis,N,N
1398,-122.390299339401,47.6450817830599,DISTRICT7,Apple/Crabapple,0.0,10,Malus,N,N
1399,-122.355182686125,47.6577019565298,DISTRICT6,(Pere) David`s (Stripebark) Maple,0.0,8,Acer,N,N
1400,-122.369799289457,47.6309554351187,DISTRICT7,Vine Maple,0.0,5,Acer,N,N
1401,-122.27732118492,47.6629611470532,DISTRICT4,(Smooth) Japanese Maple,0.0,1,Acer,N,N
1402,-122.326702704652,47.6396836969743,DISTRICT4,English Midland Hawthorn,0.0,10,Crataegus,N,N
1403,-122.26631089037,47.5405252445201,DISTRICT2,American Hornbeam,0.0,2,Carpinus,N,N
1404,-122.36649666827,47.6351425142049,DISTRICT7,(Smooth) Japanese Maple,0.0,12,Acer,N,N
1405,-122.292909208921,47.5808210958247,DISTRICT2,Cherry/Plum/Laurel,0.0,1,Prunus,N,N
1406,-122.288308655055,47.6966640854639,DISTRICT5,Kousa Dogwood,0.0,9,Cornus,N,N
1407,-122.351780107283,47.5207539608283,DISTRICT1,English Midland Hawthorn,0.0,13,Crataegus,N,N
1408,-122.292897054856,47.5845698915962,DISTRICT3,White Column (Amanogawa) Flowe,0.0,4,Prunus,N,N
1409,-122.358036867463,47.566129921415,DISTRICT1,Starlight Dogwood,0.0,2,Cornus,N,N
1410,-122.274393201797,47.5585560676452,DISTRICT2,Cornelian Cherry,0.0,5,Cornus,N,N
1411,-122.329897456647,47.5857638418204,DISTRICT2,Norway Maple,0.0,11,Acer,N,N
1412,-122.360070000706,47.70695999852,DISTRICT5,Dogwood,0.0,1,Cornus,N,N
1413,-122.308100259846,47.5822181482481,DISTRICT2,Purpleleaf Plum variety,0.0,8,Prunus,N,N
1414,-122.396530295551,47.6721641551208,DISTRICT6,Hazel,0.0,8,Corylus,N,N
1415,-122.2753264959,47.5436280196034,DISTRICT2,Common (Eastern) Redbud,0.0,2,Cercis,N,N
1416,-122.353114368516,47.6333114304924,DISTRICT7,Callery Pear,0.0,4,Pyrus,N,N
1417,-122.374598625952,47.5654497716015,DISTRICT1,Cherry/Plum/Laurel,0.0,5,Prunus,N,N
1418,-122.394840390338,47.639613014726,DISTRICT7,Kwanzan Flowering Cherry,0.0,7,Prunus,N,N
1419,-122.323833637825,47.7096427642495,DISTRICT5,Bowhall Maple,0.0,3,Acer,N,N
1420,-122.358015149267,47.5382905004927,DISTRICT1,Red Alder,0.0,15,Alnus,N,N
1421,-122.386577546971,47.5868302813609,DISTRICT1,Norway Maple,0.0,2,Acer,N,N
1422,-122.335734757661,47.6238271730958,DISTRICT7,"Tupelo, Sour Gum",0.0,4,Nyssa,N,N
1423,-122.412040160632,47.6457582273615,DISTRICT7,Vine Maple,0.0,4,Acer,N,N
1424,-122.342658620054,47.6923164924054,DISTRICT5,White-barked Himalayan (Jacque,0.0,1,Betula,N,N
1425,-122.38016930144,47.5502619554877,DISTRICT1,Flame Amur Maple,0.0,1,Acer,N,N
1426,-122.26489076573,47.5259913574575,DISTRICT2,Carriere (Lavallei) Hawthorn,0.0,3,Crataegus,N,N
1427,-122.380224991062,47.5745063637399,DISTRICT1,Thundercloud Purpleleaf Plum,0.0,9,Prunus,N,N
1428,-122.277288748097,47.5433996027713,DISTRICT2,Autumn Blaze Freeman Maple,0.0,6,Acer,N,N
1429,-122.384366099469,47.6539176523523,DISTRICT7,(California) Incense Cedar,0.0,24,Calocedrus,N,N
1430,-122.313569363171,47.6224962211976,DISTRICT3,Common Juniper,0.0,4,Juniperus,N,N
1431,-122.376355488716,47.5590628556526,DISTRICT1,English Midland Hawthorn,0.0,8,Crataegus,N,N
1432,-122.363905725596,47.6592528216035,DISTRICT6,Apple/Crabapple,0.0,5,Malus,N,N
1433,-122.380460802994,47.549491597304,DISTRICT1,Yoshino Cherry,0.0,2,Prunus,N,N
1434,-122.271471842798,47.5519467947936,DISTRICT2,Kousa Dogwood,0.0,2,Cornus,N,N
1435,-122.359026640628,47.6322553749986,DISTRICT7,Sweetgum,0.0,16,Liquidambar,N,N
1436,-122.349704706719,47.6512570406854,DISTRICT6,Oak,0.0,9,Quercus,N,N
1437,-122.319743219829,47.5299054942423,DISTRICT1,Red Sunset Red Maple,0.0,31,Acer,N,N
1438,-122.395924310129,47.6381541645749,DISTRICT7,Kwanzan Flowering Cherry,0.0,10,Prunus,N,N
1439,-122.347712495874,47.6521198515473,DISTRICT6,Washington Hawthorn,0.0,5,Crataegus,N,N
1440,-122.284101908213,47.7008595003745,DISTRICT5,Purpleleaf Plum variety,0.0,7,Prunus,N,N
1441,-122.398417708482,47.6392467518863,DISTRICT7,Samuel Sommer Magnolia,0.0,13,Magnolia,N,N
1442,-122.328784913571,47.5540755591514,DISTRICT2,Thundercloud Purpleleaf Plum,0.0,12,Prunus,N,N
1443,-122.374180746444,47.6867021143546,DISTRICT6,Norway Maple,0.0,14,Acer,N,N
1444,-122.342135767403,47.640918961423,DISTRICT7,Eddie's White Wonder Dogwood,0.0,2,Cornus,N,N
1445,-122.332509709237,47.6592384125799,DISTRICT4,Callery Pear,0.0,7,Pyrus,N,N
1446,-122.387158418067,47.6558533983982,DISTRICT7,Blireiana Purpleleaf Plum,0.0,9,Prunus,N,N
1447,-122.308765367366,47.6172001573044,DISTRICT3,Silver (Silverleaf) Maple,0.0,21,Acer,N,N
1448,-122.340873958563,47.6301034479037,DISTRICT7,Norway Maple,0.0,12,Acer,N,N
1449,-122.392958138419,47.5721317486359,DISTRICT1,Aristocrat Pear,0.0,2,Pyrus,N,N
1450,-122.290949126139,47.5831412603552,DISTRICT3,Blireiana Purpleleaf Plum,0.0,8,Prunus,N,N
1451,-122.275304282533,47.5411864686493,DISTRICT2,Prairifire Crabapple,0.0,4,Malus,N,N
1452,-122.402233411504,47.670476683355,DISTRICT6,Amur Maple,0.0,10,Acer,N,N
1453,-122.37222034091,47.6492969197582,DISTRICT7,Deodar Cedar,0.0,6,Cedrus,N,N
1454,-122.298735499462,47.6131317685911,DISTRICT3,Red Sunset Red Maple,0.0,9,Acer,N,N
1455,-122.331495642522,47.6197269986033,DISTRICT7,Bowhall Maple,0.0,8,Acer,N,N
1456,-122.330259440357,47.6585415452743,DISTRICT4,English Midland Hawthorn,0.0,9,Crataegus,N,N
1457,-122.36980423092,47.5441513127534,DISTRICT1,Green (Red) Ash,0.0,7,Fraxinus,N,N
1458,-122.363299810695,47.5177832785133,DISTRICT1,Red Oak,0.0,13,Quercus,N,N
1459,-122.288431832392,47.6612250960899,DISTRICT4,Sweetgum,0.0,7,Liquidambar,N,N
1460,-122.288782193285,47.698298762587,DISTRICT5,Galaxy Magnolia,0.0,2,Magnolia,N,N
1461,-122.301378291291,47.7193857552559,DISTRICT5,Marshall Green Ash,0.0,9,Fraxinus,N,N
1462,-122.306772879071,47.5601775104657,DISTRICT2,American Hornbeam,0.0,3,Carpinus,N,N
1463,-122.309275215213,47.5756909702392,DISTRICT2,European (Green) Beech,0.0,21,Fagus,N,N
1464,-122.343344499592,47.7321660784076,DISTRICT5,English Holly,0.0,12,Ilex,N,N
1465,-122.347487790905,47.6521019648902,DISTRICT4,Shore Pine,0.0,25,Pinus,N,N
1466,-122.29274675794,47.6033247689915,DISTRICT3,Chanticleer Pear,0.0,14,Pyrus,N,N
1467,-122.408600835368,47.6388150823551,DISTRICT7,Evergreen (Southern) Magnolia,0.0,6,Magnolia,N,N
1468,-122.29021624803,47.6156047445942,DISTRICT3,Common (Euro) Mountain Ash,0.0,14,Sorbus,N,N
1469,-122.310890361552,47.601617995532,DISTRICT3,Hybrid Goldenchain,0.0,4,Laburnum,N,N
1470,-122.286575501811,47.6883712192108,DISTRICT4,Kwanzan Flowering Cherry,0.0,11,Prunus,N,N
1471,-122.313878907633,47.6743372320963,DISTRICT4,Hawthorn,0.0,4,Crataegus,N,N
1472,-122.327176212493,47.6619200329559,DISTRICT4,White-barked Himalayan (Jacque,0.0,7,Betula,N,N
1473,-122.304738920081,47.6374360733863,DISTRICT3,Purpleleaf Plum variety,0.0,4,Prunus,N,N
1474,-122.302424697375,47.7015512143712,DISTRICT5,Norway Maple,0.0,8,Acer,N,N
1475,-122.303777724535,47.6456251001594,DISTRICT3,White-barked Himalayan (Jacque,0.0,3,Betula,N,N
1476,-122.417182471568,47.6533240478281,DISTRICT7,Hawthorn,0.0,6,Crataegus,N,N
1477,-122.277120682994,47.5269030029152,DISTRICT2,American Hornbeam,0.0,2,Carpinus,N,N
1478,-122.332574342413,47.6671609528312,DISTRICT6,Red Maple,0.0,11,Acer,N,N
1479,-122.29931673632,47.7228643692415,DISTRICT5,Fall Fiesta Sugar Maple,0.0,2,Acer,N,N
1480,-122.416577522447,47.6505261050698,DISTRICT7,Laceleaf Maple,0.0,3,Acer,N,N
1481,-122.290228420342,47.5697102332067,DISTRICT2,Freeman Maple,0.0,16,Acer,N,N
1482,-122.373903189794,47.6628659451984,DISTRICT6,Pacific Sunset Maple,0.0,6,Acer,N,N
1483,-122.278903563347,47.6966252040954,DISTRICT5,Western Red Cedar,0.0,9,Thuja,N,N
1484,-122.327509211434,47.6136891886297,DISTRICT3,Vine Maple,0.0,3,Acer,N,N
1485,-122.33023057641,47.6609606447016,DISTRICT4,Magnolia,0.0,8,Magnolia,N,N
1486,-122.349375699466,47.5297004019698,DISTRICT1,Kousa Dogwood,0.0,5,Cornus,N,N
1487,-122.358384665845,47.6753425985905,DISTRICT6,Thundercloud Purpleleaf Plum,0.0,7,Prunus,N,N
1488,-122.307651965536,47.5731380658165,DISTRICT2,Sugar Tyme Crabapple,0.0,10,Malus,N,N
1489,-122.351866514795,47.5580388699307,DISTRICT1,European Hornbeam,0.0,15,Carpinus,N,N
1490,-122.336577886622,47.6969549288105,DISTRICT5,Blireiana Purpleleaf Plum,0.0,1,Prunus,N,N
1491,-122.288197673189,47.6162173530882,DISTRICT3,(California) Incense Cedar,0.0,14,Calocedrus,N,N
1492,-122.32020781772,47.686993450977,DISTRICT4,(Smooth) Japanese Maple,0.0,1,Acer,N,N
1493,-122.318914805463,47.6251158875935,DISTRICT3,Callery Pear,0.0,7,Pyrus,N,N
1494,-122.319235326577,47.6289532457306,DISTRICT3,(European) White Birch,0.0,8,Betula,N,N
1495,-122.346077698933,47.6628633854231,DISTRICT4,European Smoke Tree,0.0,5,Cotinus,N,N
1496,-122.339203022033,47.6567838619833,DISTRICT4,Cherry/Plum/Laurel,0.0,4,Prunus,N,N
1497,-122.381210561639,47.5609820026473,DISTRICT1,Amur Maackia,0.0,2,Maackia,N,N
1498,-122.321883403398,47.5444352046184,DISTRICT2,Coral Sun Golden Rain Tree,0.0,2,Koelrueteria,N,N
1499,-122.333844202973,47.6587058987065,DISTRICT4,Orchard (Common) Apple,0.0,2,Malus,N,N
1500,-122.363573829568,47.6786006466077,DISTRICT6,(European) White Birch,0.0,7,Betula,N,N
1501,-122.360813836176,47.6442473839381,DISTRICT7,Lolanthe Magnolia,0.0,2,Magnolia,N,N
1502,-122.299207495751,47.6061363645915,DISTRICT3,Redbud Crabapple,0.0,8,Malus,N,N
1503,-122.395490073825,47.6494114113649,DISTRICT7,Pine,0.0,9,Pinus,N,N
1504,-122.403628873604,47.6562081461663,DISTRICT7,Black Poplar,0.0,10,Populus,N,N
1505,-122.285352612172,47.5753022406446,DISTRICT2,Common (Fruiting) Pear Tree,0.0,1,Pyrus,N,N
1506,-122.352146535037,47.6168186543951,DISTRICT7,Cleveland Norway Maple,0.0,6,Acer,N,N
1507,-122.382209724834,47.6857183805776,DISTRICT6,Kwanzan Flowering Cherry,0.0,21,Prunus,N,N
1508,-122.281347265317,47.5569911665029,DISTRICT2,Brandywine Crabapple,0.0,2,Malus,N,N
1509,-122.33980721601,47.6985081396993,DISTRICT5,Paperbark Maple,0.0,2,Acer,N,N
1510,-122.318778234224,47.7195208099598,DISTRICT5,London Plane (Tree),0.0,22,Platanus,N,N
1511,-122.294067902107,47.6079216877568,DISTRICT3,Red Maple,0.0,21,Acer,N,N
1512,-122.324980397862,47.5513288789473,DISTRICT2,Thundercloud Purpleleaf Plum,0.0,2,Prunus,N,N
1513,-122.394870553311,47.6701434860757,DISTRICT6,Orchard (Common) Apple,0.0,4,Malus,N,N
1514,-122.325697150219,47.6231713182384,DISTRICT3,English (Hedge) Maple,0.0,5,Acer,N,N
1515,-122.349354950668,47.524975141503,DISTRICT1,Paperbark Maple,0.0,6,Acer,N,N
1516,-122.350798653831,47.6738279345737,DISTRICT6,Double Chinese Cherry,0.0,1,Prunus,N,N
1517,-122.378438793079,47.536706889507,DISTRICT1,Blireiana Purpleleaf Plum,0.0,5,Prunus,N,N
1518,-122.315631658565,47.6225116820588,DISTRICT3,(Smooth) Japanese Maple,0.0,3,Acer,N,N
1519,-122.294165557931,47.5522395601975,DISTRICT2,Cherry/Plum/Laurel,0.0,15,Prunus,N,N
1520,-122.363682661911,47.6394431808078,DISTRICT7,Raywood Narrowleaf Ash,0.0,10,Fraxinus,N,N
1521,-122.319007657975,47.6729079311449,DISTRICT4,Norway Maple,0.0,31,Acer,N,N
1522,-122.287251906258,47.6810524935929,DISTRICT4,Purpleleaf Plum variety,0.0,8,Prunus,N,N
1523,-122.334541591567,47.6167700599825,DISTRICT7,Common Stewartia,0.0,3,Stewartia,N,N
1524,-122.269252036293,47.5510804069545,DISTRICT2,Largeleaf Crabapple,0.0,10,Malus,N,N
1525,-122.369317930175,47.6837542792299,DISTRICT6,Autumn Brilliance Serviceberry,0.0,3,Amelanchier,N,N
1526,-122.391996153875,47.6871712612413,DISTRICT6,Amur Maple,0.0,9,Acer,N,N
1527,-122.319759447974,47.6557563174965,DISTRICT4,Black Cottonwood,0.0,23,Populus,N,N
1528,-122.300116239004,47.5444463484582,DISTRICT2,Red Maple,0.0,16,Acer,N,N
1529,-122.310758322432,47.6636757554924,DISTRICT4,English Midland Hawthorn,0.0,9,Crataegus,N,N
1530,-122.361285146435,47.6629717830824,DISTRICT6,Kousa Dogwood,0.0,7,Cornus,N,N
1531,-122.318918699089,47.6226106707724,DISTRICT3,Mountain Ash/Whitebeam,0.0,5,Sorbus,N,N
1532,-122.373827531911,47.7034140846899,DISTRICT6,(European) White Birch,0.0,12,Betula,N,N
1533,-122.310067837107,47.6869105507411,DISTRICT4,Red Maple,0.0,7,Acer,N,N
1534,-122.389889083893,47.54718019337,DISTRICT1,(Smooth) Japanese Maple,0.0,7,Acer,N,N
1535,-122.400168743551,47.6951308548391,DISTRICT6,English Holly,0.0,3,Ilex,N,N
1536,-122.324809114125,47.5238755184662,DISTRICT1,Chanticleer Pear,0.0,8,Pyrus,N,N
1537,-122.378422969639,47.6794857138003,DISTRICT6,Kousa Dogwood,0.0,7,Cornus,N,N
1538,-122.393092714532,47.68075970788,DISTRICT6,Pacific Dogwood,0.0,4,Cornus,N,N
1539,-122.321045243369,47.637207703867,DISTRICT3,Honey Locust,0.0,4,Gleditsia,N,N
1540,-122.318024431952,47.6378526234221,DISTRICT3,Carriere (Lavallei) Hawthorn,0.0,8,Crataegus,N,N
1541,-122.279322953784,47.5348005203034,DISTRICT2,Frontier Elm,0.0,4,Ulmus,N,N
1542,-122.351265369897,47.6299838914278,DISTRICT7,Kwanzan Flowering Cherry,0.0,4,Prunus,N,N
1543,-122.377509293826,47.6923668908369,DISTRICT6,Norway Spruce,0.0,31,Picea,N,N
1544,-122.299905688953,47.5960636426285,DISTRICT3,Emerald Queen Norway Maple,0.0,20,Acer,N,N
1545,-122.39388589513,47.6992044819912,DISTRICT6,Crape myrtle,0.0,5,Lagerstroemia,N,N
1546,-122.368261515085,47.6881319586417,DISTRICT6,Narrowleaf Ash,0.0,9,Fraxinus,N,N
1547,-122.353417886711,47.5666741597791,DISTRICT1,European Hornbeam,0.0,11,Carpinus,N,N
1548,-122.397335858005,47.6541193747288,DISTRICT7,Japanese Snowbell Tree,0.0,6,Styrax,N,N
1549,-122.390868657795,47.6708669928592,DISTRICT6,Purpleleaf Plum variety,0.0,15,Prunus,N,N
1550,-122.334079068752,47.6613139570323,DISTRICT4,"Tupelo, Sour Gum",0.0,1,Nyssa,N,N
1551,-122.325344061213,47.6101454487436,DISTRICT3,(Sweet) Mazzard Cherry,0.0,6,Prunus,N,N
1552,-122.379259463113,47.6939532594857,DISTRICT6,Norway Maple,0.0,9,Acer,N,N
1553,-122.404742807688,47.6527212594012,DISTRICT7,Katsura Tree,0.0,17,Cercidiphyllum,N,N
1554,-122.319095231074,47.6295156691467,DISTRICT3,Callery Pear,0.0,12,Pyrus,N,N
1555,-122.322749550723,47.7227680703781,DISTRICT5,Bald Cypress,0.0,2,Taxodium,N,N
1556,-122.32617446409,47.6546104824296,DISTRICT4,Washington Hawthorn,0.0,5,Crataegus,N,N
1557,-122.28207777268,47.6351300488361,DISTRICT3,(European) White Birch,0.0,13,Betula,N,N
1558,-122.349894668333,47.6775761838934,DISTRICT6,English Midland Hawthorn,0.0,12,Crataegus,N,N
1559,-122.312292185536,47.6897856992269,DISTRICT4,Apple/Crabapple,0.0,4,Malus,N,N
1560,-122.292317921423,47.6144865108374,DISTRICT3,English Midland Hawthorn,0.0,10,Crataegus,N,N
1561,-122.33629134329,47.6220996106095,DISTRICT7,Bigleaf (Fragrant) Snowbell,0.0,9,Styrax,N,N
1562,-122.301604656304,47.7192149270938,DISTRICT5,(Pacific) Madrona,0.0,4,Arbutus,N,N
1563,-122.352139423781,47.680365751797,DISTRICT6,Yoshino Cherry,0.0,5,Prunus,N,N
1564,-122.354510447817,47.6714547872923,DISTRICT6,Purpleleaf Plum variety,0.0,8,Prunus,N,N
1565,-122.354032653175,47.5227093658392,DISTRICT1,"Persian Ironwood, Parrotia",0.0,3,Parrotia,N,N
1566,-122.294850292212,47.6050188450333,DISTRICT3,Armstrong Freeman (Red) Maple,0.0,11,Acer,N,N
1567,-122.382466083565,47.6990435519603,DISTRICT6,Vine Maple,0.0,10,Acer,N,N
1568,-122.347295019017,47.6879347292364,DISTRICT6,Apple/Crabapple,0.0,2,Malus,N,N
1569,-122.323888626628,47.6602495960267,DISTRICT4,Flame Amur Maple,0.0,3,Acer,N,N
1570,-122.381129800072,47.6825255532453,DISTRICT6,(Smooth) Japanese Maple,0.0,3,Acer,N,N
1571,-122.367749473531,47.6340559303339,DISTRICT7,Sawara Cypress,0.0,10,Chamaecyparis,N,N
1572,-122.345690348482,47.5301800121577,DISTRICT1,Wild Weeping (Higan) Cherry,0.0,11,Prunus,N,N
1573,-122.33685921607,47.6246174559241,DISTRICT7,London Plane (Tree),0.0,6,Platanus,N,N
1574,-122.400069928041,47.6356248552666,DISTRICT7,Double Chinese Cherry,0.0,7,Prunus,N,N
1575,-122.327594209238,47.6535400720313,DISTRICT4,Western Red Cedar,0.0,7,Thuja,N,N
1576,-122.349152989413,47.6400396067309,DISTRICT7,Red Oak,0.0,7,Quercus,N,N
1577,-122.287874535374,47.594772225104,DISTRICT3,White-barked Himalayan (Jacque,0.0,3,Betula,N,N
1578,-122.36213235845,47.5412340647722,DISTRICT1,Plane/Sycamore,0.0,20,Platanus,N,N
1579,-122.387967617884,47.5713543501489,DISTRICT1,Autumn Brilliance Serviceberry,0.0,1,Amelanchier,N,N
1580,-122.271981363081,47.658767702653,DISTRICT4,Red Maple,0.0,3,Acer,N,N
1581,-122.395723308956,47.6406442190872,DISTRICT7,Apple/Crabapple,0.0,5,Malus,N,N
1582,-122.367455585034,47.681397658534,DISTRICT6,(Smooth) Japanese Maple,0.0,5,Acer,N,N
1583,-122.277319599282,47.5398358933912,DISTRICT2,Freeman Maple,0.0,11,Acer,N,N
1584,-122.383292290679,47.6784487654234,DISTRICT6,Flame Amur Maple,0.0,9,Acer,N,N
1585,-122.351204649525,47.6531091733299,DISTRICT6,Apple/Crabapple,0.0,6,Malus,N,N
1586,-122.278463733539,47.6668292848376,DISTRICT4,"Basswood, American Linden",0.0,3,Tilia,N,N
1587,-122.300275461392,47.643158616154,DISTRICT3,Callery Pear,0.0,2,Pyrus,N,N
1588,-122.333515229291,47.6186095376787,DISTRICT7,Village Green Zelkova,0.0,5,Zelkova,N,N
1589,-122.339124711481,47.614997288811,DISTRICT7,Swamp White Oak,0.0,4,Quercus,N,N
1590,-122.347016969332,47.5535517939778,DISTRICT1,European Hornbeam,0.0,14,Carpinus,N,N
1591,-122.280998072694,47.52279859286,DISTRICT2,White Poplar,0.0,28,Populus,N,N
1592,-122.369120169613,47.6370966660298,DISTRICT7,(Smooth) Japanese Maple,0.0,5,Acer,N,N
1593,-122.329421822155,47.6737009468676,DISTRICT6,Purpleleaf Plum variety,0.0,3,Prunus,N,N
1594,-122.390524894086,47.698714707379,DISTRICT6,Western Hemlock,0.0,17,Tsuga,N,N
1595,-122.32583114222,47.5652085451935,DISTRICT2,Norway Maple,0.0,16,Acer,N,N
1596,-122.313638026655,47.5618286494947,DISTRICT2,State Street Maple,0.0,2,Acer,N,N
1597,-122.269715694615,47.5519352657791,DISTRICT2,Snow Goose Cherry,0.0,5,Prunus,N,N
1598,-122.349520409803,47.6191048723853,DISTRICT7,London Plane (Tree),0.0,30,Platanus,N,N
1599,-122.368539167764,47.6983468726924,DISTRICT6,Red Sunset Red Maple,0.0,14,Acer,N,N
1600,-122.310899325959,47.6902806476289,DISTRICT5,(Smooth) Japanese Maple,0.0,5,Acer,N,N
1601,-122.302893578685,47.7096582460573,DISTRICT5,Silk Tree/Mimosa,0.0,7,Albizia,N,N
1602,-122.366579571958,47.6814960762902,DISTRICT6,English Midland Hawthorn,0.0,11,Crataegus,N,N
1603,-122.393503356868,47.5585532083956,DISTRICT1,White-barked Himalayan (Jacque,0.0,1,Betula,N,N
1604,-122.353998702171,47.6257987275765,DISTRICT7,Double Chinese Cherry,0.0,5,Prunus,N,N
1605,-122.359493949048,47.6390535795509,DISTRICT7,Douglas Fir,0.0,26,Pseudotsuga,N,N
1606,-122.355690647729,47.7199233841443,DISTRICT5,Carriere (Lavallei) Hawthorn,0.0,3,Crataegus,N,N
1607,-122.368831394857,47.6484538050905,DISTRICT7,Hinoki Cypress,0.0,2,Chamaecyparis,N,N
1608,-122.370000000253,47.5442779992157,DISTRICT1,Apple Serviceberry,0.0,3,Amelanchier,N,N
1609,-122.365949446178,47.5655068930025,DISTRICT1,Black Locust,0.0,6,Robinia,N,N
1610,-122.316127926865,47.6663787883853,DISTRICT4,Amur Maple,0.0,10,Acer,N,N
1611,-122.366299071412,47.6338252682155,DISTRICT7,Apple/Crabapple,0.0,5,Malus,N,N
1612,-122.320910122852,47.6583386334184,DISTRICT4,Higan (Spring) Cherry,0.0,12,Prunus,N,N
1613,-122.401236354013,47.6412177639393,DISTRICT7,Sweetgum,0.0,4,Liquidambar,N,N
1614,-122.363531733359,47.6397750232272,DISTRICT7,Apple/Crabapple,0.0,3,Malus,N,N
1615,-122.363265539469,47.6799344935732,DISTRICT6,Carriere (Lavallei) Hawthorn,0.0,7,Crataegus,N,N
1616,-122.300424836396,47.7035303879032,DISTRICT5,Common (Euro) Mountain Ash,0.0,3,Sorbus,N,N
1617,-122.270735873913,47.5180189978049,DISTRICT2,Turkestan Mountain Ash,0.0,10,Sorbus,N,N
1618,-122.331603003191,47.691185699419,DISTRICT5,Common Lilac,0.0,6,Syringa,N,N
1619,-122.310341465272,47.6045941443161,DISTRICT3,Apple/Crabapple,0.0,7,Malus,N,N
1620,-122.385596060709,47.5719927442124,DISTRICT1,Washington Hawthorn,0.0,2,Crataegus,N,N
1621,-122.317033170682,47.617302333475,DISTRICT3,False Cypress,0.0,3,Chamaecyparis,N,N
1622,-122.371571919513,47.6851332719142,DISTRICT6,Yoshino Cherry,0.0,12,Prunus,N,N
1623,-122.395277806452,47.6737469783491,DISTRICT6,Apple/Crabapple,0.0,3,Malus,N,N
1624,-122.385427087137,47.6752400100663,DISTRICT6,Magnolia,0.0,5,Magnolia,N,N
1625,-122.317648378079,47.7049805323427,DISTRICT5,Colorado Spruce,0.0,14,Picea,N,N
1626,-122.357707008591,47.6839677762804,DISTRICT6,Red Maple,0.0,6,Acer,N,N
1627,-122.388575977613,47.6562691875813,DISTRICT7,Red Alder,0.0,20,Alnus,N,N
1628,-122.311630630302,47.6052379052074,DISTRICT3,Japanese Snowbell Tree,0.0,2,Styrax,N,N
1629,-122.379146676184,47.5474700884842,DISTRICT1,Shiro-fugen Flowering Cherry,0.0,6,Prunus,N,N
1630,-122.33520737654,47.5894237950677,DISTRICT2,Quaking Aspen,0.0,5,Populus,N,N
1631,-122.378824550744,47.6778690055774,DISTRICT6,European (Green) Beech,0.0,29,Fagus,N,N
1632,-122.361928889579,47.6358930185573,DISTRICT7,Katsura Tree,0.0,7,Cercidiphyllum,N,N
1633,-122.318409159839,47.6875330674406,DISTRICT4,Purpleleaf Plum variety,0.0,14,Prunus,N,N
1634,-122.323239983616,47.5648421983339,DISTRICT2,Washington Hawthorn,0.0,7,Crataegus,N,N
1635,-122.320638515135,47.6048947020365,DISTRICT6,Kobus Magnolia,0.0,5,Magnolia,N,N
1636,-122.332163627352,47.6650799495994,DISTRICT6,Carriere (Lavallei) Hawthorn,0.0,6,Crataegus,N,N
1637,-122.326991305748,47.6936201181245,DISTRICT5,Maple,0.0,5,Acer,N,N
1638,-122.396889484253,47.6832132256446,DISTRICT6,(Smooth) Japanese Maple,0.0,9,Acer,N,N
1639,-122.379028294552,47.5593097740778,DISTRICT1,(Smooth) Japanese Maple,0.0,1,Acer,N,N
1640,-122.308207562585,47.668049379366,DISTRICT4,(European) White Birch,0.0,24,Betula,N,N
1641,-122.361289122377,47.6432988020904,DISTRICT7,Paper (Canoe) Birch,0.0,6,Betula,N,N
1642,-122.32880079457,47.6555049436303,DISTRICT4,Red Oak,0.0,16,Quercus,N,N
1643,-122.359168427377,47.5256446217024,DISTRICT1,Autumn Brilliance Serviceberry,0.0,3,Amelanchier,N,N
1644,-122.298706683593,47.5743482703994,DISTRICT2,Douglas Fir,0.0,6,Pseudotsuga,N,N
1645,-122.324950696183,47.5256757202325,DISTRICT1,City Sprite Zelkova,0.0,4,Zelkova,N,N
1646,-122.348493979964,47.6623336956526,DISTRICT6,Thundercloud Purpleleaf Plum,0.0,2,Prunus,N,N
1647,-122.271701523013,47.6728567066516,DISTRICT4,Kwanzan Flowering Cherry,0.0,5,Prunus,N,N
1648,-122.39495415515,47.6744946961043,DISTRICT6,Tree Lilac,0.0,8,Syringa,N,N
1649,-122.380378800223,47.5319977548359,DISTRICT1,Paperbark Maple,0.0,16,Acer,N,N
1650,-122.286512134917,47.6666501204073,DISTRICT4,(European) White Birch,0.0,7,Betula,N,N
1651,-122.334941160621,47.6590179510156,DISTRICT4,Katsura Tree,0.0,8,Cercidiphyllum,N,N
1652,-122.40105304039,47.6693501849548,DISTRICT6,Common Fig,0.0,1,Ficus,N,N
1653,-122.321129229979,47.6109300096821,DISTRICT3,Armstrong Freeman (Red) Maple,0.0,12,Acer,N,N
1654,-122.387319060942,47.5450224293436,DISTRICT1,Littleleaf Linden,0.0,11,Tilia,N,N
1655,-122.410512903987,47.5740546408936,DISTRICT1,Kwanzan Flowering Cherry,0.0,9,Prunus,N,N
1656,-122.384205117485,47.5695054933201,DISTRICT1,Honey Locust,0.0,2,Gleditsia,N,N
1657,-122.331235888558,47.6886852023929,DISTRICT6,Paperbark Maple,0.0,2,Acer,N,N
1658,-122.388027855152,47.5664658611231,DISTRICT1,Frontier Elm,0.0,1,Ulmus,N,N
1659,-122.275419488393,47.5395917435581,DISTRICT2,Frontier Elm,0.0,1,Ulmus,N,N
1660,-122.377127701618,47.5763691737709,DISTRICT1,English Midland Hawthorn,0.0,7,Crataegus,N,N
1661,-122.363244599079,47.6919304347235,DISTRICT6,Red Maple,0.0,9,Acer,N,N
1662,-122.314757247161,47.573508524296,DISTRICT2,Spring Flurry Serviceberry,0.0,2,Amelanchier,N,N
1663,-122.395628247953,47.6524389709897,DISTRICT7,Japanese Snowbell Tree,0.0,6,Styrax,N,N
1664,-122.371518530474,47.6397203015188,DISTRICT7,Double Chinese Cherry,0.0,6,Prunus,N,N
1665,-122.34554845747,47.6314566438318,DISTRICT7,Empress Tree,0.0,3,Paulownia,N,N
1666,-122.365913453396,47.6793063521471,DISTRICT6,Autumn Brilliance Serviceberry,0.0,2,Amelanchier,N,N
1667,-122.348170104814,47.6175790958615,DISTRICT7,Sweetgum,0.0,9,Liquidambar,N,N
1668,-122.297028639056,47.5967710913085,DISTRICT3,Emerald Avenue European Hornbeam,0.0,1,Carpinus,N,N
1669,-122.309705650238,47.7127874234962,DISTRICT5,Black Locust,0.0,29,Robinia,N,N
1670,-122.322190770645,47.708682081586,DISTRICT5,Red Oak,0.0,22,Quercus,N,N
1671,-122.402750355981,47.6834634407597,DISTRICT6,Red Alder,0.0,6,Alnus,N,N
1672,-122.30989104803,47.6849793387173,DISTRICT4,Orchard (Common) Apple,0.0,4,Malus,N,N
1673,-122.391754792745,47.6338596833335,DISTRICT7,Kwanzan Flowering Cherry,0.0,2,Prunus,N,N
1674,-122.300202608208,47.6113771878467,DISTRICT3,Red Oak,0.0,23,Quercus,N,N
1675,-122.3554310328,47.6852842082,DISTRICT6,European (Green) Beech,0.0,13,Fagus,N,N
1676,-122.345081314309,47.5462818261148,DISTRICT1,European Hornbeam,0.0,13,Carpinus,N,N
1677,-122.368653012381,47.6742362502913,DISTRICT6,Japanese Snowbell Tree,0.0,9,Styrax,N,N
1678,-122.363124884357,47.5611516904125,DISTRICT1,Japanese Hornbeam,0.0,2,Carpinus,N,N
1679,-122.334627307171,47.5817754711723,DISTRICT2,Pin Oak,0.0,18,Quercus,N,N
1680,-122.348729737216,47.5553356501569,DISTRICT1,European Hornbeam,0.0,10,Carpinus,N,N
1681,-122.374234397981,47.6456526378526,DISTRICT7,Katsura Tree,0.0,22,Cercidiphyllum,N,N
1682,-122.357335347112,47.6905398857268,DISTRICT6,Red Maple,0.0,14,Acer,N,N
1683,-122.283775351557,47.5176398147168,DISTRICT2,Norway Maple,0.0,13,Acer,N,N
1684,-122.310718033903,47.5974214919988,DISTRICT3,Pacific Sunset Maple,0.0,0,Acer,N,N
1685,-122.387057324066,47.5557837202961,DISTRICT1,Littleleaf Linden,0.0,18,Tilia,N,N
1686,-122.27660487755,47.6976730569866,DISTRICT5,Douglas Fir,0.0,36,Pseudotsuga,N,N
1687,-122.322407340785,47.610392310747,DISTRICT3,Red Maple,0.0,12,Acer,N,N
1688,-122.390051375632,47.6700667045953,DISTRICT6,Cutleaf Hornbeam,0.0,19,Carpinus,N,N
1689,-122.33964355314,47.6227588710879,DISTRICT7,Musashino Zelkova,0.0,3,Zelkova,N,N
1690,-122.291000326826,47.7031084781845,DISTRICT5,Douglas Fir,0.0,16,Pseudotsuga,N,N
1691,-122.289359253014,47.6256976329159,DISTRICT3,Bigleaf Maple,80.0,59,Acer,Y,N
1692,-122.40239192677,47.6432477245024,DISTRICT7,Aristocrat Pear,0.0,6,Pyrus,N,N
1693,-122.312942364172,47.6230467014631,DISTRICT3,Norway Maple,0.0,12,Acer,N,N
1694,-122.314230408568,47.6202062466817,DISTRICT3,Oregon Crab Apple,0.0,8,Malus,N,N
1695,-122.350058974988,47.656337746469,DISTRICT6,Red Sunset Red Maple,0.0,16,Acer,N,N
1696,-122.372677870693,47.6859204958126,DISTRICT6,Orchard (Common) Apple,0.0,2,Malus,N,N
1697,-122.371106382144,47.5761448370236,DISTRICT1,Yoshino Cherry,0.0,10,Prunus,N,N
1698,-122.377169176657,47.572027956228,DISTRICT1,Apple/Crabapple,0.0,2,Malus,N,N
1699,-122.375538692022,47.6915453683534,DISTRICT6,Red Maple,0.0,11,Acer,N,N
1700,-122.357694016177,47.5269546260893,DISTRICT1,Chanticleer Pear,0.0,2,Pyrus,N,N
1701,-122.324282904582,47.5967480647247,DISTRICT2,Common (Japanese) Zelkova,0.0,11,Zelkova,N,N
1702,-122.308092756423,47.5780447529471,DISTRICT2,Dogwood,0.0,3,Cornus,N,N
1703,-122.269594972794,47.564899169167,DISTRICT2,Forest Pansy Redbud,0.0,1,Cercis,N,N
1704,-122.349196032466,47.6541823672884,DISTRICT6,Oregon Ash,0.0,14,Fraxinus,N,N
1705,-122.343931757173,47.5370222141792,DISTRICT1,Scots Pine,0.0,20,Pinus,N,N
1706,-122.322696263048,47.563466529034,DISTRICT2,Littleleaf Linden,0.0,9,Tilia,N,N
1707,-122.340086839916,47.6132086950679,DISTRICT7,Red Oak,0.0,14,Quercus,N,N
1708,-122.347886041469,47.6206374872696,DISTRICT7,London Plane (Tree),0.0,27,Platanus,N,N
1709,-122.265564872386,47.5576361747047,DISTRICT2,Ash,0.0,3,Fraxinus,N,N
1710,-122.326792309263,47.5616130695097,DISTRICT2,Sycamore Maple,0.0,9,Acer,N,N
1711,-122.386292560089,47.5321941834279,DISTRICT1,Sweetgum,0.0,17,Liquidambar,N,N
1712,-122.317431130546,47.6846600976919,DISTRICT4,Crimean Linden,0.0,18,Tilia,N,N
1713,-122.308387763577,47.6652447340616,DISTRICT4,Norway Maple,0.0,29,Acer,N,N
1714,-122.289366771138,47.6788593275151,DISTRICT4,Callery Pear,0.0,2,Pyrus,N,N
1715,-122.294075071168,47.5788799819533,DISTRICT2,Norway Maple,0.0,2,Acer,N,N
1716,-122.294073658803,47.5815495954858,DISTRICT3,"Ginkgo, Maidenhair Tree",0.0,3,Ginkgo,N,N
1717,-122.369088119927,47.62982351852,DISTRICT7,Kwanzan Flowering Cherry,0.0,10,Prunus,N,N
1718,-122.323985029154,47.5931618150176,DISTRICT2,Sweetgum,0.0,10,Liquidambar,N,N
1719,-122.319331463995,47.6005413614233,DISTRICT1,"Tupelo, Sour Gum",0.0,3,Nyssa,N,N
1720,-122.313170524239,47.6153489180786,DISTRICT3,Norwegian Sunset Maple,0.0,10,Acer,N,N
1721,-122.326609913775,47.6088076284854,DISTRICT3,Armstrong Freeman (Red) Maple,0.0,11,Acer,N,N
1722,-122.39090835156,47.5521176994651,DISTRICT1,"Persian Ironwood, Parrotia",0.0,2,Parrotia,N,N
1723,-122.39295825427,47.5186879075395,DISTRICT1,Blireiana Purpleleaf Plum,0.0,5,Prunus,N,N
1724,-122.343216410927,47.6847228180511,DISTRICT6,Orchard (Common) Apple,0.0,1,Malus,N,N
1725,-122.386531204259,47.6876003701103,DISTRICT6,English Midland Hawthorn,0.0,7,Crataegus,N,N
1726,-122.307382044652,47.7056531456594,DISTRICT5,Hawthorn,0.0,8,Crataegus,N,N
1727,-122.397611230685,47.6694228321127,DISTRICT6,Apple/Crabapple,0.0,15,Malus,N,N
1728,-122.370509818819,47.6818008806424,DISTRICT6,Chinese Kousa Dogwood,0.0,5,Cornus,N,N
1729,-122.279174413476,47.5223832188913,DISTRICT2,Red Maple,0.0,6,Acer,N,N
1730,-122.380381368122,47.5741779327006,DISTRICT1,Kwanzan Flowering Cherry,0.0,4,Prunus,N,N
1731,-122.335361746168,47.6008142010925,DISTRICT7,Greenspire Littleleaf Linden,0.0,11,Tilia,N,N
1732,-122.387813639272,47.681265436596,DISTRICT6,Apple/Crabapple,0.0,5,Malus,N,N
1733,-122.352679427507,47.6912387800198,DISTRICT6,"Ginkgo, Maidenhair Tree",0.0,4,Ginkgo,N,N
1734,-122.394140616436,47.6500303285447,DISTRICT7,Double Chinese Cherry,0.0,13,Prunus,N,N
1735,-122.312079058245,47.5511931991075,DISTRICT2,Sterling Linden,0.0,2,Tilia,N,N
1736,-122.319977061162,47.6237152083257,DISTRICT3,Red Maple,0.0,15,Acer,N,N
1737,-122.32792379108,47.5230355489495,DISTRICT1,Common (Eastern) Redbud,0.0,2,Cercis,N,N
1738,-122.386897720792,47.5261223993713,DISTRICT1,Blireiana Purpleleaf Plum,0.0,4,Prunus,N,N
1739,-122.326885194895,47.6167108020207,DISTRICT3,Norway Maple,0.0,12,Acer,N,N
1740,-122.372800896988,47.6966061156743,DISTRICT6,Littleleaf Linden,0.0,6,Tilia,N,N
1741,-122.325621801122,47.6283130715602,DISTRICT3,European (Green) Beech,0.0,25,Fagus,N,N
1742,-122.324725068697,47.5993007083912,DISTRICT2,Amur Cork Tree,0.0,7,Phellodendron,N,N
1743,-122.347078465086,47.657797572661,DISTRICT4,Apricot Tree,0.0,2,Prunus,N,N
1744,-122.369448381912,47.6452552431886,DISTRICT7,Scarlet Oak,0.0,4,Quercus,N,N
1745,-122.394867701325,47.6998794719989,DISTRICT6,English Holly,0.0,5,Ilex,N,N
1746,-122.367037704365,47.6671256999597,DISTRICT6,Scarlet Oak,0.0,4,Quercus,N,N
1747,-122.308378543288,47.5944875650181,DISTRICT3,Ruby Vase Persian Ironwood,0.0,1,Parrotia,N,N
1748,-122.376626873076,47.5423828652744,DISTRICT1,Green (Red) Ash,0.0,9,Fraxinus,N,N
1749,-122.327638706936,47.6032739821645,DISTRICT3,Freeman Maple,0.0,6,Acer,N,N
1750,-122.340275290129,47.6522057543074,DISTRICT4,(Smooth) Japanese Maple,0.0,6,Acer,N,N
1751,-122.323983266098,47.6607855886944,DISTRICT4,Aristocrat Pear,0.0,8,Pyrus,N,N
1752,-122.257377867206,47.5171252883259,DISTRICT2,Common Serviceberry,0.0,1,Amelanchier,N,N
1753,-122.375535776159,47.6702280499729,DISTRICT6,Freeman Maple,0.0,7,Acer,N,N
1754,-122.348290987619,47.6728429332689,DISTRICT6,Katsura Tree,0.0,4,Cercidiphyllum,N,N
1755,-122.312792344797,47.6064554237742,DISTRICT3,European Hornbeam,0.0,3,Carpinus,N,N
1756,-122.286526998874,47.7014496605248,DISTRICT5,Douglas Fir,0.0,9,Pseudotsuga,N,N
1757,-122.311396867186,47.5742237559759,DISTRICT2,Peach Tree,0.0,8,Prunus,N,N
1758,-122.392934425105,47.6857653513256,DISTRICT6,Kousa Dogwood,0.0,1,Cornus,N,N
1759,-122.373121846445,47.5680595741457,DISTRICT1,Honey Locust,0.0,10,Gleditsia,N,N
1760,-122.350459990059,47.6348159010987,DISTRICT7,Red Maple,0.0,14,Acer,N,N
1761,-122.335298051083,47.6137797545977,DISTRICT7,Bowhall Maple,0.0,11,Acer,N,N
1762,-122.356826079885,47.621736197399,DISTRICT7,Bowhall Maple,0.0,8,Acer,N,N
1763,-122.329831029646,47.6515928499824,DISTRICT4,Hazel,0.0,12,Corylus,N,N
1764,-122.305733969223,47.5598412619935,DISTRICT2,Akebono Cherry,0.0,4,Prunus,N,N
1765,-122.32036124097,47.6714587119361,DISTRICT4,(European) White Birch,0.0,7,Betula,N,N
1766,-122.338690039167,47.6571542210558,DISTRICT4,Chinese Kousa Dogwood,0.0,5,Cornus,N,N
1767,-122.384098872252,47.6886597484166,DISTRICT6,Kwanzan Flowering Cherry,0.0,11,Prunus,N,N
1768,-122.373670870332,47.6801702010826,DISTRICT6,Japanese Snowbell Tree,0.0,4,Styrax,N,N
1769,-122.333852135326,47.6581386722088,DISTRICT4,Red Maple,0.0,11,Acer,N,N
1770,-122.329985544213,47.6046985818718,DISTRICT3,Columnar (Arnold) Tulip Tree,0.0,5,Liriodendron,N,N
1771,-122.320736570784,47.5442727385395,DISTRICT2,Apple/Crabapple,0.0,4,Malus,N,N
1772,-122.365047032011,47.7161484541823,DISTRICT5,Western Red Cedar,0.0,20,Thuja,N,N
1773,-122.32734678719,47.6827219386152,DISTRICT6,Sorrel Tree (Sourwood),0.0,11,Oxydendrum,N,N
1774,-122.351546693392,47.6629693888346,DISTRICT6,English Midland Hawthorn,0.0,16,Crataegus,N,N
1775,-122.402419183355,47.6423198822871,DISTRICT7,(Smooth) Japanese Maple,0.0,7,Acer,N,N
1776,-122.357653071717,47.5310838375387,DISTRICT1,Adirondack Crabapple,0.0,3,Malus,N,N
1777,-122.277858750227,47.6766093306809,DISTRICT4,Blireiana Purpleleaf Plum,0.0,4,Prunus,N,N
1778,-122.350483424091,47.6332042311645,DISTRICT7,Double Chinese Cherry,0.0,12,Prunus,N,N
1779,-122.399417986163,47.667339029181,DISTRICT6,European Smoke Tree,0.0,5,Cotinus,N,N
1780,-122.355694856559,47.6356511018146,DISTRICT7,Chinese Fan (Windmill) Palm,0.0,9,Trachycarpus,N,N
1781,-122.312320800699,47.7065052186851,DISTRICT5,Trifoliate maple,0.0,2,Acer,N,N
1782,-122.287791227844,47.5630911959803,DISTRICT2,Norway Maple,0.0,22,Acer,N,N
1783,-122.283948015514,47.7001376987075,DISTRICT5,Peach Tree,0.0,6,Prunus,N,N
1784,-122.3964776258,47.5425063979199,DISTRICT1,Kwanzan Flowering Cherry,0.0,1,Prunus,N,N
1785,-122.320616016979,47.6075294545796,DISTRICT3,Flame Narrowleaf Ash,0.0,9,Fraxinus,N,N
1786,-122.288724237626,47.6883904110227,DISTRICT4,Unknown,0.0,18,,N,N
1787,-122.303801039809,47.6785503512727,DISTRICT4,Orchard (Common) Apple,0.0,7,Malus,N,N
1788,-122.328959548077,47.6097973730137,DISTRICT7,California (Coast) Live Oak,0.0,4,Quercus,N,N
1789,-122.317983575787,47.6275289197691,DISTRICT3,Washington Hawthorn,0.0,9,Crataegus,N,N
1790,-122.351810786321,47.618514962336,DISTRICT7,London Plane (Tree),0.0,12,Platanus,N,N
1791,-122.29392963217,47.6701664382659,DISTRICT4,"Ginkgo, Maidenhair Tree",0.0,6,Ginkgo,N,N
1792,-122.36780788324,47.5396039014489,DISTRICT1,Red Maple,0.0,5,Acer,N,N
1793,-122.379222614074,47.5315513802956,DISTRICT1,Chinese Kousa Dogwood,0.0,11,Cornus,N,N
1794,-122.355602599048,47.7072472215366,DISTRICT5,Pacific Sunset Maple,0.0,2,Acer,N,N
1795,-122.364936709066,47.6469008223275,DISTRICT7,Bigleaf Maple,0.0,35,Acer,N,N
1796,-122.3564821857,47.6747374890769,DISTRICT6,Vesuvius Purpleleaf Plum,0.0,13,Prunus,N,N
1797,-122.325785492882,47.6084822404007,DISTRICT3,Common (Japanese) Zelkova,0.0,12,Zelkova,N,N
1798,-122.370292503121,47.6715794640354,DISTRICT6,Red Jewel Crabapple,0.0,4,Malus,N,N
1799,-122.379983778537,47.5654307327465,DISTRICT1,Blireiana Purpleleaf Plum,0.0,6,Prunus,N,N
1800,-122.353202090003,47.5277229153366,DISTRICT1,Common Hawthorn,0.0,7,Crataegus,N,N
1801,-122.266959062452,47.5336106826941,DISTRICT2,Japanese Snowbell Tree,0.0,6,Styrax,N,N
1802,-122.398307367451,47.6497621034468,DISTRICT7,Eastern Dogwood,0.0,3,Cornus,N,N
1803,-122.317366017666,47.61402706492,DISTRICT3,Armstrong Freeman (Red) Maple,0.0,19,Acer,N,N
1804,-122.349682332704,47.6403835365634,DISTRICT7,Kwanzan Flowering Cherry,0.0,8,Prunus,N,N
1805,-122.38768026119,47.6369381646533,DISTRICT7,Birch,0.0,9,Betula,N,N
1806,-122.333770578674,47.7043816158097,DISTRICT5,Tulip Tree,0.0,12,Liriodendron,N,N
1807,-122.363233932819,47.6842310816284,DISTRICT6,(American) Arborvitae,0.0,5,Thuja,N,N
1808,-122.318654023527,47.6751401712226,DISTRICT4,Norway Maple,0.0,2,Acer,N,N
1809,-122.314056342128,47.6848394936476,DISTRICT4,Flame Amur Maple,0.0,8,Acer,N,N
1810,-122.253318640636,47.5116907576666,DISTRICT2,Dogwood,0.0,2,Cornus,N,N
1811,-122.396174264391,47.5605920944934,DISTRICT1,Apple/Crabapple,0.0,5,Malus,N,N
1812,-122.367342629564,47.6808309942329,DISTRICT6,Evergreen (Southern) Magnolia,0.0,3,Magnolia,N,N
1813,-122.358077268229,47.6555290375776,DISTRICT6,Paperbark Maple,0.0,7,Acer,N,N
1814,-122.304853461129,47.5937382321006,DISTRICT3,Dolgo Crabapple,0.0,12,Malus,N,N
1815,-122.341014098828,47.6491655751494,DISTRICT4,European Ash,0.0,2,Fraxinus,N,N
1816,-122.336440778372,47.6101008580733,DISTRICT7,Sweetgum,0.0,18,Liquidambar,N,N
1817,-122.367588057095,47.6343366915613,DISTRICT7,Kobus Magnolia,0.0,6,Magnolia,N,N
1818,-122.297129778195,47.5585159524691,DISTRICT2,Blireiana Purpleleaf Plum,0.0,10,Prunus,N,N
1819,-122.315353196921,47.6608329394627,DISTRICT4,Sweetgum,0.0,16,Liquidambar,N,N
1820,-122.347520105019,47.6494876665492,DISTRICT6,Vine Maple,0.0,2,Acer,N,N
1821,-122.297704163776,47.6100575687179,DISTRICT3,Emerald Queen Norway Maple,0.0,24,Acer,N,N
1822,-122.316462160292,47.5680923135775,DISTRICT2,Bigleaf Maple,0.0,30,Acer,N,N
1823,-122.388036013678,47.5786664642427,DISTRICT1,Common (Eastern) Redbud,0.0,1,Cercis,N,N
1824,-122.367364358298,47.53237355831,DISTRICT1,Bigleaf Maple,0.0,3,Acer,N,N
1825,-122.270648985483,47.5380611574152,DISTRICT2,Littleleaf Linden,0.0,16,Tilia,N,N
1826,-122.287620187378,47.5393554534422,DISTRICT2,Red Maple,0.0,7,Acer,N,N
1827,-122.335916168525,47.6642487800317,DISTRICT4,Callery Pear,0.0,14,Pyrus,N,N
1828,-122.346140571134,47.6636802082511,DISTRICT4,Apple/Crabapple,0.0,8,Malus,N,N
1829,-122.310793553465,47.6763326478456,DISTRICT4,(Smooth) Japanese Maple,0.0,7,Acer,N,N
1830,-122.305583619559,47.6667848561761,DISTRICT4,English (Cherry) Laurel,0.0,18,Prunus,N,N
1831,-122.391196392721,47.6906299252959,DISTRICT6,Red Maple,0.0,5,Acer,N,N
1832,-122.332111215661,47.6904154760999,DISTRICT6,Sugar Maple,0.0,8,Acer,N,N
1833,-122.340733167091,47.6591931201754,DISTRICT4,(Smooth) Japanese Maple,0.0,7,Acer,N,N
1834,-122.360587438902,47.5185360443614,DISTRICT1,Aristocrat Pear,0.0,8,Pyrus,N,N
1835,-122.399421162773,47.6839064189143,DISTRICT6,Kwanzan Flowering Cherry,0.0,6,Prunus,N,N
1836,-122.303202911262,47.6268690987275,DISTRICT3,Japanese Crabapple,0.0,4,Malus,N,N
1837,-122.385215845153,47.6723240143822,DISTRICT6,White-barked Himalayan (Jacque,0.0,6,Betula,N,N
1838,-122.276874413317,47.5602114088358,DISTRICT2,Star Magnolia,0.0,3,Magnolia,N,N
1839,-122.388561827295,47.6376005081566,DISTRICT7,Austrian Black Pine,0.0,7,Pinus,N,N
1840,-122.3022030814,47.5829405699304,DISTRICT2,Greencolumn Black Sugar Maple,0.0,2,Acer,N,N
1841,-122.331664238427,47.6836518761082,DISTRICT6,Paperbark Maple,0.0,2,Acer,N,N
1842,-122.370338481217,47.6307406712454,DISTRICT7,Apple/Crabapple,0.0,3,Malus,N,N
1843,-122.302681960625,47.5528557963312,DISTRICT2,Red Maple,0.0,15,Acer,N,N
1844,-122.393493772317,47.5587584333827,DISTRICT1,White Column (Amanogawa) Flowe,0.0,1,Prunus,N,N
1845,-122.384740342718,47.6435754432243,DISTRICT7,Common Juniper,0.0,5,Juniperus,N,N
1846,-122.285950975862,47.612437445506,DISTRICT3,Unknown,0.0,1,,N,N
1847,-122.370759301567,47.640426715207,DISTRICT7,Japanese Snowbell Tree,0.0,4,Styrax,N,N
1848,-122.314091982119,47.6048701905491,DISTRICT3,Queen Elizabeth Maple,0.0,15,Acer,N,N
1849,-122.362158264552,47.6430256605722,DISTRICT7,European fruiting olive,0.0,3,Olea,N,N
1850,-122.348831541778,47.5228894289838,DISTRICT1,Pioneer Elm,0.0,11,Ulmus,N,N
1851,-122.391622673003,47.6482807124726,DISTRICT7,Apple/Crabapple,0.0,5,Malus,N,N
1852,-122.307574083304,47.6028352767168,DISTRICT3,Double Chinese Cherry,0.0,8,Prunus,N,N
1853,-122.402340191334,47.6527414628701,DISTRICT7,Chanticleer Pear,0.0,7,Pyrus,N,N
1854,-122.379903156478,47.5254720021029,DISTRICT1,Kwanzan Flowering Cherry,0.0,10,Prunus,N,N
1855,-122.288144419345,47.5543069142375,DISTRICT2,Golden Rain Tree,0.0,4,Koelreuteria,N,N
1856,-122.384226623623,47.5619289205041,DISTRICT1,Blireiana Purpleleaf Plum,0.0,2,Prunus,N,N
1857,-122.312360634858,47.7071585797484,DISTRICT5,Autumn Brilliance Serviceberry,0.0,2,Amelanchier,N,N
1858,-122.33162417448,47.6736281320662,DISTRICT6,Blireiana Purpleleaf Plum,0.0,7,Prunus,N,N
1859,-122.351897096225,47.5605747982676,DISTRICT1,European Hornbeam,0.0,17,Carpinus,N,N
1860,-122.361871770089,47.6307769915744,DISTRICT7,Callery Pear,0.0,6,Pyrus,N,N
1861,-122.36581832648,47.5646815697077,DISTRICT1,Aristocrat Pear,0.0,8,Pyrus,N,N
1862,-122.323651391989,47.5984729832535,DISTRICT2,Skyline Honey Locust,0.0,9,Gleditsia,N,N
1863,-122.381966976155,47.5402649004616,DISTRICT1,Chinese Fringe Tree,0.0,1,Chionanthus,N,N
1864,-122.300192838319,47.5944894092641,DISTRICT3,Common Hawthorn,0.0,6,Crataegus,N,N
1865,-122.355312566373,47.6228773615648,DISTRICT7,London Plane (Tree),0.0,26,Platanus,N,N
1866,-122.380015164724,47.6702443269963,DISTRICT6,Littleleaf Linden,0.0,16,Tilia,N,N
1867,-122.341256770091,47.6538854101873,DISTRICT4,Japanese Snowbell Tree,0.0,5,Styrax,N,N
1868,-122.351494631174,47.6720269686191,DISTRICT6,Higan (Spring) Cherry,0.0,7,Prunus,N,N
1869,-122.392813364025,47.649980456496,DISTRICT7,Kwanzan Flowering Cherry,0.0,9,Prunus,N,N
1870,-122.360113867396,47.6305045114387,DISTRICT7,Wild Weeping (Higan) Cherry,0.0,4,Prunus,N,N
1871,-122.318075041535,47.6372853904552,DISTRICT3,Sugar Maple,0.0,12,Acer,N,N
1872,-122.322604727228,47.5654106416533,DISTRICT2,Littleleaf Linden,0.0,15,Tilia,N,N
1873,-122.317839369758,47.6593473051841,DISTRICT4,Cimmaron Green Ash,0.0,4,Fraxinus,N,N
1874,-122.308778212416,47.6136491094727,DISTRICT3,Bigleaf Maple,0.0,34,Acer,N,N
1875,-122.31676684752,47.6631808004251,DISTRICT4,"Tupelo, Sour Gum",0.0,3,Nyssa,N,N
1876,-122.341237722005,47.691817948054,DISTRICT5,Red Maple,0.0,4,Acer,N,N
1877,-122.346394796635,47.698769116375,DISTRICT5,Kwanzan Flowering Cherry,0.0,6,Prunus,N,N
1878,-122.381977541162,47.5501879744466,DISTRICT1,Thundercloud Purpleleaf Plum,0.0,1,Prunus,N,N
1879,-122.300242690611,47.5844640544908,DISTRICT3,Honey Locust,0.0,4,Gleditsia,N,N
1880,-122.372829811962,47.6892174842448,DISTRICT6,Cimmaron Green Ash,0.0,2,Fraxinus,N,N
1881,-122.337387781284,47.6549853167138,DISTRICT4,Katsura Tree,0.0,11,Cercidiphyllum,N,N
1882,-122.30888437633,47.6038768727085,DISTRICT3,Double Chinese Cherry,0.0,3,Prunus,N,N
1883,-122.392157811163,47.5728626936435,DISTRICT1,Shirotae Flowering Cherry,0.0,4,Prunus,N,N
1884,-122.369841462911,47.5220505568265,DISTRICT1,Narrowleaf Ash,0.0,9,Fraxinus,N,N
1885,-122.365076078499,47.6398368679603,DISTRICT7,Japanese Snowbell Tree,0.0,2,Styrax,N,N
1886,-122.407258929837,47.6449411536496,DISTRICT7,Ash,0.0,7,Fraxinus,N,N
1887,-122.329105753137,47.610223289823,DISTRICT3,Norway Maple,0.0,4,Acer,N,N
1888,-122.39493205296,47.5721418530904,DISTRICT1,Forest Pansy Redbud,0.0,1,Cercis,N,N
1889,-122.287289970267,47.5430710205716,DISTRICT2,Callery Pear,0.0,4,Pyrus,N,N
1890,-122.324708774375,47.7085148116629,DISTRICT5,Sweetgum,0.0,8,Liquidambar,N,N
1891,-122.266246713999,47.5286834720204,DISTRICT2,Black Walnut,0.0,1,Juglans,N,N
1892,-122.303565914975,47.6125896133148,DISTRICT3,Red Oak,0.0,23,Quercus,N,N
1893,-122.332074342177,47.6260292028139,DISTRICT3,Common Hawthorn,0.0,3,Crataegus,N,N
1894,-122.382408916432,47.5736841799228,DISTRICT1,Blireiana Purpleleaf Plum,0.0,1,Prunus,N,N
1895,-122.340070316592,47.6359586119858,DISTRICT7,Dogwood,0.0,1,Cornus,N,N
1896,-122.325140300564,47.5982202029979,DISTRICT2,Chinese Elm,0.0,6,Ulmus,N,N
1897,-122.36970000008,47.5432249990594,DISTRICT1,Green (Red) Ash,0.0,6,Fraxinus,N,N
1898,-122.28531768044,47.5230193987876,DISTRICT2,Norway Maple,0.0,9,Acer,N,N
1899,-122.34011259435,47.636963945602,DISTRICT7,Callery Pear,0.0,9,Pyrus,N,N
1900,-122.323043184845,47.5422599089601,DISTRICT2,Pacific Sunset Maple,0.0,5,Acer,N,N
1901,-122.351214492855,47.6839804122379,DISTRICT6,Purpleleaf Plum variety,0.0,5,Prunus,N,N
1902,-122.357242636012,47.654965947665,DISTRICT6,Apple/Crabapple,0.0,4,Malus,N,N
1903,-122.37849480459,47.6868129487337,DISTRICT6,Carriere (Lavallei) Hawthorn,0.0,8,Crataegus,N,N
1904,-122.286187119463,47.5391981716576,DISTRICT2,"Tupelo, Sour Gum",0.0,10,Nyssa,N,N
1905,-122.356484333993,47.6753713192962,DISTRICT6,Cherry/Plum/Laurel,0.0,3,Prunus,N,N
1906,-122.384129766578,47.6738790788111,DISTRICT6,Corkscrew Hazel,0.0,5,Corylus,N,N
1907,-122.369273109426,47.5669367319707,DISTRICT1,Carriere (Lavallei) Hawthorn,0.0,8,Crataegus,N,N
1908,-122.347090509766,47.6986693926824,DISTRICT5,Eastern Dogwood,0.0,3,Cornus,N,N
1909,-122.337991735751,47.6505552036776,DISTRICT4,Kwanzan Flowering Cherry,0.0,19,Prunus,N,N
1910,-122.3002048046,47.6722013814382,DISTRICT4,Callery Pear,0.0,9,Pyrus,N,N
1911,-122.371630859593,47.5775003627256,DISTRICT1,Pacific Sunset Maple,0.0,8,Acer,N,N
1912,-122.370107020347,47.6446543996148,DISTRICT7,Sweetgum,0.0,18,Liquidambar,N,N
1913,-122.38710084395,47.5433917982631,DISTRICT1,Norway Maple,0.0,16,Acer,N,N
1914,-122.251663169792,47.506440061237,DISTRICT2,American Hornbeam,0.0,2,Carpinus,N,N
1915,-122.384867351991,47.6545828836883,DISTRICT7,(California) Incense Cedar,0.0,19,Calocedrus,N,N
1916,-122.382227218033,47.6880370360266,DISTRICT6,Common Stewartia,0.0,1,Stewartia,N,N
1917,-122.385343602823,47.6702468530954,DISTRICT6,Japanese Snowbell Tree,0.0,5,Styrax,N,N
1918,-122.38206684745,47.6805026838018,DISTRICT6,Kousa Dogwood,0.0,7,Cornus,N,N
1919,-122.347909824103,47.5174455470708,DISTRICT1,Alaska (Yellow) Cedar,0.0,15,Chamaecyparis,N,N
1920,-122.371244997172,47.536672278813,DISTRICT1,Cherry/Plum/Laurel,0.0,2,Prunus,N,N
1921,-122.29162468871,47.7151917642717,DISTRICT5,Flame Narrowleaf Ash,0.0,14,Fraxinus,N,N
1922,-122.366389701336,47.6398280068258,DISTRICT7,Shirotae Flowering Cherry,0.0,13,Prunus,N,N
1923,-122.358497342865,47.6232255106242,DISTRICT7,Sweetgum,0.0,11,Liquidambar,N,N
1924,-122.355280586887,47.6726619584095,DISTRICT6,Apple/Crabapple,0.0,8,Malus,N,N
1925,-122.297612578446,47.6894724093171,DISTRICT5,October Glory Red Maple,0.0,4,Acer,N,N
1926,-122.28068981445,47.5388477017311,DISTRICT2,Pin Oak,0.0,4,Quercus,N,N
1927,-122.35872106873,47.6287607174283,DISTRICT7,Dogwood,0.0,5,Cornus,N,N
1928,-122.31189339421,47.6128244640008,DISTRICT3,Norway Maple,0.0,11,Acer,N,N
1929,-122.321933068249,47.6230117263266,DISTRICT3,Common (Japanese) Zelkova,0.0,18,Zelkova,N,N
1930,-122.396219672999,47.5694122683936,DISTRICT1,Katsura Tree,0.0,2,Cercidiphyllum,N,N
1931,-122.30921755039,47.6630184580251,DISTRICT4,Pin Oak,0.0,14,Quercus,N,N
1932,-122.28775876696,47.6618796253538,DISTRICT4,Black Cottonwood,0.0,18,Populus,N,N
1933,-122.363697893518,47.6369457186836,DISTRICT7,(Smooth) Japanese Maple,0.0,8,Acer,N,N
1934,-122.383582162149,47.7028148392494,DISTRICT6,(Smooth) Japanese Maple,0.0,10,Acer,N,N
1935,-122.394298118625,47.6744016966786,DISTRICT6,Box Elder,0.0,11,Acer,N,N
1936,-122.346986812184,47.6510136214849,DISTRICT4,Ponderosa Pine,0.0,4,Pinus,N,N
1937,-122.371611453647,47.6462808755967,DISTRICT7,Kwanzan Flowering Cherry,0.0,12,Prunus,N,N
1938,-122.263004748019,47.5163287686845,DISTRICT2,Apple/Crabapple,0.0,2,Malus,N,N
1939,-122.356487238509,47.5287277378899,DISTRICT1,Apple/Crabapple,0.0,5,Malus,N,N
1940,-122.296736650772,47.5677739307186,DISTRICT2,Pacific Sunset Maple,0.0,8,Acer,N,N
1941,-122.358528612045,47.6745409669453,DISTRICT6,Cherry/Plum/Laurel,0.0,9,Prunus,N,N
1942,-122.375354652042,47.6925805314619,DISTRICT6,Evergreen (Southern) Magnolia,0.0,4,Magnolia,N,N
1943,-122.378159184445,47.5320209917119,DISTRICT1,Wireless Zelkova,0.0,3,Zelkova,N,N
1944,-122.32956268401,47.6405516793742,DISTRICT4,Red Sunset Red Maple,0.0,13,Acer,N,N
1945,-122.38206895126,47.6809136760099,DISTRICT6,Kousa Dogwood,0.0,6,Cornus,N,N
1946,-122.315881153834,47.6535236365786,DISTRICT4,Village Green Zelkova,0.0,9,Zelkova,N,N
1947,-122.317688702765,47.7194322484673,DISTRICT5,Green (Red) Ash,0.0,20,Fraxinus,N,N
1948,-122.281247042606,47.6586228682618,DISTRICT4,Apple/Crabapple,0.0,4,Malus,N,N
1949,-122.373021817824,47.5463263461369,DISTRICT1,Common (Japanese) Zelkova,0.0,8,Zelkova,N,N
1950,-122.370316688587,47.6844821505539,DISTRICT6,Swamp White Oak,0.0,3,Quercus,N,N
1951,-122.372927320385,47.6788545490013,DISTRICT6,Manzanita,0.0,2,Arctostaphylos,N,N
1952,-122.324206594044,47.6862720263218,DISTRICT4,Katsura Tree,0.0,2,Cercidiphyllum,N,N
1953,-122.360798929135,47.6313720827068,DISTRICT7,Eastern Dogwood,0.0,2,Cornus,N,N
1954,-122.350114707587,47.6644088152883,DISTRICT6,Red Sunset Red Maple,0.0,11,Acer,N,N
1955,-122.343903697925,47.619247760221,DISTRICT7,Scarlet Oak,0.0,2,Quercus,N,N
1956,-122.377875576595,47.5452998875288,DISTRICT1,Kousa Dogwood,0.0,2,Cornus,N,N
1957,-122.276457002846,47.5504858652316,DISTRICT2,Common Hawthorn,0.0,4,Crataegus,N,N
1958,-122.345199138067,47.6862703804532,DISTRICT6,Swamp White Oak,0.0,2,Quercus,N,N
1959,-122.291662613484,47.6043579132784,DISTRICT3,Elm,0.0,8,Ulmus,N,N
1960,-122.344992612777,47.5472692984989,DISTRICT1,European Hornbeam,0.0,11,Carpinus,N,N
1961,-122.305094708782,47.5774855566132,DISTRICT2,European (Fruiting) Plum,0.0,12,Prunus,N,N
1962,-122.336874242672,47.6679022034617,DISTRICT6,Eastern Dogwood,0.0,2,Cornus,N,N
1963,-122.299816958279,47.6758410047521,DISTRICT4,Okame Cherry,0.0,2,Prunus,N,N
1964,-122.365268964347,47.6431695523088,DISTRICT7,"Basswood, American Linden",0.0,22,Tilia,N,N
1965,-122.256612195288,47.5043794978419,DISTRICT2,Vine Maple,0.0,2,Acer,N,N
1966,-122.402193718774,47.6757525617376,DISTRICT6,Norway Maple,0.0,18,Acer,N,N
1967,-122.364200693155,47.6649788942831,DISTRICT6,English Walnut,0.0,7,Juglans,N,N
1968,-122.283038445007,47.6883696563532,DISTRICT4,Pacific Dogwood,0.0,7,Cornus,N,N
1969,-122.241479343191,47.502192709175,DISTRICT2,Pacific Dogwood,0.0,2,Cornus,N,N
1970,-122.327177562699,47.6395485935271,DISTRICT4,Sweetgum,0.0,22,Liquidambar,N,N
1971,-122.348914426367,47.6149172842686,DISTRICT7,Blireiana Purpleleaf Plum,0.0,8,Prunus,N,N
1972,-122.388561781955,47.6730542857678,DISTRICT6,Evergreen (Southern) Magnolia,0.0,12,Magnolia,N,N
1973,-122.367275911301,47.6521775061834,DISTRICT7,Norwegian Sunset Maple,0.0,3,Acer,N,N
1974,-122.358912404894,47.6649249709151,DISTRICT6,Adirondack Crabapple,0.0,2,Malus,N,N
1975,-122.360303712782,47.6199838959288,DISTRICT7,Red Maple,0.0,2,Acer,N,N
1976,-122.386803334412,47.5562314039726,DISTRICT1,Bigleaf Linden,0.0,13,Tilia,N,N
1977,-122.279854039713,47.6822187592137,DISTRICT4,Unknown,0.0,7,,N,N
1978,-122.391989512056,47.6843378912208,DISTRICT6,Aurora Dogwood,0.0,4,Cornus,N,N
1979,-122.356846750488,47.6357469707241,DISTRICT7,Red Sunset Red Maple,0.0,16,Acer,N,N
1980,-122.375969352582,47.6813679629531,DISTRICT6,(Smooth) Japanese Maple,0.0,7,Acer,N,N
1981,-122.270241703354,47.5605532279243,DISTRICT2,(Sweet) Mazzard Cherry,0.0,4,Prunus,N,N
1982,-122.311398256732,47.6242335186752,DISTRICT3,Serviceberry,0.0,3,Amelanchier,N,N
1983,-122.379308917048,47.5803433343878,DISTRICT1,Vesuvius Purpleleaf Plum,0.0,2,Prunus,N,N
1984,-122.288168197208,47.6170485497926,DISTRICT3,Norway Maple,0.0,22,Acer,N,N
1985,-122.336409064013,47.6246186660863,DISTRICT7,London Plane (Tree),0.0,6,Platanus,N,N
1986,-122.290804218195,47.5769517201099,DISTRICT2,(European) White Birch,0.0,14,Betula,N,N
1987,-122.386418155298,47.6888137943392,DISTRICT6,Japanese Snowbell Tree,0.0,5,Styrax,N,N
1988,-122.290132474763,47.6709439639442,DISTRICT4,Japanese Hornbeam,0.0,5,Carpinus,N,N
1989,-122.352103347528,47.5301788834521,DISTRICT1,Cherry/Plum/Laurel,0.0,1,Prunus,N,N
1990,-122.386415570451,47.5814689306096,DISTRICT1,Bigleaf Linden,0.0,14,Tilia,N,N
1991,-122.357516775388,47.6220397742271,DISTRICT7,Japanese Hornbeam,0.0,3,Carpinus,N,N
1992,-122.346123389818,47.639644200393,DISTRICT7,European Hornbeam,0.0,20,Carpinus,N,N
1993,-122.367428031111,47.6687470850518,DISTRICT6,Red Oak,0.0,20,Quercus,N,N
1994,-122.387120445742,47.5424343378271,DISTRICT1,Green (Red) Ash,0.0,13,Fraxinus,N,N
1995,-122.318517144459,47.6765362652582,DISTRICT4,Kwanzan Flowering Cherry,0.0,8,Prunus,N,N
1996,-122.400994977151,47.6735104340095,DISTRICT6,Thundercloud Purpleleaf Plum,0.0,9,Prunus,N,N
1997,-122.319759189399,47.5523507835683,DISTRICT2,Red Oak,,6,Quercus,N,N
1998,-122.367291237531,47.6687507122579,DISTRICT6,Red Oak,0.0,14,Quercus,N,N
1999,-122.304361305055,47.5588253281798,DISTRICT2,European (Green) Beech,0.0,5,Fagus,N,N
2000,-122.391984602883,47.6851254448325,DISTRICT6,Akebono Cherry,0.0,7,Prunus,N,N
2001,-122.294347012267,47.5461621913554,DISTRICT2,Norwegian Sunset Maple,0.0,16,Acer,N,N
2002,-122.330345328835,47.674473028592,DISTRICT6,Paper (Canoe) Birch,0.0,12,Betula,N,N
2003,-122.339536816367,47.5181447859812,DISTRICT1,Green (Red) Ash,0.0,14,Fraxinus,N,N
2004,-122.344556885534,47.6121275880349,DISTRICT7,English Oak,0.0,21,Quercus,N,N
2005,-122.273286969864,47.5608792779182,DISTRICT2,River Birch,0.0,10,Betula,N,N
2006,-122.297359917206,47.5440410880335,DISTRICT2,Serviceberry,0.0,1,Amelanchier,N,N
2007,-122.377359386754,47.5605416954581,DISTRICT1,Kwanzan Flowering Cherry,0.0,7,Prunus,N,N
2008,-122.35245230541,47.5373481801241,DISTRICT1,Dogwood,0.0,4,Cornus,N,N
2009,-122.363109188579,47.661402539302,DISTRICT6,Red Maple,0.0,17,Acer,N,N
2010,-122.359629308692,47.6890666228511,DISTRICT6,Double Chinese Cherry,0.0,25,Prunus,N,N
2011,-122.359499696071,47.5404135098537,DISTRICT1,(Pacific) Madrona,0.0,13,Arbutus,N,N
2012,-122.311024751854,47.6877593519399,DISTRICT4,Purple Prince Crabapple,0.0,2,Malus,N,N
2013,-122.314615880253,47.5823236975443,DISTRICT2,American Hornbeam,0.0,1,Carpinus,N,N
2014,-122.359422851662,47.5683005355055,DISTRICT1,Paperbark Maple,0.0,2,Acer,N,N
2015,-122.364563548967,47.6805580664237,DISTRICT6,Japanese Snowbell Tree,0.0,7,Styrax,N,N
2016,-122.316880617754,47.6102528902429,DISTRICT3,Norwegian Sunset Maple,0.0,9,Acer,N,N
2017,-122.407962381856,47.6528708603675,DISTRICT7,Cherry/Plum/Laurel,0.0,4,Prunus,N,N
2018,-122.337379999615,47.6550793753945,DISTRICT4,Blireiana Purpleleaf Plum,0.0,12,Prunus,N,N
2019,-122.307592577951,47.6768508944367,DISTRICT4,Norway Maple,0.0,24,Acer,N,N
2020,-122.346824681603,47.5241600548023,DISTRICT1,Oakleaf Mountain Ash,0.0,10,Sorbus,N,N
2021,-122.298625769997,47.6422091959579,DISTRICT3,Littleleaf Linden,0.0,3,Tilia,N,N
2022,-122.32760540814,47.6166767008789,DISTRICT3,Norway Maple,0.0,13,Acer,N,N
2023,-122.408335948729,47.6429531210982,DISTRICT7,Callery Pear,0.0,11,Pyrus,N,N
2024,-122.294749342179,47.618181667274,DISTRICT3,Unknown,0.0,14,,N,N
2025,-122.327288677193,47.6646008170684,DISTRICT4,Tulip Tree,0.0,39,Liriodendron,N,N
2026,-122.312896699401,47.612027389362,DISTRICT3,Colorado Spruce,0.0,4,Picea,N,N
2027,-122.328289232339,47.6529797971574,DISTRICT4,Strawberry tree,0.0,9,Arbutus,N,N
2028,-122.380182688093,47.5776651329079,DISTRICT1,State Street Maple,0.0,2,Acer,N,N
2029,-122.279575991615,47.6350275023483,DISTRICT3,Honey Locust,0.0,5,Gleditsia,N,N
2030,-122.295193381511,47.5384390226021,DISTRICT2,Red Maple,0.0,11,Acer,N,N
2031,-122.395088506333,47.5476366902735,DISTRICT1,"Russian Olive, Oleaster",0.0,11,Elaeagnus,N,N
2032,-122.356220174022,47.5209823654035,DISTRICT1,English (Hedge) Maple,0.0,2,Acer,N,N
2033,-122.303579483647,47.6123267580013,DISTRICT3,Red Oak,0.0,10,Quercus,N,N
2034,-122.308658825759,47.6766843727426,DISTRICT4,Crape myrtle,0.0,2,Lagerstroemia,N,N
2035,-122.372415692619,47.5803786036875,DISTRICT1,Pacific Sunset Maple,0.0,14,Acer,N,N
2036,-122.392108252685,47.7003319874416,DISTRICT6,Mountain Hemlock,0.0,4,Tsuga,N,N
2037,-122.371172504614,47.5451043675912,DISTRICT1,Common (Japanese) Zelkova,0.0,8,Zelkova,N,N
2038,-122.390123335058,47.544179729895,DISTRICT1,Cherry/Plum/Laurel,0.0,2,Prunus,N,N
2039,-122.396716814838,47.6993560014515,DISTRICT6,"Persian Ironwood, Parrotia",0.0,7,Parrotia,N,N
2040,-122.289997618373,47.5571132362174,DISTRICT2,Amur Maple,0.0,6,Acer,N,N
2041,-122.316118182118,47.5812421496451,DISTRICT2,Kwanzan Flowering Cherry,0.0,11,Prunus,N,N
2042,-122.323088391589,47.6895559086369,DISTRICT4,Norway Maple,0.0,14,Acer,N,N
2043,-122.308275353899,47.5713055292483,DISTRICT2,Sugar Maple,0.0,23,Acer,N,N
2044,-122.312645284706,47.6270477239754,DISTRICT3,Emerald Queen Norway Maple,0.0,20,Acer,N,N
2045,-122.348310994028,47.6345338717234,DISTRICT7,White Column (Amanogawa) Flowe,0.0,2,Prunus,N,N
2046,-122.2865576614,47.7029779226495,DISTRICT5,Douglas Fir,0.0,9,Pseudotsuga,N,N
2047,-122.37992872632,47.6837709650495,DISTRICT6,Serviceberry,0.0,5,Amelanchier,N,N
2048,-122.359739946731,47.6325478381388,DISTRICT7,Cherry/Plum/Laurel,0.0,12,Prunus,N,N
2049,-122.297278718334,47.6767974305155,DISTRICT4,Akebono Cherry,0.0,12,Prunus,N,N
2050,-122.362635323433,47.625804276486,DISTRICT7,Holm (Holly) Oak,0.0,7,Quercus,N,N
2051,-122.294886971899,47.7115771977318,DISTRICT5,Cherry/Plum/Laurel,0.0,2,Prunus,N,N
2052,-122.328063894816,47.6708095078373,DISTRICT6,Red Maple,0.0,10,Acer,N,N
2053,-122.356337491772,47.6745363640269,DISTRICT6,Cherry/Plum/Laurel,0.0,6,Prunus,N,N
2054,-122.297770751372,47.6232292107276,DISTRICT3,Honey Locust,0.0,12,Gleditsia,N,N
2055,-122.354997587278,47.5441342163945,DISTRICT1,Norway Maple,0.0,14,Acer,N,N
2056,-122.36479368328,47.6990425576618,DISTRICT6,(Smooth) Japanese Maple,0.0,13,Acer,N,N
2057,-122.341952061511,47.5399748528087,DISTRICT1,Red Maple,0.0,14,Acer,N,N
2058,-122.312793674208,47.5845849340425,DISTRICT2,Callery Pear,0.0,7,Pyrus,N,N
2059,-122.365525879651,47.6510562493023,DISTRICT7,Eastern Dogwood,0.0,6,Cornus,N,N
2060,-122.384727969571,47.6868798281314,DISTRICT6,"Tupelo, Sour Gum",0.0,6,Nyssa,N,N
2061,-122.399612529135,47.6490771869179,DISTRICT7,Thundercloud Purpleleaf Plum,0.0,20,Prunus,N,N
2062,-122.377978579854,47.7042024930571,DISTRICT6,(Smooth) Japanese Maple,0.0,5,Acer,N,N
2063,-122.367480377841,47.6850513297686,DISTRICT6,(Sweet) Mazzard Cherry,0.0,20,Prunus,N,N
2064,-122.287920543896,47.5484703519927,DISTRICT2,"Persian Ironwood, Parrotia",0.0,3,Parrotia,N,N
2065,-122.280926682156,47.5343222154922,DISTRICT2,Scarlet Oak,0.0,9,Quercus,N,N
2066,-122.299108338988,47.5968003369874,DISTRICT3,Sweetgum,0.0,18,Liquidambar,N,N
2067,-122.326655758845,47.6116043555926,DISTRICT7,Bigleaf Maple,0.0,23,Acer,N,N
2068,-122.332901489721,47.6222394719192,DISTRICT7,Scarlet Oak,0.0,2,Quercus,N,N
2069,-122.341492441183,47.6484112538365,DISTRICT4,White Ash,0.0,14,Fraxinus,N,N
2070,-122.383371849374,47.5702325302573,DISTRICT1,Red Maple,0.0,6,Acer,N,N
2071,-122.327041953269,47.6399123166081,DISTRICT4,Colorado Spruce,0.0,16,Picea,N,N
2072,-122.290762401398,47.5406767604146,DISTRICT2,Red Oak,0.0,7,Quercus,N,N
2073,-122.312211745336,47.6764608614866,DISTRICT4,Common (Japanese) Zelkova,0.0,3,Zelkova,N,N
2074,-122.39975519558,47.6504927900464,DISTRICT7,Sugar Tyme Crabapple,0.0,10,Malus,N,N
2075,-122.395542285889,47.6433994698695,DISTRICT7,Double Chinese Cherry,0.0,9,Prunus,N,N
2076,-122.295977637305,47.6062276427182,DISTRICT3,Apple/Crabapple,0.0,3,Malus,N,N
2077,-122.357278257758,47.6545783470763,DISTRICT6,Leyland Cypress,0.0,21,x,N,N
2078,-122.281883077194,47.5349997523273,DISTRICT2,Newport Purpleleaf Plum,0.0,5,Prunus,N,N
2079,-122.293716914398,47.6001828313347,DISTRICT3,Red Sunset Red Maple,0.0,27,Acer,N,N
2080,-122.293700000783,47.5440349994607,DISTRICT2,"Basswood, American Linden",0.0,9,Tilia,N,N
2081,-122.344719363971,47.6622650007434,DISTRICT4,English (Cherry) Laurel,0.0,6,Prunus,N,N
2082,-122.340179914464,47.6681744167599,DISTRICT6,Princeton Elm,0.0,2,Ulmus,N,N
2083,-122.361917593579,47.671950658451,DISTRICT6,Apple/Crabapple,0.0,9,Malus,N,N
2084,-122.384597709506,47.6469032959183,DISTRICT7,(Sweet) Bay Laurel,0.0,1,Laurus,N,N
2085,-122.341388610182,47.7333929529746,DISTRICT5,Douglas Fir,0.0,7,Pseudotsuga,N,N
2086,-122.372191663977,47.5431186691984,DISTRICT1,Birch,0.0,8,Betula,N,N
2087,-122.267726851545,47.6724050408991,DISTRICT4,European (Green) Beech,0.0,13,Fagus,N,N
2088,-122.326259857201,47.6347894354273,DISTRICT4,"Tupelo, Sour Gum",0.0,4,Nyssa,N,N
2089,-122.378737734016,47.6832660876958,DISTRICT6,Pin Oak,0.0,24,Quercus,N,N
2090,-122.278534566694,47.5235653261407,DISTRICT2,Pear,0.0,4,Pyrus,N,N
2091,-122.274238999124,47.5416352640128,DISTRICT2,Common Hawthorn,0.0,12,Crataegus,N,N
2092,-122.355725491403,47.6723083798743,DISTRICT6,Evergreen (Southern) Magnolia,0.0,3,Magnolia,N,N
2093,-122.34759117731,47.6451943668038,DISTRICT7,Scarlet Sentinel Freeman Maple,0.0,4,Acer,N,N
2094,-122.403564532806,47.6397330307441,DISTRICT7,Kousa Dogwood,0.0,4,Cornus,N,N
2095,-122.304857437016,47.6410512257356,DISTRICT3,Purpleleaf Plum variety,0.0,1,Prunus,N,N
2096,-122.300062911635,47.5836931320842,DISTRICT3,London Plane (Tree),0.0,9,Platanus,N,N
2097,-122.330404029143,47.6625582519407,DISTRICT4,Red Maple,0.0,13,Acer,N,N
2098,-122.384735286443,47.6512957558084,DISTRICT7,Cherry/Plum/Laurel,0.0,2,Prunus,N,N
2099,-122.402450554444,47.6401446671118,DISTRICT7,Crimson Sentry Norway Maple,0.0,9,Acer,N,N
2100,-122.333089520241,47.6882511533237,DISTRICT6,Pin Oak,0.0,8,Quercus,N,N
2101,-122.28414660944,47.6330910930016,DISTRICT3,London Plane (Tree),0.0,43,Platanus,N,N
2102,-122.31127278449,47.6775523040552,DISTRICT4,Common (Euro) Mountain Ash,0.0,8,Sorbus,N,N
2103,-122.404554925898,47.5725302772833,DISTRICT1,Apple/Crabapple,0.0,1,Malus,N,N
2104,-122.281352859793,47.5314808437374,DISTRICT2,Aristocrat Pear,0.0,3,Pyrus,N,N
2105,-122.275442009755,47.6922484263977,DISTRICT5,Purpleleaf Plum variety,0.0,10,Prunus,N,N
2106,-122.346660010258,47.5299984105563,DISTRICT1,Aristocrat Pear,0.0,10,Pyrus,N,N
2107,-122.323334879022,47.6750694573955,DISTRICT6,Purpleleaf Plum variety,0.0,1,Prunus,N,N
2108,-122.390537862487,47.6906339605024,DISTRICT6,Thundercloud Purpleleaf Plum,0.0,14,Prunus,N,N
2109,-122.317125886326,47.6052469007477,DISTRICT3,Norway Maple,0.0,14,Acer,N,N
2110,-122.373495713683,47.5825656420205,DISTRICT1,Pacific Sunset Maple,0.0,7,Acer,N,N
2111,-122.360326581955,47.5191460010911,DISTRICT1,Dogwood,0.0,3,Cornus,N,N
2112,-122.403173118976,47.6770824892683,DISTRICT6,Magnolia,0.0,7,Magnolia,N,N
2113,-122.35520558782,47.6917282207513,DISTRICT6,Red Maple,0.0,20,Acer,N,N
2114,-122.402084865145,47.5717774113846,DISTRICT1,Kwanzan Flowering Cherry,0.0,7,Prunus,N,N
2115,-122.287104031737,47.6909793438961,DISTRICT5,Pear,0.0,1,Pyrus,N,N
2116,-122.364234882294,47.5528684550798,DISTRICT1,Starlight Dogwood,0.0,3,Cornus,N,N
2117,-122.39412780659,47.639802102903,DISTRICT7,Double Chinese Cherry,0.0,11,Prunus,N,N
2118,-122.381308843386,47.5737540030536,DISTRICT1,Sour (Pie) Cherry,0.0,15,Prunus,N,N
2119,-122.343178457936,47.7004651984218,DISTRICT5,Sweetgum,0.0,5,Liquidambar,N,N
2120,-122.274494685013,47.5562843912317,DISTRICT2,Hinoki Cypress,0.0,1,Chamaecyparis,N,N
2121,-122.339456294869,47.6635328503102,DISTRICT4,Paperbark Maple,0.0,3,Acer,N,N
2122,-122.393754792771,47.5535420349002,DISTRICT1,"Persian Ironwood, Parrotia",0.0,2,Parrotia,N,N
2123,-122.32227594548,47.6195859852733,DISTRICT3,Purpleleaf Plum variety,0.0,9,Prunus,N,N
2124,-122.392998239436,47.6970362503443,DISTRICT6,Western Red Cedar,0.0,20,Thuja,N,N
2125,-122.358387048619,47.6391432169648,DISTRICT7,Scots Pine,0.0,10,Pinus,N,N
2126,-122.336525451357,47.6056498897716,DISTRICT7,Norway Maple,0.0,11,Acer,N,N
2127,-122.281091923962,47.5628201957041,DISTRICT2,Scarlet Oak,0.0,2,Quercus,N,N
2128,-122.355408259309,47.6742098600447,DISTRICT6,Swamp White Oak,0.0,1,Quercus,N,N
2129,-122.283782111815,47.5177074585105,DISTRICT2,Norway Maple,0.0,12,Acer,N,N
2130,-122.274568828074,47.5603265948245,DISTRICT2,Leyland Cypress,0.0,6,x,N,N
2131,-122.323235012134,47.6602440530815,DISTRICT4,Flame Amur Maple,0.0,3,Acer,N,N
2132,-122.394874764451,47.5660132585458,DISTRICT1,Autumn Brilliance Serviceberry,0.0,1,Amelanchier,N,N
2133,-122.313442492678,47.5770384716539,DISTRICT2,Largeleaf Crabapple,0.0,3,Malus,N,N
2134,-122.392161981246,47.7002816440563,DISTRICT6,Mountain Hemlock,0.0,4,Tsuga,N,N
2135,-122.364869305066,47.6385884989436,DISTRICT7,White Column (Amanogawa) Flowe,0.0,3,Prunus,N,N
2136,-122.390729423419,47.5550452110204,DISTRICT1,Thundercloud Purpleleaf Plum,0.0,15,Prunus,N,N
2137,-122.359157206075,47.6334339664702,DISTRICT7,Japanese Snowbell Tree,0.0,14,Styrax,N,N
2138,-122.283832756128,47.6955846374789,DISTRICT5,European Hazel,0.0,9,Corylus,N,N
2139,-122.338550951721,47.6670684253222,DISTRICT6,Purpleleaf Plum variety,0.0,7,Prunus,N,N
2140,-122.355643585626,47.6418120991282,DISTRICT7,Thundercloud Purpleleaf Plum,0.0,2,Prunus,N,N
2141,-122.358112828641,47.6223526866022,DISTRICT7,Sweetgum,0.0,25,Liquidambar,N,N
2142,-122.325838072577,47.6535130289325,DISTRICT4,English (Hedge) Maple,0.0,6,Acer,N,N
2143,-122.305732044548,47.6880869505844,DISTRICT4,(Smooth) Japanese Maple,0.0,2,Acer,N,N
2144,-122.394703209885,47.568803188689,DISTRICT1,Aristocrat Pear,0.0,2,Pyrus,N,N
2145,-122.304355608912,47.6620366556115,DISTRICT4,(European) White Birch,0.0,16,Betula,N,N
2146,-122.375652237792,47.6813146957732,DISTRICT6,Purpleleaf Plum variety,0.0,20,Prunus,N,N
2147,-122.365701139028,47.6869880816797,DISTRICT6,Washington Hawthorn,0.0,5,Crataegus,N,N
2148,-122.27565394563,47.5442054025949,DISTRICT2,Prairifire Crabapple,0.0,3,Malus,N,N
2149,-122.301285355986,47.633004039818,DISTRICT3,Ponderosa Pine,145.0,45,Pinus,Y,N
2150,-122.333078019663,47.6158965937165,DISTRICT7,Katsura Tree,0.0,9,Cercidiphyllum,N,N
2151,-122.315667334618,47.5238477163344,DISTRICT1,Elm,0.0,1,Ulmus,N,N
2152,-122.337655901327,47.6621158758151,DISTRICT4,White-barked Himalayan (Jacque,0.0,17,Betula,N,N
2153,-122.309527998555,47.6965054873957,DISTRICT5,Bigleaf Maple,0.0,24,Acer,N,N
2154,-122.381277214457,47.6731484284678,DISTRICT6,Japanese Snowbell Tree,0.0,2,Styrax,N,N
2155,-122.381777825698,47.6674555595813,DISTRICT6,Callery Pear,0.0,6,Pyrus,N,N
2156,-122.339166927112,47.566710804757,DISTRICT2,Sycamore Maple,0.0,8,Acer,N,N
2157,-122.322544850063,47.5658427169559,DISTRICT2,Littleleaf Linden,0.0,15,Tilia,N,N
2158,-122.278720734417,47.5235344420774,DISTRICT2,Pear,0.0,5,Pyrus,N,N
2159,-122.395644064389,47.6709346808323,DISTRICT6,"Ginkgo, Maidenhair Tree",0.0,4,Ginkgo,N,N
2160,-122.385534771709,47.6777488644783,DISTRICT6,Redbud,0.0,3,Cercis,N,N
2161,-122.297435957311,47.6896016657773,DISTRICT4,American Hornbeam,0.0,3,Carpinus,N,N
2162,-122.25459843947,47.503153564763,DISTRICT2,Purpleleaf Plum variety,0.0,3,Prunus,N,N
2163,-122.377852481577,47.5556619592,DISTRICT1,Wild Weeping (Higan) Cherry,0.0,3,Prunus,N,N
2164,-122.369386588707,47.5495071785644,DISTRICT1,Callery Pear,0.0,4,Pyrus,N,N
2165,-122.333947491294,47.651045637039,DISTRICT4,Red Maple,0.0,19,Acer,N,N
2166,-122.312692179281,47.604391509469,DISTRICT3,Hawthorn,0.0,6,Crataegus,N,N
2167,-122.355629772552,47.6529238119029,DISTRICT6,Common (Japanese) Zelkova,0.0,4,Zelkova,N,N
2168,-122.33659537908,47.5211341599699,DISTRICT1,Green (Red) Ash,0.0,17,Fraxinus,N,N
2169,-122.359457730277,47.686157839525,DISTRICT6,Flame Amur Maple,0.0,9,Acer,N,N
2170,-122.339666893427,47.6542855718195,DISTRICT4,Serviceberry,0.0,4,Amelanchier,N,N
2171,-122.35647557657,47.529422109083,DISTRICT1,Frontier Elm,0.0,4,Ulmus,N,N
2172,-122.361251322297,47.6376819830842,DISTRICT7,Hinoki Cypress,0.0,4,Chamaecyparis,N,N
2173,-122.318585194751,47.6543416637767,DISTRICT4,Village Green Zelkova,0.0,11,Zelkova,N,N
2174,-122.355910902605,47.6818497425412,DISTRICT6,Wineleaf (Spaethii Sycamore),0.0,14,Acer,N,N
2175,-122.357965461418,47.634792782535,DISTRICT7,Trident Maple,0.0,5,Acer,N,N
2176,-122.305996141995,47.6262462074832,DISTRICT3,Kwanzan Flowering Cherry,0.0,2,Prunus,N,N
2177,-122.312216903253,47.7149429814297,DISTRICT5,Blireiana Purpleleaf Plum,0.0,10,Prunus,N,N
2178,-122.312490647602,47.6128237010599,DISTRICT3,Norwegian Sunset Maple,0.0,7,Acer,N,N
2179,-122.367307091212,47.7017167457462,DISTRICT6,Serviceberry,0.0,5,Amelanchier,N,N
2180,-122.366412555198,47.6369332563583,DISTRICT7,Common Hawthorn,0.0,8,Crataegus,N,N
2181,-122.356374790007,47.6281278414498,DISTRICT7,Apple/Crabapple,0.0,1,Malus,N,N
2182,-122.344041759257,47.7286160820939,DISTRICT5,Hornbeam,0.0,3,Carpinus,N,N
2183,-122.269589535774,47.6622445385338,DISTRICT4,Kwanzan Flowering Cherry,0.0,7,Prunus,N,N
2184,-122.314903716168,47.6994385392238,DISTRICT5,Norway Maple,0.0,1,Acer,N,N
2185,-122.29329235673,47.691025727723,DISTRICT5,Pine,0.0,15,Pinus,N,N
2186,-122.315112387709,47.6016242553086,DISTRICT3,Pacific Sunset Maple,0.0,4,Acer,N,N
2187,-122.35185136893,47.6378292255263,DISTRICT7,Autumn Flowering Cherry,0.0,8,Prunus,N,N
2188,-122.327433878471,47.6758657961694,DISTRICT6,Capital Pear,0.0,4,Pyrus,N,N
2189,-122.367500974582,47.641877788309,DISTRICT7,Pin Oak,0.0,28,Quercus,N,N
2190,-122.358374296155,47.6810045402708,DISTRICT6,Callery Pear,0.0,16,Pyrus,N,N
2191,-122.32553404392,47.7095468817156,DISTRICT5,Pacific Sunset Maple,0.0,12,Acer,N,N
2192,-122.322625278642,47.6044064075503,DISTRICT3,Red Oak,0.0,17,Quercus,N,N
2193,-122.341390917837,47.662958975577,DISTRICT4,Red Oak,0.0,35,Quercus,N,N
2194,-122.37543591657,47.5177670349446,DISTRICT1,Common (Euro) Mountain Ash,0.0,5,Sorbus,N,N
2195,-122.369132834654,47.6318026511698,DISTRICT7,Japanese Snowbell Tree,0.0,8,Styrax,N,N
2196,-122.372419999984,47.579129999625,DISTRICT1,Pacific Sunset Maple,0.0,6,Acer,N,N
2197,-122.360350000126,47.706959997771,DISTRICT5,Norwegian Sunset Maple,0.0,3,Acer,N,N
2198,-122.332665170068,47.6573955939428,DISTRICT4,Apple/Crabapple,0.0,7,Malus,N,N
2199,-122.405295946381,47.5802559322347,DISTRICT1,Butterfly Magnolia,0.0,2,Magnolia,N,N
2200,-122.377939762523,47.6880680212584,DISTRICT6,California Lilac,0.0,4,Ceanothus,N,N
2201,-122.317610504717,47.7020787711126,DISTRICT5,Littleleaf Linden,0.0,13,Tilia,N,N
2202,-122.359513306428,47.6579049844289,DISTRICT6,Common Fig,0.0,4,Ficus,N,N
2203,-122.3049571359,47.600989458912,DISTRICT3,Marshall Green Ash,0.0,6,Fraxinus,N,N
2204,-122.368974389968,47.6521972023903,DISTRICT7,Laceleaf Maple,0.0,3,Acer,N,N
2205,-122.278564742706,47.5132429949158,DISTRICT2,Pacific Sunset Maple,0.0,6,Acer,N,N
2206,-122.322433185495,47.7186954133104,DISTRICT5,Blireiana Purpleleaf Plum,0.0,4,Prunus,N,N
2207,-122.336245732146,47.6650836206642,DISTRICT6,Norway Maple,0.0,9,Acer,N,N
2208,-122.373846777694,47.5317208877518,DISTRICT1,Common (Japanese) Zelkova,0.0,2,Zelkova,N,N
2209,-122.369566714986,47.6664807908387,DISTRICT6,Maple,0.0,3,Acer,N,N
2210,-122.355501279427,47.7006327748872,DISTRICT5,American Hornbeam,0.0,2,Carpinus,N,N
2211,-122.386776442682,47.5781172151579,DISTRICT1,Bigleaf Linden,0.0,11,Tilia,N,N
2212,-122.339657740791,47.6505649659042,DISTRICT4,Purpleleaf Plum variety,0.0,8,Prunus,N,N
2213,-122.349468717855,47.6839899438351,DISTRICT6,Douglas Fir,0.0,13,Pseudotsuga,N,N
2214,-122.265522020399,47.5580353037051,DISTRICT2,(American) Arborvitae,0.0,10,Thuja,N,N
2215,-122.341717013392,47.68566673297,DISTRICT6,English Midland Hawthorn,0.0,8,Crataegus,N,N
2216,-122.308233004334,47.6667189849703,DISTRICT4,Red Sunset Red Maple,0.0,13,Acer,N,N
2217,-122.369285759328,47.6420647936094,DISTRICT7,Box Elder,0.0,13,Acer,N,N
2218,-122.342397689479,47.6331838222669,DISTRICT7,Norway Maple,0.0,6,Acer,N,N
2219,-122.313186024643,47.6242985007415,DISTRICT3,Honey Locust,0.0,11,Gleditsia,N,N
2220,-122.271604239714,47.6653805998192,DISTRICT4,Blireiana Purpleleaf Plum,0.0,4,Prunus,N,N
2221,-122.381117095366,47.6787632920431,DISTRICT6,Corkscrew Willow,0.0,14,Salix,N,N
2222,-122.294634751956,47.7258235927849,DISTRICT5,Western Hemlock,0.0,17,Tsuga,N,N
2223,-122.400787207585,47.6484619941267,DISTRICT7,Chinese Fringe Tree,0.0,2,Chionanthus,N,N
2224,-122.389352988082,47.5503853538699,DISTRICT1,Thundercloud Purpleleaf Plum,0.0,12,Prunus,N,N
2225,-122.359296815035,47.65890893109,DISTRICT6,Evergreen (Southern) Magnolia,0.0,8,Magnolia,N,N
2226,-122.359308991737,47.7000747735818,DISTRICT6,Wild Weeping (Higan) Cherry,0.0,37,Prunus,N,N
2227,-122.364653916141,47.6511261463942,DISTRICT7,Double Chinese Cherry,0.0,3,Prunus,N,N
2228,-122.359150697536,47.6413918659558,DISTRICT7,Red Maple,0.0,13,Acer,N,N
2229,-122.279323295243,47.6578932663345,DISTRICT4,Shirotae Flowering Cherry,0.0,3,Prunus,N,N
2230,-122.37449074326,47.6778547061204,DISTRICT6,Dogwood,0.0,3,Cornus,N,N
2231,-122.324983008602,47.6790828008614,DISTRICT6,Sycamore Maple,0.0,16,Acer,N,N
2232,-122.379587287092,47.5290428167446,DISTRICT1,Eucalyptus/Gum,0.0,5,Eucalyptus,N,N
2233,-122.308634660392,47.6223156682215,DISTRICT3,Red Maple,0.0,3,Acer,N,N
2234,-122.299635154152,47.7018593503494,DISTRICT5,Holly,0.0,3,Ilex,N,N
2235,-122.322358368629,47.6047409604304,DISTRICT3,Queen Elizabeth Maple,0.0,5,Acer,N,N
2236,-122.32571921542,47.5237705518104,DISTRICT1,Common (Eastern) Redbud,0.0,2,Cercis,N,N
2237,-122.360264517047,47.6221844357593,DISTRICT7,Homestead Elm,0.0,3,Ulmus,N,N
2238,-122.324122901619,47.660318768267,DISTRICT4,Autumn Brilliance Serviceberry,0.0,2,Amelanchier,N,N
2239,-122.383203369305,47.5374810675171,DISTRICT1,English Midland Hawthorn,0.0,14,Crataegus,N,N
2240,-122.306166187378,47.7106037547126,DISTRICT5,Black Sugar Maple,0.0,10,Acer,N,N
2241,-122.356127027349,47.5300293963385,DISTRICT1,Norwegian Sunset Maple,0.0,8,Acer,N,N
2242,-122.408467631134,47.644028796267,DISTRICT7,Paper (Canoe) Birch,0.0,13,Betula,N,N
2243,-122.360058969478,47.688345927989,DISTRICT6,Purpleleaf Plum variety,0.0,5,Prunus,N,N
2244,-122.391426565969,47.6487449957422,DISTRICT7,"Lawson Cypress, Port Orford Cedar",0.0,21,Chamaecyparis,N,N
2245,-122.322617880062,47.6763637783999,DISTRICT6,Oak,0.0,6,Quercus,N,N
2246,-122.380173062112,47.5670295123723,DISTRICT1,Orchard (Common) Apple,0.0,7,Malus,N,N
2247,-122.321654705052,47.5282161672326,DISTRICT1,Zumi Crabapple,0.0,14,Malus,N,N
2248,-122.322858693156,47.6333835780355,DISTRICT3,Apple/Crabapple,0.0,5,Malus,N,N
2249,-122.36331679416,47.5248699458793,DISTRICT1,Black Locust,0.0,15,Robinia,N,N
2250,-122.287931906002,47.5313808457765,DISTRICT2,De Groot Littleleaf Linden,0.0,13,Tilia,N,N
2251,-122.334080113264,47.626101487316,DISTRICT3,Red Maple,0.0,4,Acer,N,N
2252,-122.274485860592,47.5564731436217,DISTRICT2,Hinoki Cypress,0.0,1,Chamaecyparis,N,N
2253,-122.398982541066,47.6970420557606,DISTRICT6,Higan (Spring) Cherry,0.0,3,Prunus,N,N
2254,-122.361324942841,47.6897905554276,DISTRICT6,Higan (Spring) Cherry,0.0,10,Prunus,N,N
2255,-122.387422991872,47.6755137477136,DISTRICT6,Common (Japanese) Zelkova,0.0,7,Zelkova,N,N
2256,-122.380222881056,47.5603104596854,DISTRICT1,European Hornbeam,0.0,4,Carpinus,N,N
2257,-122.31792563509,47.5283416786574,DISTRICT1,Red Sunset Red Maple,0.0,26,Acer,N,N
2258,-122.369076123598,47.5654966938267,DISTRICT1,Sweetgum,0.0,18,Liquidambar,N,N
2259,-122.349334860985,47.6254996514593,DISTRICT7,Eddie's White Wonder Dogwood,0.0,4,Cornus,N,N
2260,-122.309371000246,47.6667071873367,DISTRICT4,Horse Chestnut,0.0,31,Aesculus,N,N
2261,-122.393858695193,47.6597502228743,DISTRICT7,Blireiana Purpleleaf Plum,0.0,7,Prunus,N,N
2262,-122.398297345547,47.65311184524,DISTRICT7,Cherry/Plum/Laurel,0.0,5,Prunus,N,N
2263,-122.290928920708,47.7061525262298,DISTRICT5,Frontier Elm,0.0,2,Ulmus,N,N
2264,-122.378172219039,47.5620849437375,DISTRICT1,Red Maple,0.0,3,Acer,N,N
2265,-122.293376492331,47.6978248957535,DISTRICT5,Western Red Cedar,0.0,50,Thuja,N,N
2266,-122.371165946901,47.5192939551631,DISTRICT1,Washington Hawthorn,0.0,4,Crataegus,N,N
2267,-122.333435330571,47.6625756890547,DISTRICT4,Evergreen (Southern) Magnolia,0.0,8,Magnolia,N,N
2268,-122.283805520035,47.5149452342507,DISTRICT2,Bigleaf Maple,0.0,7,Acer,N,N
2269,-122.35352612386,47.6331269998661,DISTRICT7,(Smooth) Japanese Maple,0.0,3,Acer,N,N
2270,-122.316443422244,47.6635723658397,DISTRICT4,"Tupelo, Sour Gum",0.0,8,Nyssa,N,N
2271,-122.296869445951,47.5649203933057,DISTRICT2,Freeman Maple,0.0,3,Acer,N,N
2272,-122.272023994162,47.6603081489343,DISTRICT4,Wild Weeping (Higan) Cherry,0.0,3,Prunus,N,N
2273,-122.262459992612,47.5459024613303,DISTRICT2,Common (Eastern) Redbud,0.0,1,Cercis,N,N
2274,-122.399588917055,47.6568103600326,DISTRICT7,Dogwood,0.0,8,Cornus,N,N
2275,-122.358315948549,47.6401712160781,DISTRICT7,Paperbark Maple,0.0,8,Acer,N,N
2276,-122.34692388227,47.5344146769537,DISTRICT1,Bitter Cherry,0.0,5,Prunus,N,N
2277,-122.390743304348,47.6797376794569,DISTRICT6,Thundercloud Purpleleaf Plum,0.0,12,Prunus,N,N
2278,-122.340864235293,47.6178434294749,DISTRICT7,Largeleaf Crabapple,0.0,5,Malus,N,N
2279,-122.395296365825,47.6817239910137,DISTRICT6,(Smooth) Japanese Maple,0.0,8,Acer,N,N
2280,-122.272043331365,47.5383599910043,DISTRICT2,Common Hawthorn,0.0,22,Crataegus,N,N
2281,-122.342418310197,47.6324246150584,DISTRICT7,Autumn Gold Ginkgo,0.0,3,Ginkgo,N,N
2282,-122.391471069319,47.6913612038199,DISTRICT6,(American) Arborvitae,0.0,3,Thuja,N,N
2283,-122.321120786492,47.6080046753056,DISTRICT3,Accolade Elm,0.0,8,Ulmus,N,N
2284,-122.337277031655,47.6229020309956,DISTRICT7,Red Oak,0.0,8,Quercus,N,N
2285,-122.373737427178,47.5670591414752,DISTRICT1,Pine,0.0,18,Pinus,N,N
2286,-122.264101892479,47.6743316071412,DISTRICT4,Red Maple,0.0,18,Acer,N,N
2287,-122.364557180961,47.6586235188645,DISTRICT6,Red Sunset Red Maple,0.0,18,Acer,N,N
2288,-122.261694335539,47.5558559829488,DISTRICT2,Cherry/Plum/Laurel,0.0,16,Prunus,N,N
2289,-122.296044383918,47.6265966312224,DISTRICT3,European (Fruiting) Plum,0.0,5,Prunus,N,N
2290,-122.324972887325,47.6324831156544,DISTRICT4,English (Hedge) Maple,0.0,13,Acer,N,N
2291,-122.371615263234,47.6423440192035,DISTRICT7,"Persian Ironwood, Parrotia",0.0,4,Parrotia,N,N
2292,-122.314796041511,47.5655338416634,DISTRICT2,Japanese Tree Lilac,0.0,2,Syringa,N,N
2293,-122.286773616244,47.6251935918587,DISTRICT3,American (White) Elm,0.0,32,Ulmus,N,N
2294,-122.289605755347,47.5571034767452,DISTRICT2,Kousa Dogwood,0.0,2,Cornus,N,N
2295,-122.373060623348,47.6782505785303,DISTRICT6,Blireiana Purpleleaf Plum,0.0,8,Prunus,N,N
2296,-122.310514029442,47.5719773202927,DISTRICT2,"Ginkgo, Maidenhair Tree",0.0,2,Ginkgo,N,N
2297,-122.347156202644,47.6599147923594,DISTRICT4,Red Oak,0.0,11,Quercus,N,N
2298,-122.336166921932,47.5542437238189,DISTRICT2,Paper (Canoe) Birch,0.0,8,Betula,N,N
2299,-122.390759821414,47.5624291441632,DISTRICT1,Wild Weeping (Higan) Cherry,0.0,3,Prunus,N,N
2300,-122.394980355156,47.5595070365065,DISTRICT1,Hackberry Common,0.0,1,Celtis,N,N
2301,-122.343680202948,47.6210972750228,DISTRICT7,Scarlet Oak,0.0,4,Quercus,N,N
2302,-122.400329037607,47.6793789900681,DISTRICT6,Evergreen (Southern) Magnolia,0.0,7,Magnolia,N,N
2303,-122.292808177939,47.5836795258421,DISTRICT3,English Midland Hawthorn,0.0,6,Crataegus,N,N
2304,-122.383464273813,47.577012353798,DISTRICT1,London Plane (Tree),0.0,29,Platanus,N,N
2305,-122.358194793939,47.6366640808431,DISTRICT7,Double Chinese Cherry,0.0,7,Prunus,N,N
2306,-122.316838753365,47.6240694769986,DISTRICT3,Red Maple,0.0,15,Acer,N,N
2307,-122.309842311695,47.5492614779678,DISTRICT2,Sweetgum,0.0,6,Liquidambar,N,N
2308,-122.360780848088,47.6490713996813,DISTRICT7,Queen Elizabeth Maple,0.0,9,Acer,N,N
2309,-122.308694407867,47.6140618440787,DISTRICT3,European (Green) Beech,0.0,8,Fagus,N,N
2310,-122.336737944766,47.6519370690689,DISTRICT4,Evergreen (Southern) Magnolia,0.0,6,Magnolia,N,N
2311,-122.304499999608,47.7110899990536,DISTRICT5,Autumn Brilliance Serviceberry,0.0,4,Amelanchier,N,N
2312,-122.281546646483,47.6587424475967,DISTRICT4,Sargent Cherry,0.0,4,Prunus,N,N
2313,-122.287393044141,47.6164469946136,DISTRICT3,Purpleleaf Plum variety,0.0,2,Prunus,N,N
2314,-122.340770539738,47.5263783129784,DISTRICT1,Red Alder,0.0,7,Alnus,N,N
2315,-122.376009019487,47.6357533558834,DISTRICT7,English Oak,0.0,8,Quercus,N,N
2316,-122.337954549255,47.7310226040918,DISTRICT5,Douglas Fir,0.0,12,Pseudotsuga,N,N
2317,-122.335207029026,47.5890617853389,DISTRICT2,Quaking Aspen,0.0,7,Populus,N,N
2318,-122.392655483835,47.6487003503439,DISTRICT7,"Lawson Cypress, Port Orford Cedar",0.0,25,Chamaecyparis,N,N
2319,-122.290342729252,47.5449350970932,DISTRICT2,Black Locust,0.0,6,Robinia,N,N
2320,-122.365915297305,47.6781005807776,DISTRICT6,Autumn Brilliance Serviceberry,0.0,2,Amelanchier,N,N
2321,-122.308929262137,47.6685911726583,DISTRICT4,Common Hawthorn,0.0,9,Crataegus,N,N
2322,-122.350021772796,47.6941279523345,DISTRICT5,Pacific Sunset Maple,0.0,2,Acer,N,N
2323,-122.372402210304,47.6497924432594,DISTRICT7,Hinoki Cypress,0.0,4,Chamaecyparis,N,N
2324,-122.280518366433,47.5284562891526,DISTRICT2,Norwegian Sunset Maple,0.0,6,Acer,N,N
2325,-122.36018613519,47.7322681610719,DISTRICT5,Common (Euro) Mountain Ash,0.0,14,Sorbus,N,N
2326,-122.312534956315,47.572908925716,DISTRICT2,(Smooth) Japanese Maple,0.0,11,Acer,N,N
2327,-122.38871959919,47.6777848987414,DISTRICT6,Thundercloud Purpleleaf Plum,0.0,12,Prunus,N,N
2328,-122.345373515635,47.6278106014134,DISTRICT7,Red Maple,0.0,5,Acer,N,N
2329,-122.294289812364,47.7205838004051,DISTRICT5,Emerald Queen Norway Maple,0.0,13,Acer,N,N
2330,-122.307922578144,47.6104124015131,DISTRICT3,Japanese Snowbell Tree,0.0,2,Styrax,N,N
2331,-122.283918927967,47.7065360731572,DISTRICT5,Norway Spruce,0.0,12,Picea,N,N
2332,-122.335003496176,47.6148500898401,DISTRICT7,Black Locust,0.0,3,Robinia,N,N
2333,-122.367444368118,47.6458016470545,DISTRICT7,English (Cherry) Laurel,0.0,15,Prunus,N,N
2334,-122.297276291171,47.6975770669507,DISTRICT5,Italian Cypress,0.0,9,Cupressus,N,N
2335,-122.318178916349,47.6559204147268,DISTRICT4,Atlas Cedar,0.0,21,Cedrus,N,N
2336,-122.299815362692,47.5439101882659,DISTRICT2,Red Maple,0.0,11,Acer,N,N
2337,-122.316318925608,47.688417221706,DISTRICT4,(European) White Birch,0.0,16,Betula,N,N
2338,-122.31141333576,47.6113417983629,DISTRICT3,Black Locust,0.0,20,Robinia,N,N
2339,-122.29657238328,47.618835512019,DISTRICT3,Thundercloud Purpleleaf Plum,0.0,1,Prunus,N,N
2340,-122.3955884944,47.673892464732,DISTRICT6,Norwegian Sunset Maple,0.0,4,Acer,N,N
2341,-122.275801799245,47.6760760297786,DISTRICT4,Wild Weeping (Higan) Cherry,0.0,6,Prunus,N,N
2342,-122.391703366603,47.5249131414013,DISTRICT1,Sweetgum,0.0,3,Liquidambar,N,N
2343,-122.344662325153,47.6566565302687,DISTRICT4,Juniper,0.0,1,Juniperus,N,N
2344,-122.289453654891,47.6254499866877,DISTRICT3,Pin Oak,0.0,23,Quercus,N,N
2345,-122.302405306911,47.5933346450973,DISTRICT3,Firestarter Black Tupelo,0.0,2,Nyssa,N,N
2346,-122.322627235021,47.6792767084844,DISTRICT6,Callery Pear,0.0,2,Pyrus,N,N
2347,-122.279971584304,47.5273302309203,DISTRICT2,Aristocrat Pear,0.0,4,Pyrus,N,N
2348,-122.396038987846,47.6382924448794,DISTRICT7,Kwanzan Flowering Cherry,0.0,5,Prunus,N,N
2349,-122.404125373236,47.6693569143192,DISTRICT6,Norwegian Sunset Maple,0.0,8,Acer,N,N
2350,-122.267743484049,47.5492712931859,DISTRICT2,Willow Oak,0.0,1,Quercus,N,N
2351,-122.325899479422,47.645765024149,DISTRICT4,Sweetgum,0.0,7,Liquidambar,N,N
2352,-122.322982980902,47.6488410235289,DISTRICT3,Shore Pine,0.0,7,Pinus,N,N
2353,-122.311661477161,47.5989529791968,DISTRICT3,Common (Japanese) Zelkova,0.0,3,Zelkova,N,N
2354,-122.30866757061,47.6304836369593,DISTRICT3,English Midland Hawthorn,0.0,14,Crataegus,N,N
2355,-122.37693640329,47.6806362656063,DISTRICT6,Pacific Sunset Maple,0.0,14,Acer,N,N
2356,-122.385560959111,47.6887474792748,DISTRICT6,(Smooth) Japanese Maple,0.0,9,Acer,N,N
2357,-122.281172076576,47.5526270368863,DISTRICT2,Littleleaf Linden,0.0,4,Tilia,N,N
2358,-122.367348836113,47.6826501112396,DISTRICT6,Cherry/Plum/Laurel,0.0,16,Prunus,N,N
2359,-122.366234664198,47.6735693916163,DISTRICT6,Sunburst Honey Locust,0.0,10,Gleditsia,N,N
2360,-122.371046625169,47.5447106018435,DISTRICT1,Common (Japanese) Zelkova,0.0,5,Zelkova,N,N
2361,-122.324871846657,47.6114952218484,DISTRICT3,European Hornbeam,0.0,12,Carpinus,N,N
2362,-122.335356379664,47.6613112472368,DISTRICT4,Flame Narrowleaf Ash,0.0,14,Fraxinus,N,N
2363,-122.307562523462,47.5997958638809,DISTRICT3,Crimean Linden,0.0,9,Tilia,N,N
2364,-122.343667377598,47.6313195325797,DISTRICT7,Scarlet Oak,0.0,18,Quercus,N,N
2365,-122.322736207953,47.5634876637847,DISTRICT2,Littleleaf Linden,0.0,16,Tilia,N,N
2366,-122.317873916415,47.6867881557571,DISTRICT4,American Hornbeam,0.0,2,Carpinus,N,N
2367,-122.332654723167,47.6039483818771,DISTRICT7,Littleleaf Linden,0.0,10,Tilia,N,N
2368,-122.371976783662,47.5748747581683,DISTRICT1,Bigleaf Maple,0.0,20,Acer,N,N
2369,-122.299755896734,47.6930265602612,DISTRICT5,Japanese Snowbell Tree,0.0,5,Styrax,N,N
2370,-122.366611753061,47.6724006162062,DISTRICT6,Narrowleaf Ash,0.0,13,Fraxinus,N,N
2371,-122.353596645188,47.6724129820895,DISTRICT6,Higan (Spring) Cherry,0.0,9,Prunus,N,N
2372,-122.359685053746,47.5415476331326,DISTRICT1,Juniper,0.0,20,Juniperus,N,N
2373,-122.379139813786,47.5478839457879,DISTRICT1,Shiro-fugen Flowering Cherry,0.0,2,Prunus,N,N
2374,-122.301735953699,47.6388957115803,DISTRICT3,Frontier Elm,0.0,4,Ulmus,N,N
2375,-122.340326194679,47.6358515118857,DISTRICT7,Norway Maple,0.0,9,Acer,N,N
2376,-122.364245282498,47.6817309324276,DISTRICT6,Pacific Dogwood,0.0,10,Cornus,N,N
2377,-122.28517890586,47.6721071944055,DISTRICT4,English Midland Hawthorn,0.0,9,Crataegus,N,N
2378,-122.322518955699,47.5439352801952,DISTRICT2,Pacific Sunset Maple,0.0,9,Acer,N,N
2379,-122.305758059277,47.6883571850541,DISTRICT4,Double Chinese Cherry,0.0,7,Prunus,N,N
2380,-122.32474973545,47.6387825002296,DISTRICT4,Unknown,0.0,4,,N,N
2381,-122.302003743612,47.6279740004434,DISTRICT3,Locust,0.0,2,Robinia,N,N
2382,-122.409874738322,47.5697063473666,DISTRICT1,(European) White Birch,0.0,12,Betula,N,N
2383,-122.35833999126,47.6245118443816,DISTRICT7,London Plane (Tree),0.0,16,Platanus,N,N
2384,-122.292738547213,47.7240432657432,DISTRICT5,Princeton Elm,0.0,1,Ulmus,N,N
2385,-122.260108011976,47.5526145531364,DISTRICT2,Cherry/Plum/Laurel,0.0,11,Prunus,N,N
2386,-122.308988139671,47.6664681048942,DISTRICT4,Norwegian Sunset Maple,0.0,9,Acer,N,N
2387,-122.392933466002,47.6862629521504,DISTRICT6,Thundercloud Purpleleaf Plum,0.0,5,Prunus,N,N
2388,-122.311922638127,47.7250693118584,DISTRICT5,English Midland Hawthorn,0.0,12,Crataegus,N,N
2389,-122.379390573315,47.5295808276394,DISTRICT1,Thundercloud Purpleleaf Plum,0.0,12,Prunus,N,N
2390,-122.298066857074,47.6917684113583,DISTRICT5,Apple/Crabapple,0.0,11,Malus,N,N
2391,-122.35682721554,47.6198929670326,DISTRICT7,Double Chinese Cherry,0.0,4,Prunus,N,N
2392,-122.366021466693,47.6770583735256,DISTRICT6,Frontier Elm,0.0,2,Ulmus,N,N
2393,-122.3635019815,47.6475581015746,DISTRICT7,Western Red Cedar,0.0,4,Thuja,N,N
2394,-122.356767132321,47.6549176562419,DISTRICT6,Purpleleaf Plum variety,0.0,11,Prunus,N,N
2395,-122.313469336819,47.6007995140446,DISTRICT3,Littleleaf Linden,0.0,16,Tilia,N,N
2396,-122.30782483854,47.6891704590073,DISTRICT4,Purple Prince Crabapple,0.0,4,Malus,N,N
2397,-122.360720462957,47.6583435291113,DISTRICT6,Chinese Fan (Windmill) Palm,0.0,10,Trachycarpus,N,N
2398,-122.299151224469,47.5953583364147,DISTRICT3,Red Oak,0.0,16,Quercus,N,N
2399,-122.376415727445,47.5403127477231,DISTRICT1,Green (Red) Ash,0.0,12,Fraxinus,N,N
2400,-122.29913396581,47.5922985001313,DISTRICT3,Scarlet Oak,0.0,5,Quercus,N,N
2401,-122.351047825121,47.6400445254585,DISTRICT7,Norway Maple,0.0,5,Acer,N,N
2402,-122.332600849289,47.6579474649628,DISTRICT4,White-barked Himalayan (Jacque,0.0,7,Betula,N,N
2403,-122.376643577451,47.6687633577047,DISTRICT6,Chinese Elm,0.0,5,Ulmus,N,N
2404,-122.314757521673,47.5883743972772,DISTRICT2,Dogwood,0.0,4,Cornus,N,N
2405,-122.321767273277,47.5289568826771,DISTRICT1,Common (Eastern) Redbud,0.0,1,Cercis,N,N
2406,-122.345863598561,47.6786257291631,DISTRICT6,Cherry/Plum/Laurel,0.0,10,Prunus,N,N
2407,-122.33146375534,47.7269319880745,DISTRICT5,Douglas Fir,0.0,22,Pseudotsuga,N,N
2408,-122.367616365335,47.631434552213,DISTRICT7,Magnolia,0.0,9,Magnolia,N,N
2409,-122.30613304615,47.6263541164363,DISTRICT3,Western Red Cedar,0.0,25,Thuja,N,N
2410,-122.382963230785,47.6666047539084,DISTRICT6,Pin Oak,0.0,12,Quercus,N,N
2411,-122.370252977652,47.5355921712641,DISTRICT1,Common (Eastern) Redbud,0.0,4,Cercis,N,N
2412,-122.301750874915,47.6227035447774,DISTRICT3,Red Maple,0.0,15,Acer,N,N
2413,-122.258441909423,47.5070279432832,DISTRICT2,Cherry/Plum/Laurel,0.0,5,Prunus,N,N
2414,-122.279314385197,47.6622421435412,DISTRICT4,White Column (Amanogawa) Flowe,0.0,1,Prunus,N,N
2415,-122.307794669777,47.6091348265585,DISTRICT3,Red Maple,0.0,13,Acer,N,N
2416,-122.318893565243,47.6556373006969,DISTRICT4,Austrian Black Pine,0.0,24,Pinus,N,N
2417,-122.338513466358,47.6599227663669,DISTRICT4,Paperbark Maple,0.0,4,Acer,N,N
2418,-122.375234404783,47.5424663602371,DISTRICT1,Cherry/Plum/Laurel,0.0,5,Prunus,N,N
2419,-122.336849253006,47.6671786427831,DISTRICT6,Kwanzan Flowering Cherry,0.0,9,Prunus,N,N
2420,-122.351007872364,47.5192253637678,DISTRICT1,Thundercloud Purpleleaf Plum,0.0,3,Prunus,N,N
2421,-122.312025316523,47.586973219986,DISTRICT2,Pine,0.0,13,Pinus,N,N
2422,-122.39021968439,47.6867334674431,DISTRICT6,Oakleaf Mountain Ash,0.0,6,Sorbus,N,N
2423,-122.281455572054,47.5383017353395,DISTRICT2,Village Green Zelkova,0.0,6,Zelkova,N,N
2424,-122.334491092368,47.6073132929119,DISTRICT7,Sweetgum,0.0,7,Liquidambar,N,N
2425,-122.312297583166,47.6893866158625,DISTRICT4,Purpleleaf Plum variety,0.0,14,Prunus,N,N
2426,-122.27898578852,47.6759671246478,DISTRICT4,Apple/Crabapple,0.0,1,Malus,N,N
2427,-122.285634326395,47.5363031368756,DISTRICT2,Red Maple,0.0,7,Acer,N,N
2428,-122.37053163368,47.6921165392896,DISTRICT6,Western Red Cedar,0.0,40,Thuja,N,N
2429,-122.270273743854,47.5032345472943,DISTRICT2,Vine Maple,0.0,1,Acer,N,N
2430,-122.322596502959,47.570006818991,DISTRICT2,American Hornbeam,0.0,3,Carpinus,N,N
2431,-122.276403525466,47.544292294572,DISTRICT2,Cherry/Plum/Laurel,0.0,4,Prunus,N,N
2432,-122.362193877404,47.6351805750633,DISTRICT7,(Smooth) Japanese Maple,0.0,3,Acer,N,N
2433,-122.283394313847,47.5584215943928,DISTRICT2,Purpleleaf Plum variety,0.0,13,Prunus,N,N
2434,-122.271428308543,47.6685580150353,DISTRICT4,Douglas Fir,0.0,36,Pseudotsuga,N,N
2435,-122.279163235723,47.5173001190301,DISTRICT2,Pacific Sunset Maple,0.0,6,Acer,N,N
2436,-122.35543142787,47.6868224752818,DISTRICT6,European (Green) Beech,0.0,24,Fagus,N,N
2437,-122.391839443083,47.6837967024763,DISTRICT6,Oakleaf Mountain Ash,0.0,19,Sorbus,N,N
2438,-122.307339285506,47.705193379149,DISTRICT5,Hawthorn,0.0,11,Crataegus,N,N
2439,-122.30617986846,47.6060901938232,DISTRICT3,Sugar Maple,0.0,27,Acer,N,N
2440,-122.339118542319,47.5671392001481,DISTRICT2,Sycamore Maple,0.0,13,Acer,N,N
2441,-122.356665270151,47.6649782731433,DISTRICT6,Cherry/Plum/Laurel,0.0,13,Prunus,N,N
2442,-122.318905011196,47.6244647434074,DISTRICT3,Swedish Birch,0.0,13,Betula,N,N
2443,-122.378835713178,47.676997344334,DISTRICT6,Thundercloud Purpleleaf Plum,0.0,9,Prunus,N,N
2444,-122.317016664792,47.694963008729,DISTRICT5,Cherry/Plum/Laurel,0.0,13,Prunus,N,N
2445,-122.278340580346,47.5389274656384,DISTRICT2,Donald Wyman Crabapple,0.0,3,Malus,N,N
2446,-122.284218569873,47.6268000837937,DISTRICT3,European (Fruiting) Plum,0.0,14,Prunus,N,N
2447,-122.347015060159,47.5173845477703,DISTRICT1,Green (Red) Ash,0.0,7,Fraxinus,N,N
2448,-122.272687576377,47.5582777827719,DISTRICT2,Rugged Ridge Maple,0.0,4,Acer,N,N
2449,-122.306432945637,47.6737620306196,DISTRICT4,Callery Pear,0.0,4,Pyrus,N,N
2450,-122.303147579211,47.6306126375729,DISTRICT3,Holm (Holly) Oak,0.0,10,Quercus,N,N
2451,-122.385159411464,47.7035520157688,DISTRICT6,Douglas Fir,0.0,16,Pseudotsuga,N,N
2452,-122.269412352988,47.6600915884752,DISTRICT4,Purpleleaf Plum variety,0.0,12,Prunus,N,N
2453,-122.305440724598,47.6963555473194,DISTRICT5,Cherry/Plum/Laurel,0.0,4,Prunus,N,N
2454,-122.278281905089,47.5576380225095,DISTRICT2,Thundercloud Purpleleaf Plum,0.0,8,Prunus,N,N
2455,-122.319971718795,47.6612471168149,DISTRICT4,Red Maple,0.0,9,Acer,N,N
2456,-122.325159751523,47.6715028744936,DISTRICT6,Pacific Sunset Maple,0.0,1,Acer,N,N
2457,-122.309902720778,47.7091925689027,DISTRICT5,Bitter Cherry,0.0,5,Prunus,N,N
2458,-122.31750118976,47.7075030386978,DISTRICT5,Elm,0.0,7,Ulmus,N,N
2459,-122.298510683014,47.6771490189487,DISTRICT4,Peach Tree,0.0,4,Prunus,N,N
2460,-122.309949587022,47.5528327061743,DISTRICT2,State Street Maple,0.0,2,Acer,N,N
2461,-122.285981608596,47.6790396357401,DISTRICT4,Red Maple,0.0,3,Acer,N,N
2462,-122.366840343387,47.6796005679551,DISTRICT6,Callery Pear,0.0,8,Pyrus,N,N
2463,-122.37781778268,47.5349084405471,DISTRICT1,June Snow Dogwood,0.0,3,Cornus,N,N
2464,-122.335012331259,47.6614552832743,DISTRICT4,Cimmaron Green Ash,0.0,7,Fraxinus,N,N
2465,-122.411930434361,47.6419887289501,DISTRICT7,(Smooth) Japanese Maple,0.0,1,Acer,N,N
2466,-122.355105522145,47.696073894266,DISTRICT5,Norway Maple,0.0,12,Acer,N,N
2467,-122.32436673918,47.6880442454294,DISTRICT4,Narrowleaf Ash,0.0,14,Fraxinus,N,N
2468,-122.360901528161,47.6571818665198,DISTRICT6,Japanese Snowbell Tree,0.0,4,Styrax,N,N
2469,-122.274287977333,47.5189227472059,DISTRICT2,Pyramidal Arborvitae,0.0,1,Thuja,N,N
2470,-122.284277541159,47.52200316342,DISTRICT2,October Glory Red Maple,0.0,17,Acer,N,N
2471,-122.284007288255,47.6294049117833,DISTRICT3,English Midland Hawthorn,0.0,10,Crataegus,N,N
2472,-122.352345033464,47.6883443481347,DISTRICT6,Common (Euro) Mountain Ash,0.0,11,Sorbus,N,N
2473,-122.373167494084,47.6442937185409,DISTRICT7,Callery Pear,0.0,4,Pyrus,N,N
2474,-122.312562745222,47.7277940765125,DISTRICT5,Littleleaf Linden,0.0,14,Tilia,N,N
2475,-122.36179343654,47.5550128138927,DISTRICT1,(Common) Goldenchain,0.0,5,Laburnum,N,N
2476,-122.245696729645,47.4999999647934,DISTRICT2,Tokyo Tower Fringe Tree,0.0,1,Chionanthus,N,N
2477,-122.315928985795,47.5779310681173,DISTRICT2,Red Jewel Crabapple,0.0,3,Malus,N,N
2478,-122.349868710455,47.6131061725204,DISTRICT7,Norway Maple,0.0,12,Acer,N,N
2479,-122.30221382149,47.6556178885647,DISTRICT4,Pin Oak,0.0,11,Quercus,N,N
2480,-122.311271567789,47.6885519793534,DISTRICT4,Katsura Tree,0.0,11,Cercidiphyllum,N,N
2481,-122.32038734452,47.6550612280875,DISTRICT4,Sweetgum,0.0,11,Liquidambar,N,N
2482,-122.331628555793,47.7241933102461,DISTRICT5,Pacific Dogwood,0.0,31,Cornus,N,N
2483,-122.328529735059,47.7141440940054,DISTRICT5,English (Hedge) Maple,0.0,4,Acer,N,N
2484,-122.262550746536,47.5494936111818,DISTRICT2,Oak,0.0,2,Quercus,N,N
2485,-122.301534757719,47.5839871508314,DISTRICT3,Norwegian Sunset Maple,0.0,4,Acer,N,N
2486,-122.385919954948,47.6524345070375,DISTRICT7,Sweetgum,0.0,16,Liquidambar,N,N
2487,-122.371429432276,47.5440844748625,DISTRICT1,Kwanzan Flowering Cherry,0.0,3,Prunus,N,N
2488,-122.302229130281,47.6194902977641,DISTRICT3,Red Maple,0.0,14,Acer,N,N
2489,-122.392732595358,47.5824492582529,DISTRICT1,Japanese Snowbell Tree,0.0,1,Styrax,N,N
2490,-122.366371282595,47.6716942209022,DISTRICT6,Purpleleaf Plum variety,0.0,11,Prunus,N,N
2491,-122.311132939871,47.6324145073644,DISTRICT3,Horse Chestnut,0.0,40,Aesculus,N,N
2492,-122.343392293919,47.6266160923265,DISTRICT7,Norway Maple,0.0,6,Acer,N,N
2493,-122.289621043829,47.6944972267128,DISTRICT5,Full Moon (Downy Japanese) Maple,0.0,1,Acer,N,N
2494,-122.31118311769,47.6740486771522,DISTRICT4,European (Fruiting) Plum,0.0,28,Prunus,N,N
2495,-122.338894186152,47.6060736805473,DISTRICT7,Common (Japanese) Zelkova,0.0,11,Zelkova,N,N
2496,-122.343155975843,47.6600043802204,DISTRICT4,Narrowleaf Ash,0.0,6,Fraxinus,N,N
2497,-122.370534890485,47.5709083839903,DISTRICT1,Norwegian Sunset Maple,0.0,5,Acer,N,N
2498,-122.389727578383,47.7007039514134,DISTRICT6,Western Hemlock,0.0,8,Tsuga,N,N
2499,-122.336442465505,47.6478507090862,DISTRICT4,Kobus Magnolia,0.0,5,Magnolia,N,N
2500,-122.359740083104,47.6324703542472,DISTRICT7,Cherry/Plum/Laurel,0.0,10,Prunus,N,N
2501,-122.337462562425,47.7158658256829,DISTRICT5,(European) White Birch,0.0,8,Betula,N,N
2502,-122.374855266247,47.6411278313052,DISTRICT7,Sweetgum,0.0,9,Liquidambar,N,N
2503,-122.386879606768,47.5726415327166,DISTRICT1,Littleleaf Linden,0.0,11,Tilia,N,N
2504,-122.265245424727,47.5479877222605,DISTRICT2,(Pacific) Madrona,0.0,3,Arbutus,N,N
2505,-122.278716096709,47.6697736995692,DISTRICT4,Japanese Snowbell Tree,0.0,2,Styrax,N,N
2506,-122.377047293711,47.5538388960574,DISTRICT1,English Midland Hawthorn,0.0,7,Crataegus,N,N
2507,-122.288877010637,47.5581995795318,DISTRICT2,Purpleleaf Plum variety,0.0,18,Prunus,N,N
2508,-122.326503996487,47.6258391817013,DISTRICT3,London Plane (Tree),0.0,27,Platanus,N,N
2509,-122.272748687946,47.5434772714074,DISTRICT2,Common Hawthorn,0.0,3,Crataegus,N,N
2510,-122.269871633961,47.5341366648317,DISTRICT2,Crimean Linden,0.0,13,Tilia,N,N
2511,-122.413213294242,47.6482270153812,DISTRICT7,Mountain Ash/Whitebeam,0.0,3,Sorbus,N,N
2512,-122.329633462923,47.6388332594022,DISTRICT4,Common Hawthorn,0.0,9,Crataegus,N,N
2513,-122.361804386843,47.6256482680628,DISTRICT7,Magnolia,0.0,5,Magnolia,N,N
2514,-122.351837302291,47.6162330086626,DISTRICT7,English (Hedge) Maple,0.0,3,Acer,N,N
2515,-122.287573891466,47.6900914084783,DISTRICT4,Kwanzan Flowering Cherry,0.0,7,Prunus,N,N
2516,-122.393351476118,47.6485413129292,DISTRICT7,Kousa Dogwood,0.0,4,Cornus,N,N
2517,-122.343060629677,47.7004640171063,DISTRICT5,Sweetgum,0.0,5,Liquidambar,N,N
2518,-122.305537045348,47.6756627737086,DISTRICT4,(Sweet) Mazzard Cherry,0.0,16,Prunus,N,N
2519,-122.369083155465,47.6386678985856,DISTRICT7,American (White) Elm,0.0,28,Ulmus,N,N
2520,-122.311133367702,47.6313295937794,DISTRICT3,Birchbark (Tibetan) Cherry,0.0,2,Prunus,N,N
2521,-122.39911498338,47.6703579361917,DISTRICT6,Cockspur Hawthorn,0.0,8,Crataegus,N,N
2522,-122.314333747137,47.5854925569572,DISTRICT2,Callery Pear,0.0,6,Pyrus,N,N
2523,-122.303701011475,47.6178617813334,DISTRICT3,"Tupelo, Sour Gum",0.0,5,Nyssa,N,N
2524,-122.389427773464,47.5503878394569,DISTRICT1,Thundercloud Purpleleaf Plum,0.0,10,Prunus,N,N
2525,-122.272832180796,47.5569764657543,DISTRICT2,Pine,0.0,10,Pinus,N,N
2526,-122.301383472012,47.6911547861264,DISTRICT5,Common Fig,0.0,1,Ficus,N,N
2527,-122.252395357436,47.5119909780298,DISTRICT2,Cherry/Plum/Laurel,0.0,1,Prunus,N,N
2528,-122.353027425937,47.6578056118712,DISTRICT6,Red Maple,0.0,18,Acer,N,N
2529,-122.318403399714,47.6693615776914,DISTRICT4,Thundercloud Purpleleaf Plum,0.0,12,Prunus,N,N
2530,-122.302893156212,47.6790667695724,DISTRICT4,Purpleleaf Plum variety,0.0,17,Prunus,N,N
2531,-122.363808329853,47.6961100098307,DISTRICT6,Japanese Tree Lilac,0.0,12,Syringa,N,N
2532,-122.306194551414,47.7118929267045,DISTRICT5,Vine Maple,0.0,1,Acer,N,N
2533,-122.304182368676,47.6243557515402,DISTRICT3,Orchard (Common) Apple,0.0,3,Malus,N,N
2534,-122.396488941955,47.6766418510655,DISTRICT6,Apple/Crabapple,0.0,5,Malus,N,N
2535,-122.288088086466,47.5416605714164,DISTRICT2,Norwegian Sunset Maple,0.0,7,Acer,N,N
2536,-122.330651509875,47.5534619474006,DISTRICT2,(Smooth) Japanese Maple,0.0,1,Acer,N,N
2537,-122.29370603388,47.7129194492446,DISTRICT5,Black Locust,0.0,32,Robinia,N,N
2538,-122.398278944116,47.6986773611783,DISTRICT6,English (Cherry) Laurel,0.0,9,Prunus,N,N
2539,-122.311553608743,47.6125683894288,DISTRICT3,European White Elm,0.0,34,Ulmus,N,N
2540,-122.314599532562,47.5826475818153,DISTRICT2,Serviceberry,0.0,3,Amelanchier,N,N
2541,-122.336085558888,47.6531932521211,DISTRICT4,(Smooth) Japanese Maple,0.0,6,Acer,N,N
2542,-122.382626693158,47.5835909708033,DISTRICT1,Apple/Crabapple,0.0,1,Malus,N,N
2543,-122.335054440534,47.696802265455,DISTRICT5,Tulip Tree,0.0,16,Liriodendron,N,N
2544,-122.362226402705,47.6565490797663,DISTRICT6,Red Sunset Red Maple,0.0,18,Acer,N,N
2545,-122.297074329651,47.567502892797,DISTRICT2,Katsura Tree,0.0,7,Cercidiphyllum,N,N
2546,-122.314766909209,47.6213733431493,DISTRICT3,Autumn Brilliance Serviceberry,0.0,3,Amelanchier,N,N
2547,-122.372766319241,47.6745893973085,DISTRICT6,Crimson King Norway Maple,0.0,21,Acer,N,N
2548,-122.291455930162,47.6076292007697,DISTRICT3,Callery Pear,0.0,17,Pyrus,N,N
2549,-122.322647002851,47.6742997249476,DISTRICT6,Western Red Cedar,0.0,16,Thuja,N,N
2550,-122.331174413517,47.6180179337351,DISTRICT7,Sweetgum,0.0,9,Liquidambar,N,N
2551,-122.330906369991,47.7267693053823,DISTRICT5,(European) White Birch,0.0,15,Betula,N,N
2552,-122.312954184195,47.6039740733834,DISTRICT3,Purpleleaf Plum variety,0.0,8,Prunus,N,N
2553,-122.359115509054,47.6622450705488,DISTRICT6,Pine,0.0,16,Pinus,N,N
2554,-122.311871128242,47.6617007917516,DISTRICT4,Redspire Pear,0.0,5,Pyrus,N,N
2555,-122.298872473559,47.6927133291518,DISTRICT5,Purpleleaf Plum variety,0.0,12,Prunus,N,N
2556,-122.304281160995,47.6499075347021,DISTRICT4,Red Oak,0.0,3,Quercus,N,N
2557,-122.358035211688,47.7177486207081,DISTRICT5,Hinoki Cypress,0.0,2,Chamaecyparis,N,N
2558,-122.342135195647,47.6526424790613,DISTRICT4,Largeleaf Crabapple,0.0,11,Malus,N,N
2559,-122.307379935512,47.5691591912913,DISTRICT2,Redspire Pear,0.0,10,Pyrus,N,N
2560,-122.325484765427,47.667486786593,DISTRICT6,Tuscorara Crapemyrtle,0.0,3,Lagerstroemia,N,N
2561,-122.384771280459,47.7037066569269,DISTRICT6,Spruce sp.,0.0,9,Picea,N,N
2562,-122.263579941888,47.5590770710466,DISTRICT2,Norway Maple,0.0,28,Acer,N,N
2563,-122.304682572266,47.6289914757238,DISTRICT3,Washington Hawthorn,0.0,6,Crataegus,N,N
2564,-122.332642616172,47.659677121205,DISTRICT4,Thundercloud Purpleleaf Plum,0.0,13,Prunus,N,N
2565,-122.376606490436,47.6495635973375,DISTRICT7,Red Oak,0.0,7,Quercus,N,N
2566,-122.358894755408,47.6589991048599,DISTRICT6,Aristocrat Pear,0.0,5,Pyrus,N,N
2567,-122.361274203395,47.6870050177113,DISTRICT6,Washington Hawthorn,0.0,4,Crataegus,N,N
2568,-122.379260761306,47.5427117566261,DISTRICT1,Kousa Dogwood,0.0,2,Cornus,N,N
2569,-122.334586279939,47.6724512056637,DISTRICT6,Autumn Flowering Cherry,0.0,16,Prunus,N,N
2570,-122.379006729141,47.6873179813283,DISTRICT6,Evergreen (Southern) Magnolia,0.0,2,Magnolia,N,N
2571,-122.309617331888,47.5958255373785,DISTRICT3,Norwegian Sunset Maple,0.0,3,Acer,N,N
2572,-122.305899999897,47.7102349988154,DISTRICT5,Dogwood,0.0,2,Cornus,N,N
2573,-122.303548501339,47.6884633542739,DISTRICT4,Trident Maple,0.0,7,Acer,N,N
2574,-122.322544559797,47.5675783075282,DISTRICT2,Ruby Vase Persian Ironwood,0.0,2,Parrotia,N,N
2575,-122.367879015399,47.540096451711,DISTRICT1,Red Maple,0.0,4,Acer,N,N
2576,-122.378829517731,47.5564333294258,DISTRICT1,(Sweet) Mazzard Cherry,0.0,2,Prunus,N,N
2577,-122.371949733907,47.5470479715194,DISTRICT1,River Birch,0.0,10,Betula,N,N
2578,-122.347757607098,47.6124925240077,DISTRICT7,Norway Maple,0.0,10,Acer,N,N
2579,-122.349210064193,47.6515609673704,DISTRICT6,Bigleaf Maple,0.0,20,Acer,N,N
2580,-122.36211449715,47.5704890680439,DISTRICT1,Giant Sequoia,0.0,30,Sequoiadendron,N,N
2581,-122.40522282382,47.6715564372283,DISTRICT6,Norwegian Sunset Maple,0.0,8,Acer,N,N
2582,-122.324123284189,47.5611345642632,DISTRICT2,Norway Maple,0.0,8,Acer,N,N
2583,-122.356461586372,47.530743146065,DISTRICT1,Autumn Brilliance Serviceberry,0.0,2,Amelanchier,N,N
2584,-122.311332032547,47.62915105601,DISTRICT3,Katsura Tree,0.0,15,Cercidiphyllum,N,N
2585,-122.360421794373,47.6278117529845,DISTRICT7,Kobus Magnolia,0.0,10,Magnolia,N,N
2586,-122.340410527592,47.6328254520668,DISTRICT7,Bradford Pear,0.0,8,Pyrus,N,N
2587,-122.294949132397,47.5994540905952,DISTRICT3,Profusion Crabapple,0.0,7,Malus,N,N
2588,-122.39176030511,47.6330341120964,DISTRICT7,Japanese Snowbell Tree,0.0,7,Styrax,N,N
2589,-122.347149590374,47.6995816978933,DISTRICT5,Autumn Flowering Cherry,0.0,1,Prunus,N,N
2590,-122.372750324028,47.6385654184588,DISTRICT7,Callery Pear,0.0,12,Pyrus,N,N
2591,-122.292808682299,47.7198184469373,DISTRICT5,Autumn Brilliance Serviceberry,0.0,2,Amelanchier,N,N
2592,-122.373433134592,47.6728512460745,DISTRICT6,Kwanzan Flowering Cherry,0.0,11,Prunus,N,N
2593,-122.312600334674,47.7333159725278,DISTRICT5,Littleleaf Linden,0.0,13,Tilia,N,N
2594,-122.325981744669,47.5264083805666,DISTRICT1,Karpick Maple,0.0,11,Acer,N,N
2595,-122.297277755876,47.6831862713427,DISTRICT4,(European) White Birch,0.0,18,Betula,N,N
2596,-122.306093067138,47.6693836740334,DISTRICT4,Quaking Aspen,0.0,15,Populus,N,N
2597,-122.36839664206,47.6635903304093,DISTRICT6,Norway Maple,0.0,4,Acer,N,N
2598,-122.284402765521,47.6244364781062,DISTRICT3,Pear,0.0,4,Pyrus,N,N
2599,-122.301691969775,47.6342672879652,DISTRICT3,Honey Locust,0.0,33,Gleditsia,N,N
2600,-122.325542017128,47.684917250666,DISTRICT6,Purpleleaf Plum variety,0.0,4,Prunus,N,N
2601,-122.299413227451,47.7125138857475,DISTRICT5,Norwegian Sunset Maple,0.0,9,Acer,N,N
2602,-122.344988461742,47.6144629167128,DISTRICT7,English (Hedge) Maple,0.0,11,Acer,N,N
2603,-122.24927173661,47.5038069243219,DISTRICT2,Japanese Hornbeam,0.0,2,Carpinus,N,N
2604,-122.308869037546,47.7138956448486,DISTRICT5,Pacific Sunset Maple,0.0,6,Acer,N,N
2605,-122.41356239572,47.6503965452219,DISTRICT7,Apple/Crabapple,0.0,4,Malus,N,N
2606,-122.300035782684,47.5930875362834,DISTRICT3,Emerald Queen Norway Maple,0.0,13,Acer,N,N
2607,-122.3170895578,47.5592484863824,DISTRICT2,Royal Raindrops Crabapple,0.0,2,Malus,N,N
2608,-122.305956505542,47.6292875879442,DISTRICT3,Autumn Flowering Cherry,0.0,6,Prunus,N,N
2609,-122.318731639472,47.6580469332977,DISTRICT4,English (Hedge) Maple,0.0,15,Acer,N,N
2610,-122.370877360043,47.5683989601039,DISTRICT1,Purpleleaf Plum variety,0.0,8,Prunus,N,N
2611,-122.353039626292,47.6173554504125,DISTRICT7,Norway Maple,0.0,6,Acer,N,N
2612,-122.262535508036,47.5167605861333,DISTRICT2,Snowcone Japanese Snowbell,0.0,2,Styrax,N,N
2613,-122.303519823128,47.6062213991231,DISTRICT3,Ruby Vase Persian Ironwood,0.0,2,Parrotia,N,N
2614,-122.391020633887,47.5518976164968,DISTRICT1,Cherry/Plum/Laurel,0.0,3,Prunus,N,N
2615,-122.337284150699,47.6136915669757,DISTRICT7,Honey Locust,0.0,12,Gleditsia,N,N
2616,-122.28300000114,47.5642189994209,DISTRICT2,Callery Pear,,6,Pyrus,N,N
2617,-122.28402340698,47.6581981778157,DISTRICT4,Sargent Cherry,0.0,3,Prunus,N,N
2618,-122.275399982655,47.681932469679,DISTRICT4,Kwanzan Flowering Cherry,0.0,14,Prunus,N,N
2619,-122.315228016337,47.7193655753345,DISTRICT5,Green (Red) Ash,0.0,15,Fraxinus,N,N
2620,-122.402380016926,47.6472300778742,DISTRICT7,Cherry/Plum/Laurel,0.0,15,Prunus,N,N
2621,-122.295145676263,47.6992484575099,DISTRICT5,Western Hemlock,0.0,12,Tsuga,N,N
2622,-122.28361710736,47.5239905297333,DISTRICT2,Japanese Snowbell Tree,0.0,5,Styrax,N,N
2623,-122.358100000059,47.7079539992703,DISTRICT5,Common Serviceberry,0.0,2,Amelanchier,N,N
2624,-122.344305324238,47.544130115679,DISTRICT1,European Hornbeam,0.0,6,Carpinus,N,N
2625,-122.367265964926,47.5302478993162,DISTRICT1,Kousa Dogwood,0.0,7,Cornus,N,N
2626,-122.278972719895,47.5163945606826,DISTRICT2,Common (Japanese) Zelkova,0.0,7,Zelkova,N,N
2627,-122.30724730342,47.6454952408255,DISTRICT3,(European) White Birch,0.0,14,Betula,N,N
2628,-122.31085858888,47.6654896526759,DISTRICT4,Common (Euro) Mountain Ash,0.0,9,Sorbus,N,N
2629,-122.262089701788,47.5164525229689,DISTRICT2,Sweetgum,0.0,6,Liquidambar,N,N
2630,-122.35894578459,47.5229402114846,DISTRICT1,Aristocrat Pear,0.0,2,Pyrus,N,N
2631,-122.289949331329,47.6233076418853,DISTRICT3,Japanese Snowbell Tree,0.0,0,Styrax,N,N
2632,-122.362317585251,47.6465884017256,DISTRICT7,Double Chinese Cherry,0.0,11,Prunus,N,N
2633,-122.296011129665,47.5385765662971,DISTRICT2,Red Maple,0.0,7,Acer,N,N
2634,-122.376212054228,47.6487865921623,DISTRICT7,Red Oak,0.0,7,Quercus,N,N
2635,-122.37417434032,47.6847060010194,DISTRICT6,Katsura Tree,0.0,20,Cercidiphyllum,N,N
2636,-122.395038970625,47.6590362908817,DISTRICT7,Apple/Crabapple,0.0,4,Malus,N,N
2637,-122.376354692378,47.5595084988702,DISTRICT1,Norway Maple,0.0,5,Acer,N,N
2638,-122.370549163256,47.6737594210187,DISTRICT6,English Midland Hawthorn,0.0,14,Crataegus,N,N
2639,-122.354867961787,47.5441717205008,DISTRICT1,Cascara (Buckthorn),0.0,2,Rhamnus,N,N
2640,-122.382974278093,47.6978354629821,DISTRICT6,Staghorn Sumac,0.0,4,Rhus,N,N
2641,-122.313418655408,47.5622874153578,DISTRICT2,Shingle Oak,0.0,2,Quercus,N,N
2642,-122.337885641424,47.5339995900048,DISTRICT1,Willow,0.0,12,Salix,N,N
2643,-122.329061076499,47.5720354669817,DISTRICT2,(California) Incense Cedar,0.0,5,Calocedrus,N,N
2644,-122.356479611355,47.5292881600976,DISTRICT1,Chinese Elm,0.0,4,Ulmus,N,N
2645,-122.39035530417,47.5345342963976,DISTRICT1,Apple/Crabapple,0.0,6,Malus,N,N
2646,-122.273183295707,47.5579928893208,DISTRICT2,Apple/Crabapple,0.0,6,Malus,N,N
2647,-122.360399268943,47.6770860468235,DISTRICT6,Paperbark Maple,0.0,3,Acer,N,N
2648,-122.352300000642,47.6247059988399,DISTRICT7,European (Green) Beech,,5,Fagus,N,N
2649,-122.351515349945,47.6884404067547,DISTRICT6,(European) White Birch,0.0,12,Betula,N,N
2650,-122.32480618522,47.5612872246901,DISTRICT2,Norway Maple,0.0,11,Acer,N,N
2651,-122.31577295484,47.6237488524372,DISTRICT3,Purpleleaf Plum variety,0.0,10,Prunus,N,N
2652,-122.386069256897,47.6388185672954,DISTRICT7,Bigleaf Maple,0.0,20,Acer,N,N
2653,-122.321719078629,47.7219158484731,DISTRICT5,Green (Red) Ash,0.0,14,Fraxinus,N,N
2654,-122.398102773868,47.6535380061753,DISTRICT7,Hawthorn,0.0,3,Crataegus,N,N
2655,-122.282326250772,47.5570896170086,DISTRICT2,Autumn Brilliance Serviceberry,0.0,3,Amelanchier,N,N
2656,-122.276075873231,47.6738104375877,DISTRICT4,Callery Pear,0.0,3,Pyrus,N,N
2657,-122.363817832526,47.6338709795197,DISTRICT7,(Smooth) Japanese Maple,0.0,2,Acer,N,N
2658,-122.285780975258,47.5529811161463,DISTRICT2,Cherry/Plum/Laurel,0.0,10,Prunus,N,N
2659,-122.297178944094,47.6689630551623,DISTRICT4,Cherry/Plum/Laurel,0.0,4,Prunus,N,N
2660,-122.359428310918,47.5665513569724,DISTRICT1,Apple/Crabapple,0.0,4,Malus,N,N
2661,-122.381326983534,47.5587899038436,DISTRICT1,Maple,0.0,2,Acer,N,N
2662,-122.299120789959,47.6215995628923,DISTRICT3,English Midland Hawthorn,0.0,7,Crataegus,N,N
2663,-122.325491476882,47.6667674315348,DISTRICT6,Persian Spire Parrotia,0.0,1,Parrotia,N,N
2664,-122.297042279512,47.5703187018931,DISTRICT2,Scarlet Oak,0.0,4,Quercus,N,N
2665,-122.267849167372,47.5527442886196,DISTRICT2,Cherry/Plum/Laurel,0.0,2,Prunus,N,N
2666,-122.265676406353,47.5571699187339,DISTRICT2,Ash,0.0,3,Fraxinus,N,N
2667,-122.380089374794,47.5755337332788,DISTRICT1,Sugar Tyme Crabapple,0.0,1,Malus,N,N
2668,-122.324970748809,47.5999312284003,DISTRICT2,Cherry/Plum/Laurel,0.0,2,Prunus,N,N
2669,-122.311052088196,47.681862304606,DISTRICT4,Peach Tree,0.0,12,Prunus,N,N
2670,-122.360940346661,47.6326524108258,DISTRICT7,Pacific Dogwood,0.0,5,Cornus,N,N
2671,-122.32159758713,47.5751534642616,DISTRICT2,Japanese Hornbeam,0.0,7,Carpinus,N,N
2672,-122.390747198176,47.6383285580856,DISTRICT7,Viburnum species,0.0,4,Viburnum,N,N
2673,-122.272555729607,47.5234045882027,DISTRICT2,Village Green Zelkova,0.0,5,Zelkova,N,N
2674,-122.37089217182,47.537324525926,DISTRICT1,(Smooth) Japanese Maple,0.0,5,Acer,N,N
2675,-122.373850567553,47.5306965708794,DISTRICT1,(Smooth) Japanese Maple,0.0,3,Acer,N,N
2676,-122.286808589921,47.670474366103,DISTRICT4,Ash,0.0,14,Fraxinus,N,N
2677,-122.321896877793,47.5475004520117,DISTRICT2,Pin Oak,0.0,20,Quercus,N,N
2678,-122.328294460227,47.6664055687756,DISTRICT6,Unknown,0.0,10,,N,N
2679,-122.304562859049,47.6693666153673,DISTRICT4,Apple/Crabapple,0.0,4,Malus,N,N
2680,-122.409807697512,47.5696332404422,DISTRICT1,Unknown,0.0,12,,N,N
2681,-122.345881854858,47.6558962056762,DISTRICT4,Japanese (Fruiting) Plum,0.0,12,Prunus,N,N
2682,-122.361294054655,47.6346485839551,DISTRICT7,(European) White Birch,0.0,10,Betula,N,N
2683,-122.32622684304,47.7141491503205,DISTRICT5,Fir,0.0,11,Abies,N,N
2684,-122.311233691366,47.5255641999731,DISTRICT1,Western Hemlock,0.0,1,Tsuga,N,N
2685,-122.310258189893,47.6108305045855,DISTRICT3,White Ash,0.0,26,Fraxinus,N,N
2686,-122.384157212051,47.6745161311858,DISTRICT6,Purpleleaf Plum variety,0.0,9,Prunus,N,N
2687,-122.385325375168,47.5279791919672,DISTRICT1,Purpleleaf Plum variety,0.0,11,Prunus,N,N
2688,-122.353219093337,47.7029531245925,DISTRICT5,Common (Euro) Mountain Ash,0.0,14,Sorbus,N,N
2689,-122.320306964495,47.5271958978479,DISTRICT1,European Hornbeam,0.0,10,Carpinus,N,N
2690,-122.297325611302,47.6212469987111,DISTRICT3,Siberian Elm,0.0,11,Ulmus,N,N
2691,-122.31564799506,47.6264773809258,DISTRICT3,Norway Maple,0.0,19,Acer,N,N
2692,-122.326780709541,47.6542192947988,DISTRICT4,Pacific Dogwood,0.0,4,Cornus,N,N
2693,-122.388847566161,47.6687673097524,DISTRICT6,Norway Maple,0.0,12,Acer,N,N
2694,-122.385331925443,47.6866376009857,DISTRICT6,Autumn Brilliance Serviceberry,0.0,2,Amelanchier,N,N
2695,-122.281991021074,47.6398802514768,DISTRICT3,Carriere (Lavallei) Hawthorn,0.0,6,Crataegus,N,N
2696,-122.362144283126,47.7009381831198,DISTRICT6,Norway Maple,0.0,13,Acer,N,N
2697,-122.280083233934,47.5261811221131,DISTRICT2,Eddie's White Wonder Dogwood,0.0,2,Cornus,N,N
2698,-122.38700102709,47.6428522566837,DISTRICT7,(American) Arborvitae,0.0,4,Thuja,N,N
2699,-122.353461304848,47.6757831989394,DISTRICT6,Purpleleaf Plum variety,0.0,3,Prunus,N,N
2700,-122.393649779402,47.6531094188355,DISTRICT7,Double Chinese Cherry,0.0,8,Prunus,N,N
2701,-122.340214244572,47.5859059071948,DISTRICT2,Sycamore Maple,0.0,8,Acer,N,N
2702,-122.339725445777,47.608663693442,DISTRICT7,Callery Pear,0.0,15,Pyrus,N,N
2703,-122.321142578442,47.6498278560354,DISTRICT3,Common Hawthorn,0.0,10,Crataegus,N,N
2704,-122.313296059546,47.6017556944649,DISTRICT3,"Persian Ironwood, Parrotia",0.0,2,Parrotia,N,N
2705,-122.295939874253,47.6235468324521,DISTRICT3,European (Green) Beech,0.0,19,Fagus,N,N
2706,-122.38008802954,47.685160579715,DISTRICT6,European Hazel,0.0,9,Corylus,N,N
2707,-122.334167562781,47.6190105776902,DISTRICT7,Summit Green Ash,0.0,13,Fraxinus,N,N
2708,-122.368180732825,47.5449349126904,DISTRICT1,Red Maple,0.0,10,Acer,N,N
2709,-122.348096011265,47.5264210830953,DISTRICT1,Norwegian Sunset Maple,0.0,8,Acer,N,N
2710,-122.299676890783,47.6402049819585,DISTRICT3,Thundercloud Purpleleaf Plum,0.0,9,Prunus,N,N
2711,-122.306630548027,47.5781193837214,DISTRICT2,Chinese Tree Lilac,0.0,2,Syringa,N,N
2712,-122.351808919369,47.676030100572,DISTRICT6,Purpleleaf Plum variety,0.0,5,Prunus,N,N
2713,-122.367443039463,47.6907156415156,DISTRICT6,(Smooth) Japanese Maple,0.0,10,Acer,N,N
2714,-122.294509057667,47.5915765382741,DISTRICT3,English (Cherry) Laurel,0.0,3,Prunus,N,N
2715,-122.289221488972,47.6728041623639,DISTRICT4,(Smooth) Japanese Maple,0.0,1,Acer,N,N
2716,-122.320070798074,47.7058432930889,DISTRICT5,Black Poplar,0.0,20,Populus,N,N
2717,-122.390592341697,47.6752868396117,DISTRICT6,"Persian Ironwood, Parrotia",0.0,4,Parrotia,N,N
2718,-122.323950998925,47.5922820828213,DISTRICT2,Sweetgum,0.0,11,Liquidambar,N,N
2719,-122.288984429042,47.6654998279651,DISTRICT4,Pacific Dogwood,0.0,18,Cornus,N,N
2720,-122.393867456079,47.6737641396329,DISTRICT6,"Ginkgo, Maidenhair Tree",0.0,5,Ginkgo,N,N
2721,-122.320642962381,47.6875450647586,DISTRICT4,Purpleleaf Plum variety,0.0,16,Prunus,N,N
2722,-122.357513717715,47.7243054494148,DISTRICT5,Black Locust,0.0,17,Robinia,N,N
2723,-122.37214090376,47.5534859776563,DISTRICT1,Red Alder,0.0,8,Alnus,N,N
2724,-122.372388163565,47.5795205134715,DISTRICT1,Pacific Sunset Maple,0.0,8,Acer,N,N
2725,-122.364883743672,47.5717442991332,DISTRICT1,Frans Fontaine Hornbeam,0.0,7,Carpinus,N,N
2726,-122.384270363474,47.6879926261615,DISTRICT6,Silk Tree/Mimosa,0.0,5,Albizia,N,N
2727,-122.379229530586,47.5339561844544,DISTRICT1,Apple/Crabapple,0.0,3,Malus,N,N
2728,-122.370674541729,47.6705177384533,DISTRICT6,Narrowleaf Ash,0.0,2,Fraxinus,N,N
2729,-122.300509366511,47.6251325264201,DISTRICT3,Bigleaf Maple,0.0,2,Acer,N,N
2730,-122.288522699893,47.6856893994816,DISTRICT4,(Sweet) Mazzard Cherry,0.0,12,Prunus,N,N
2731,-122.291227091171,47.7227140202498,DISTRICT5,Red Oak,0.0,9,Quercus,N,N
2732,-122.284094156445,47.6757129949748,DISTRICT4,Norway Maple,0.0,9,Acer,N,N
2733,-122.272800862763,47.5388476448289,DISTRICT2,Japanese Snowbell Tree,0.0,3,Styrax,N,N
2734,-122.356148718713,47.6335759890396,DISTRICT7,Callery Pear,0.0,5,Pyrus,N,N
2735,-122.267182979795,47.5517322725927,DISTRICT2,Red Maple,0.0,3,Acer,N,N
2736,-122.370850628136,47.551658093241,DISTRICT1,Red Alder,0.0,11,Alnus,N,N
2737,-122.256969310283,47.5123773554564,DISTRICT2,Galaxy Magnolia,0.0,2,Magnolia,N,N
2738,-122.368208525003,47.6450928822525,DISTRICT7,Shirotae Flowering Cherry,0.0,10,Prunus,N,N
2739,-122.397101688966,47.6346722975659,DISTRICT7,Cherry/Plum/Laurel,0.0,5,Prunus,N,N
2740,-122.315072403721,47.6733930637927,DISTRICT4,(Smooth) Japanese Maple,0.0,9,Acer,N,N
2741,-122.395283507337,47.6809972976218,DISTRICT6,(Smooth) Japanese Maple,0.0,6,Acer,N,N
2742,-122.344164901559,47.6592479151011,DISTRICT4,White Ash,0.0,7,Fraxinus,N,N
2743,-122.287007767739,47.6752282305311,DISTRICT4,English Midland Hawthorn,0.0,13,Crataegus,N,N
2744,-122.363647360212,47.6891555152501,DISTRICT6,Glory Bower,0.0,5,Clerodendrum,N,N
2745,-122.274865258965,47.5261803143536,DISTRICT2,Apple Serviceberry,0.0,4,Amelanchier,N,N
2746,-122.397743313956,47.5497280145694,DISTRICT1,Fraser's Photinia,0.0,1,Photinia,N,N
2747,-122.339538540603,47.5641487030418,DISTRICT2,Red Maple,0.0,9,Acer,N,N
2748,-122.396273896508,47.5576174741692,DISTRICT1,Dogwood,0.0,1,Cornus,N,N
2749,-122.311230008629,47.6246510840966,DISTRICT3,Callery Pear,0.0,1,Pyrus,N,N
2750,-122.335199027972,47.6846642491201,DISTRICT6,Birchbark (Tibetan) Cherry,0.0,3,Prunus,N,N
2751,-122.287879440896,47.5460313109996,DISTRICT2,(Common) Goldenchain,0.0,4,Laburnum,N,N
2752,-122.313629868785,47.6742883694802,DISTRICT4,Common (Fruiting) Pear Tree,0.0,5,Pyrus,N,N
2753,-122.333365338848,47.5518435410221,DISTRICT2,Washington Hawthorn,0.0,7,Crataegus,N,N
2754,-122.357563482405,47.6997225238602,DISTRICT6,Callery Pear,0.0,3,Pyrus,N,N
2755,-122.380047367264,47.6789462819283,DISTRICT6,Cherry/Plum/Laurel,0.0,2,Prunus,N,N
2756,-122.322562668456,47.5907013784888,DISTRICT2,Tulip Tree,0.0,12,Liriodendron,N,N
2757,-122.311982391005,47.6547188326431,DISTRICT4,Tulip Tree,0.0,3,Liriodendron,N,N
2758,-122.351789633583,47.6332055649545,DISTRICT7,Red Maple,0.0,13,Acer,N,N
2759,-122.279980555727,47.6986232748615,DISTRICT5,Leyland Cypress,0.0,8,x,N,N
2760,-122.294109987422,47.5942550988895,DISTRICT3,Snowdrift Crabapple,0.0,11,Malus,N,N
2761,-122.310249500408,47.6120988862722,DISTRICT3,Evergreen (Southern) Magnolia,0.0,10,Magnolia,N,N
2762,-122.393166939208,47.6979177364607,DISTRICT6,Western Red Cedar,0.0,12,Thuja,N,N
2763,-122.391942299385,47.6912449886386,DISTRICT6,(American) Arborvitae,0.0,6,Thuja,N,N
2764,-122.283409036766,47.5595749838299,DISTRICT2,Maple,0.0,3,Acer,N,N
2765,-122.385367937272,47.5597169627238,DISTRICT1,Littleleaf Linden,0.0,4,Tilia,N,N
2766,-122.354180512117,47.6309074305825,DISTRICT7,Common Hawthorn,0.0,9,Crataegus,N,N
2767,-122.315093857308,47.5586313681122,DISTRICT2,June Snow Dogwood,0.0,1,Cornus,N,N
2768,-122.261362965212,47.528112486888,DISTRICT2,False Cypress,0.0,10,Chamaecyparis,N,N
2769,-122.342416423948,47.6307043715615,DISTRICT7,Cimmaron Green Ash,0.0,2,Fraxinus,N,N
2770,-122.291384019325,47.5509094485849,DISTRICT2,Cherry/Plum/Laurel,0.0,2,Prunus,N,N
2771,-122.296454980417,47.6866188114351,DISTRICT4,Honey Locust,0.0,18,Gleditsia,N,N
2772,-122.326368149547,47.665761785496,DISTRICT6,Akebono Cherry,0.0,1,Prunus,N,N
2773,-122.309922197025,47.6248106369225,DISTRICT3,Silver (Silverleaf) Maple,0.0,7,Acer,N,N
2774,-122.367835430143,47.6350060232486,DISTRICT7,Western Red Cedar,0.0,32,Thuja,N,N
2775,-122.365619169011,47.5556083888117,DISTRICT1,Japanese Tree Lilac,0.0,3,Syringa,N,N
2776,-122.364973212132,47.6726853310102,DISTRICT6,Orchard (Common) Apple,0.0,1,Malus,N,N
2777,-122.363847450141,47.6678665477918,DISTRICT6,Purpleleaf Plum variety,0.0,16,Prunus,N,N
2778,-122.38559759198,47.5608445412737,DISTRICT1,Sterling Linden,0.0,3,Tilia,N,N
2779,-122.301743280166,47.631055759224,DISTRICT3,Honey Locust,0.0,9,Gleditsia,N,N
2780,-122.32719745298,47.6457165874528,DISTRICT4,(European) White Birch,0.0,16,Betula,N,N
2781,-122.321955452879,47.6495129496216,DISTRICT3,Cherry/Plum/Laurel,0.0,5,Prunus,N,N
2782,-122.311624376013,47.6067775429626,DISTRICT3,Callery Pear,0.0,6,Pyrus,N,N
2783,-122.284703759803,47.5574026585111,DISTRICT2,Sugar Maple,0.0,15,Acer,N,N
2784,-122.28439996511,47.5260610870749,DISTRICT2,"Ginkgo, Maidenhair Tree",0.0,1,Ginkgo,N,N
2785,-122.409529447757,47.6456302315062,DISTRICT7,English Midland Hawthorn,0.0,11,Crataegus,N,N
2786,-122.362200773136,47.6351171451822,DISTRICT7,(Smooth) Japanese Maple,0.0,3,Acer,N,N
2787,-122.377972085637,47.6730405080852,DISTRICT6,Norwegian Sunset Maple,0.0,2,Acer,N,N
2788,-122.281909206387,47.5577996983061,DISTRICT2,Espresso Kentucky Coffee Tree,0.0,2,Gymnocladus,N,N
2789,-122.282038135102,47.567878112557,DISTRICT2,Double Chinese Cherry,0.0,3,Prunus,N,N
2790,-122.385570920342,47.5839416037753,DISTRICT1,Sweetgum,0.0,8,Liquidambar,N,N
2791,-122.317209626629,47.5593542699204,DISTRICT2,Venus Dogwood,0.0,2,Cornus,N,N
2792,-122.397288867186,47.6866895363354,DISTRICT6,Golden Rain Tree,0.0,2,Koelreuteria,N,N
2793,-122.300810522385,47.6027094366703,DISTRICT3,Sawara Cypress,0.0,14,Chamaecyparis,N,N
2794,-122.391759749463,47.6994202428306,DISTRICT6,Red Maple,0.0,9,Acer,N,N
2795,-122.339209724611,47.5634432110166,DISTRICT2,Sycamore Maple,0.0,11,Acer,N,N
2796,-122.387122155342,47.5528592374619,DISTRICT1,Bigleaf Linden,0.0,10,Tilia,N,N
2797,-122.346907853868,47.704388911869,DISTRICT5,Thundercloud Purpleleaf Plum,0.0,4,Prunus,N,N
2798,-122.299472467275,47.6211535552045,DISTRICT3,Red Maple,0.0,18,Acer,N,N
2799,-122.353588093137,47.6862767423608,DISTRICT6,Japanese Tree Lilac,0.0,1,Syringa,N,N
2800,-122.374255996215,47.6702229416547,DISTRICT6,Freeman Maple,0.0,12,Acer,N,N
2801,-122.344696250162,47.6503018975077,DISTRICT4,Purpleleaf Plum variety,0.0,3,Prunus,N,N
2802,-122.375370216452,47.5288409513893,DISTRICT1,(Smooth) Japanese Maple,0.0,8,Acer,N,N
2803,-122.384961360357,47.5336949828479,DISTRICT1,Thundercloud Purpleleaf Plum,0.0,3,Prunus,N,N
2804,-122.323333070717,47.5611168314347,DISTRICT2,Norway Maple,0.0,19,Acer,N,N
2805,-122.358721945565,47.5229371477876,DISTRICT1,Aristocrat Pear,0.0,2,Pyrus,N,N
2806,-122.335221354256,47.6981990970355,DISTRICT5,Tulip Tree,0.0,18,Liriodendron,N,N
2807,-122.38367644877,47.5714814932982,DISTRICT1,(Smooth) Japanese Maple,0.0,1,Acer,N,N
2808,-122.309554472585,47.6705987091581,DISTRICT4,Cherry/Plum/Laurel,0.0,4,Prunus,N,N
2809,-122.29544148434,47.672392726245,DISTRICT4,Accolade Flowering Cherry,0.0,3,Prunus,N,N
2810,-122.271288752847,47.5226635688454,DISTRICT2,Pacific Sunset Maple,0.0,3,Acer,N,N
2811,-122.37367895013,47.6850218719645,DISTRICT6,Cherry/Plum/Laurel,0.0,5,Prunus,N,N
2812,-122.311442025546,47.6098854668479,DISTRICT3,Apple/Crabapple,0.0,8,Malus,N,N
2813,-122.36178188678,47.6220585445165,DISTRICT7,Sweetgum,0.0,6,Liquidambar,N,N
2814,-122.340301460151,47.6502940978963,DISTRICT4,Washington Hawthorn,0.0,7,Crataegus,N,N
2815,-122.321070476315,47.6395079119782,DISTRICT3,Littleleaf Linden,0.0,5,Tilia,N,N
2816,-122.316098543642,47.5814187290211,DISTRICT2,Sargent Cherry,0.0,11,Prunus,N,N
2817,-122.397880468423,47.6583284176722,DISTRICT7,Magnolia,0.0,16,Magnolia,N,N
2818,-122.379396488519,47.5258060030783,DISTRICT1,Fir,0.0,2,Abies,N,N
2819,-122.314009126824,47.6006279658815,DISTRICT3,Greencolumn Black Sugar Maple,0.0,2,Acer,N,N
2820,-122.375444975624,47.6630161676264,DISTRICT6,Columnare Maple,0.0,8,Acer,N,N
2821,-122.355051299218,47.6348082102419,DISTRICT7,Callery Pear,0.0,7,Pyrus,N,N
2822,-122.375345236726,47.5278833191621,DISTRICT1,Pear,0.0,5,Pyrus,N,N
2823,-122.31998822474,47.5281131882403,DISTRICT1,Zumi Crabapple,0.0,13,Malus,N,N
2824,-122.359158783832,47.530891387402,DISTRICT1,Princess Diana Serviceberry,0.0,3,Amelanchier,N,N
2825,-122.323847233833,47.682175498365,DISTRICT6,Columnar Sargent Cherry,0.0,25,Prunus,N,N
2826,-122.343230485758,47.684089227427,DISTRICT6,Accolade Flowering Cherry,0.0,4,Prunus,N,N
2827,-122.255564399362,47.6730017207656,DISTRICT4,Eastern Dogwood,0.0,2,Cornus,N,N
2828,-122.347427381432,47.7269487511806,DISTRICT5,Sycamore Maple,0.0,3,Acer,N,N
2829,-122.392206035998,47.6554173183263,DISTRICT7,Cherry/Plum/Laurel,0.0,8,Prunus,N,N
2830,-122.288454137625,47.5315769244768,DISTRICT2,Norway Maple,0.0,12,Acer,N,N
2831,-122.313452548692,47.5852416371859,DISTRICT2,Sycamore Maple,0.0,22,Acer,N,N
2832,-122.312680134031,47.7164647833432,DISTRICT5,Littleleaf Linden,0.0,13,Tilia,N,N
2833,-122.283778139883,47.6955195254655,DISTRICT5,European Hazel,0.0,11,Corylus,N,N
2834,-122.379667628554,47.5091161545386,DISTRICT1,Bowhall Maple,0.0,2,Acer,N,N
2835,-122.280625097616,47.5564648947828,DISTRICT2,Orchard (Common) Apple,0.0,11,Malus,N,N
2836,-122.315188601052,47.6636017534515,DISTRICT4,Sweetgum,0.0,16,Liquidambar,N,N
2837,-122.393002476815,47.6332763797755,DISTRICT7,Sweetgum,0.0,8,Liquidambar,N,N
2838,-122.345690248276,47.6862886054642,DISTRICT6,Kousa Dogwood,0.0,2,Cornus,N,N
2839,-122.354141786399,47.6291667627265,DISTRICT7,English Midland Hawthorn,0.0,9,Crataegus,N,N
2840,-122.376958632668,47.6914347570462,DISTRICT6,Norway Maple,0.0,12,Acer,N,N
2841,-122.344055425301,47.5178059179972,DISTRICT1,Black Cottonwood,0.0,18,Populus,N,N
2842,-122.334498178833,47.5925200452708,DISTRICT2,Village Green Zelkova,0.0,23,Zelkova,N,N
2843,-122.28886147736,47.6763294579968,DISTRICT4,Blireiana Purpleleaf Plum,0.0,10,Prunus,N,N
2844,-122.369071228052,47.546041902278,DISTRICT1,(California) Incense Cedar,0.0,16,Calocedrus,N,N
2845,-122.377589331135,47.5599627430129,DISTRICT1,English Holly,0.0,14,Ilex,N,N
2846,-122.333229322634,47.6691656377078,DISTRICT6,Unknown,0.0,8,,N,N
2847,-122.283695004326,47.5723812529499,DISTRICT2,(European) White Birch,0.0,12,Betula,N,N
2848,-122.303031368759,47.5824128274692,DISTRICT2,American Beech,0.0,2,Fagus,N,N
2849,-122.357213571926,47.6313926728676,DISTRICT7,Eddie's White Wonder Dogwood,0.0,6,Cornus,N,N
2850,-122.310680902526,47.66909219041,DISTRICT4,Autumn Flowering Cherry,0.0,10,Prunus,N,N
2851,-122.380420382107,47.551215510966,DISTRICT1,Kwanzan Flowering Cherry,0.0,14,Prunus,N,N
2852,-122.319977532978,47.6221315543143,DISTRICT3,Double Chinese Cherry,0.0,12,Prunus,N,N
2853,-122.309044156305,47.5788115666576,DISTRICT2,Sweetgum,0.0,5,Liquidambar,N,N
2854,-122.311967631623,47.7021932372894,DISTRICT5,Eastern White Pine,0.0,25,Pinus,N,N
2855,-122.395821907391,47.6751211610746,DISTRICT6,Kwanzan Flowering Cherry,0.0,8,Prunus,N,N
2856,-122.271292718621,47.5222440250791,DISTRICT2,Pacific Sunset Maple,0.0,2,Acer,N,N
2857,-122.355390521988,47.6340651735047,DISTRICT7,Kousa Dogwood,0.0,2,Cornus,N,N
2858,-122.32368543152,47.6266698324493,DISTRICT3,Katsura Tree,0.0,4,Cercidiphyllum,N,N
2859,-122.368808579605,47.6431126516116,DISTRICT7,Double Chinese Cherry,0.0,8,Prunus,N,N
2860,-122.364123953609,47.6869980944005,DISTRICT6,Washington Hawthorn,0.0,7,Crataegus,N,N
2861,-122.378840285526,47.5673081324725,DISTRICT1,Purpleleaf Plum variety,0.0,6,Prunus,N,N
2862,-122.39375187427,47.6736473651329,DISTRICT6,(Smooth) Japanese Maple,0.0,7,Acer,N,N
2863,-122.367340076465,47.6816256636099,DISTRICT6,Apple/Crabapple,0.0,3,Malus,N,N
2864,-122.304841696409,47.6281640797053,DISTRICT3,Akebono Cherry,0.0,8,Prunus,N,N
2865,-122.346394208646,47.6507615077403,DISTRICT4,Pear,0.0,8,Pyrus,N,N
2866,-122.393745447373,47.6743954685456,DISTRICT6,Apple/Crabapple,0.0,10,Malus,N,N
2867,-122.296712834783,47.6823654338178,DISTRICT4,(Sweet) Mazzard Cherry,0.0,9,Prunus,N,N
2868,-122.276492958572,47.5570934973775,DISTRICT2,Rugged Ridge Maple,0.0,4,Acer,N,N
2869,-122.303896143679,47.6179910705082,DISTRICT3,"Tupelo, Sour Gum",0.0,5,Nyssa,N,N
2870,-122.332050674731,47.6164631467125,DISTRICT7,Karpick Maple,0.0,3,Acer,N,N
2871,-122.342199999304,47.6575229988413,DISTRICT4,Pacific Sunset Maple,0.0,4,Acer,N,N
2872,-122.366151124841,47.6980801313802,DISTRICT6,Autumn Glory Hawthorn,0.0,6,Crataegus,N,N
2873,-122.332045343293,47.6230517639216,DISTRICT7,Sweetgum,0.0,9,Liquidambar,N,N
2874,-122.332698894321,47.6554607420768,DISTRICT4,(Smooth) Japanese Maple,0.0,8,Acer,N,N
2875,-122.265743005697,47.5582073040815,DISTRICT2,Serviceberry,0.0,2,Amelanchier,N,N
2876,-122.349241893815,47.5309518944469,DISTRICT1,(Smooth) Japanese Maple,0.0,4,Acer,N,N
2877,-122.392052532397,47.5656909240367,DISTRICT1,Black Locust,0.0,33,Robinia,N,N
2878,-122.351577916521,47.6203858192637,DISTRICT7,Raywood Narrowleaf Ash,0.0,2,Fraxinus,N,N
2879,-122.385237283943,47.6990811560167,DISTRICT6,Scots Pine,0.0,11,Pinus,N,N
2880,-122.308957538398,47.6852563551198,DISTRICT4,Common (Fruiting) Pear Tree,0.0,2,Pyrus,N,N
2881,-122.383639651043,47.5726536970359,DISTRICT1,(Smooth) Japanese Maple,0.0,1,Acer,N,N
2882,-122.322090264229,47.6173476055955,DISTRICT3,Scarlet Oak,0.0,19,Quercus,N,N
2883,-122.372022991686,47.6791111646778,DISTRICT6,Purpleleaf Plum variety,0.0,14,Prunus,N,N
2884,-122.401065260757,47.6453088063862,DISTRICT7,Honey Locust,0.0,9,Gleditsia,N,N
2885,-122.324495450531,47.6456183593401,DISTRICT4,Norway Maple,0.0,6,Acer,N,N
2886,-122.350503186744,47.6405672841513,DISTRICT7,Horse Chestnut,0.0,22,Aesculus,N,N
2887,-122.321337199547,47.6550875323322,DISTRICT4,Turkestan Mountain Ash,0.0,7,Sorbus,N,N
2888,-122.313165797501,47.5855786870896,DISTRICT2,White Column (Amanogawa) Flowe,0.0,7,Prunus,N,N
2889,-122.290724477359,47.6997046968945,DISTRICT5,Flame Narrowleaf Ash,0.0,21,Fraxinus,N,N
2890,-122.384522639852,47.6990323458095,DISTRICT6,Photinia species,0.0,6,Photinia,N,N
2891,-122.30572994166,47.6943474984137,DISTRICT5,Paperbark Maple,0.0,3,Acer,N,N
2892,-122.380032436611,47.6647513076197,DISTRICT6,Okame Cherry,0.0,9,Prunus,N,N
2893,-122.298434976511,47.6079313472474,DISTRICT3,Red Sunset Red Maple,0.0,15,Acer,N,N
2894,-122.271619261202,47.5563413725969,DISTRICT2,Japanese Snowbell Tree,0.0,4,Styrax,N,N
2895,-122.308025439097,47.666351705136,DISTRICT4,Purpleleaf Plum variety,0.0,7,Prunus,N,N
2896,-122.356477627226,47.6744065702527,DISTRICT6,Katsura Tree,0.0,7,Cercidiphyllum,N,N
2897,-122.330731815419,47.5982184255094,DISTRICT2,London Plane (Tree),0.0,31,Platanus,N,N
2898,-122.368261223766,47.6871502358247,DISTRICT6,American Smoke Tree,0.0,16,Cotinus,N,N
2899,-122.285953555689,47.7028732019515,DISTRICT5,Purpleleaf Plum variety,0.0,4,Prunus,N,N
2900,-122.362562352892,47.6512928353004,DISTRICT7,Trifoliate maple,0.0,2,Acer,N,N
2901,-122.281648797123,47.5594008925194,DISTRICT2,(Smooth) Japanese Maple,0.0,5,Acer,N,N
2902,-122.35309975628,47.7308053444611,DISTRICT5,Blireiana Purpleleaf Plum,0.0,7,Prunus,N,N
2903,-122.298681670033,47.5963898891411,DISTRICT3,Red Oak,0.0,28,Quercus,N,N
2904,-122.377769694324,47.6802536193264,DISTRICT6,Blireiana Purpleleaf Plum,0.0,8,Prunus,N,N
2905,-122.333367176591,47.6686265428241,DISTRICT6,Mountain Ash/Whitebeam,0.0,2,Sorbus,N,N
2906,-122.380215320269,47.6731469387031,DISTRICT6,Autumn Brilliance Serviceberry,0.0,5,Amelanchier,N,N
2907,-122.322235171898,47.6178551384297,DISTRICT3,Common (Euro) Mountain Ash,0.0,4,Sorbus,N,N
2908,-122.307812316614,47.6702029860238,DISTRICT4,Horse Chestnut,0.0,14,Aesculus,N,N
2909,-122.304410605912,47.6202829701399,DISTRICT3,American Hornbeam Native Flame,0.0,3,Carpinus,N,N
2910,-122.29310367887,47.5600219263137,DISTRICT2,Pacific Sunset Maple,0.0,6,Acer,N,N
2911,-122.267624872582,47.5510743502623,DISTRICT2,Largeleaf Crabapple,0.0,8,Malus,N,N
2912,-122.352572257005,47.6768498753203,DISTRICT6,(Smooth) Japanese Maple,0.0,1,Acer,N,N
2913,-122.390371238032,47.5857473974756,DISTRICT1,Thundercloud Purpleleaf Plum,0.0,16,Prunus,N,N
2914,-122.348032197375,47.6503217653899,DISTRICT6,Greenspire Littleleaf Linden,0.0,12,Tilia,N,N
2915,-122.304825206167,47.629875294593,DISTRICT3,English Midland Hawthorn,0.0,11,Crataegus,N,N
2916,-122.309781640341,47.716211009026,DISTRICT5,Purple Pony Plum,0.0,4,Prunus,N,N
2917,-122.325492341634,47.6655732669854,DISTRICT6,Vanessa Parrotia,0.0,3,Parrotia,N,N
2918,-122.350865391119,47.5265553544773,DISTRICT1,Horse Chestnut,0.0,2,Aesculus,N,N
2919,-122.306438206607,47.6620431340189,DISTRICT4,Norwegian Sunset Maple,0.0,9,Acer,N,N
2920,-122.321162887895,47.5505616240375,DISTRICT2,(American) Arborvitae,0.0,7,Thuja,N,N
2921,-122.362168828347,47.641919876198,DISTRICT7,American Hornbeam,0.0,1,Carpinus,N,N
2922,-122.315433547987,47.6588110445581,DISTRICT4,Thundercloud Purpleleaf Plum,0.0,15,Prunus,N,N
2923,-122.293085403428,47.584743768167,DISTRICT3,White Column (Amanogawa) Flowe,0.0,2,Prunus,N,N
2924,-122.339856222111,47.6251320217968,DISTRICT7,Scarlet Oak,0.0,8,Quercus,N,N
2925,-122.364084530002,47.6648635227273,DISTRICT6,Cherry/Plum/Laurel,0.0,7,Prunus,N,N
2926,-122.318099621731,47.5635451785744,DISTRICT2,Vine Maple,0.0,2,Acer,N,N
2927,-122.347842358379,47.676118595336,DISTRICT6,Red Oak,0.0,9,Quercus,N,N
2928,-122.403312759142,47.6820024849262,DISTRICT6,Dogwood,0.0,2,Cornus,N,N
2929,-122.302096340771,47.5994580106678,DISTRICT3,Crimson King Norway Maple,0.0,7,Acer,N,N
2930,-122.306343152887,47.7114078272468,DISTRICT5,(Pacific) Madrona,0.0,17,Arbutus,N,N
2931,-122.391752316972,47.642420813621,DISTRICT7,Wild Weeping (Higan) Cherry,0.0,5,Prunus,N,N
2932,-122.304251974284,47.636427830378,DISTRICT3,Purpleleaf Plum variety,0.0,8,Prunus,N,N
2933,-122.353399999924,47.6400289991752,DISTRICT7,Western Red Cedar,,35,Thuja,N,N
2934,-122.357375317617,47.6752412103504,DISTRICT6,Japanese Snowbell Tree,0.0,4,Styrax,N,N
2935,-122.362513551063,47.6777805116741,DISTRICT6,Paperbark Maple,0.0,5,Acer,N,N
2936,-122.379047194966,47.5527121571742,DISTRICT1,Thundercloud Purpleleaf Plum,0.0,2,Prunus,N,N
2937,-122.339837199801,47.6240539263837,DISTRICT7,Scarlet Oak,0.0,11,Quercus,N,N
2938,-122.368717047449,47.5436856166836,DISTRICT1,White Ash,0.0,5,Fraxinus,N,N
2939,-122.320979377978,47.6195448163582,DISTRICT3,Flame Narrowleaf Ash,0.0,12,Fraxinus,N,N
2940,-122.336365513525,47.5213044653328,DISTRICT1,Green (Red) Ash,0.0,15,Fraxinus,N,N
2941,-122.343140151743,47.6628029275808,DISTRICT4,Purpleleaf Plum variety,0.0,10,Prunus,N,N
2942,-122.270623750912,47.5476920979842,DISTRICT2,Western Red Cedar,0.0,15,Thuja,N,N
2943,-122.309280380046,47.7103956948011,DISTRICT5,Dogwood,0.0,3,Cornus,N,N
2944,-122.278020800248,47.5408177728428,DISTRICT2,AVAILABLE PLANTING SPACE,0.0,2,Planting,N,N
2945,-122.401807671713,47.6377961962251,DISTRICT7,Laceleaf Maple,0.0,3,Acer,N,N
2946,-122.304122821799,47.6902318022277,DISTRICT5,(Pacific) Madrona,0.0,18,Arbutus,N,N
2947,-122.317430852506,47.6848450011265,DISTRICT4,Crimean Linden,0.0,16,Tilia,N,N
2948,-122.346305968351,47.6145575115748,DISTRICT7,(California) Incense Cedar,0.0,12,Calocedrus,N,N
2949,-122.382416797387,47.5868170548959,DISTRICT1,Thundercloud Purpleleaf Plum,0.0,12,Prunus,N,N
2950,-122.278824993513,47.6739812376624,DISTRICT4,English Midland Hawthorn,0.0,7,Crataegus,N,N
2951,-122.359805695346,47.6331751610603,DISTRICT7,English Oak,0.0,4,Quercus,N,N
2952,-122.29991547807,47.6009884601401,DISTRICT3,Emerald Queen Norway Maple,0.0,17,Acer,N,N
2953,-122.250434089088,47.5036754080926,DISTRICT2,American Hornbeam,0.0,2,Carpinus,N,N
2954,-122.308799053522,47.6218199786378,DISTRICT3,Western Red Cedar,0.0,19,Thuja,N,N
2955,-122.337368995326,47.55464327108,DISTRICT2,Pacific Sunset Maple,0.0,9,Acer,N,N
2956,-122.380246581407,47.5694475820752,DISTRICT1,Cherry/Plum/Laurel,0.0,1,Prunus,N,N
2957,-122.341213087155,47.6548696521209,DISTRICT4,Purpleleaf Plum variety,0.0,9,Prunus,N,N
2958,-122.29420752749,47.6703767497992,DISTRICT4,White-barked Himalayan (Jacque,0.0,2,Betula,N,N
2959,-122.290037284909,47.6959292803032,DISTRICT5,Washington Hawthorn,0.0,7,Crataegus,N,N
2960,-122.324363970239,47.6656564215215,DISTRICT6,English Midland Hawthorn,0.0,9,Crataegus,N,N
2961,-122.287517938236,47.5231223312089,DISTRICT2,Juniper,0.0,8,Juniperus,N,N
2962,-122.320526887043,47.6559670073107,DISTRICT4,Red Maple,0.0,22,Acer,N,N
2963,-122.264037337479,47.5153964671282,DISTRICT2,Japanese Snowbell Tree,0.0,2,Styrax,N,N
2964,-122.304797633372,47.5442708491983,DISTRICT2,Willow,0.0,18,Salix,N,N
2965,-122.349824463725,47.6860225267475,DISTRICT6,English Midland Hawthorn,0.0,11,Crataegus,N,N
2966,-122.314520216091,47.6552446241106,DISTRICT4,Sovereign Pin Oak,0.0,15,Quercus,N,N
2967,-122.334730767743,47.7023261820812,DISTRICT5,Tulip Tree,0.0,19,Liriodendron,N,N
2968,-122.368993956695,47.707927367933,DISTRICT5,"Persian Ironwood, Parrotia",0.0,2,Parrotia,N,N
2969,-122.390510246314,47.5329445238924,DISTRICT1,Blireiana Purpleleaf Plum,0.0,5,Prunus,N,N
2970,-122.32515360914,47.6009361216553,DISTRICT2,London Plane (Tree),0.0,21,Platanus,N,N
2971,-122.305085203197,47.5743310584303,DISTRICT2,Apple/Crabapple,0.0,5,Malus,N,N
2972,-122.375508756282,47.6838345252133,DISTRICT6,(Smooth) Japanese Maple,0.0,9,Acer,N,N
2973,-122.370233640924,47.67522207832,DISTRICT6,Kousa Dogwood,0.0,4,Cornus,N,N
2974,-122.36028464288,47.6817442310021,DISTRICT6,Higan (Spring) Cherry,0.0,2,Prunus,N,N
2975,-122.406481859229,47.6763378064381,DISTRICT6,Scots Pine,0.0,22,Pinus,N,N
2976,-122.289244807119,47.6117564686195,DISTRICT3,Sugar Maple,0.0,15,Acer,N,N
2977,-122.310910674104,47.7030982170055,DISTRICT5,Bitter Cherry,0.0,6,Prunus,N,N
2978,-122.368875445757,47.6397548295665,DISTRICT7,Holm (Holly) Oak,0.0,11,Quercus,N,N
2979,-122.334222981492,47.5315580091937,DISTRICT1,Pyramidal (Pyramidal European),0.0,3,Carpinus,N,N
2980,-122.405372764072,47.6717129122708,DISTRICT6,Quaking Aspen,0.0,6,Populus,N,N
2981,-122.289751181105,47.6960451826697,DISTRICT5,Japanese Snowbell Tree,0.0,7,Styrax,N,N
2982,-122.308803498816,47.6113948619183,DISTRICT3,Sargent Cherry,0.0,11,Prunus,N,N
2983,-122.280665010229,47.5555183335958,DISTRICT2,Apple/Crabapple,0.0,7,Malus,N,N
2984,-122.296263255662,47.5964484356865,DISTRICT3,Blireiana Purpleleaf Plum,0.0,4,Prunus,N,N
2985,-122.328467800184,47.6665047476441,DISTRICT6,Purpleleaf Plum variety,0.0,2,Prunus,N,N
2986,-122.300539977194,47.6596664825272,DISTRICT4,Honey Locust,0.0,12,Gleditsia,N,N
2987,-122.287810595058,47.5819173890684,DISTRICT3,Littleleaf Linden,0.0,18,Tilia,N,N
2988,-122.291989256784,47.5775946020755,DISTRICT2,Unknown,0.0,1,,N,N
2989,-122.341367716863,47.6393553862056,DISTRICT7,Red Maple,0.0,6,Acer,N,N
2990,-122.280683846152,47.6394142892113,DISTRICT3,English Midland Hawthorn,0.0,12,Crataegus,N,N
2991,-122.267927140102,47.5510736596485,DISTRICT2,Largeleaf Crabapple,0.0,6,Malus,N,N
2992,-122.344965690382,47.6532512652139,DISTRICT7,"Tupelo, Sour Gum",0.0,7,Nyssa,N,N
2993,-122.289467464982,47.5494877238704,DISTRICT2,Freeman Maple,0.0,6,Acer,N,N
2994,-122.364031432111,47.688435482679,DISTRICT6,Japanese Snowbell Tree,0.0,3,Styrax,N,N
2995,-122.312802264767,47.720646012424,DISTRICT5,Littleleaf Linden,0.0,20,Tilia,N,N
2996,-122.337392838772,47.6538398171818,DISTRICT4,Western Red Cedar,0.0,25,Thuja,N,N
2997,-122.30864707851,47.5736149970824,DISTRICT2,European (Green) Beech,0.0,22,Fagus,N,N
2998,-122.349954512607,47.6807396747113,DISTRICT6,Common Hawthorn,0.0,11,Crataegus,N,N
2999,-122.289371734626,47.6900492599375,DISTRICT4,Purpleleaf Plum variety,0.0,18,Prunus,N,N
3000,-122.296905412846,47.6825713513595,DISTRICT4,White Mulberry,0.0,7,Morus,N,N
3001,-122.303155976115,47.6464529818038,DISTRICT3,Sweetgum,0.0,10,Liquidambar,N,N
3002,-122.389701473394,47.6837219472594,DISTRICT6,Mountain Ash/Whitebeam,0.0,5,Sorbus,N,N
3003,-122.396414292494,47.6338040262078,DISTRICT7,Thundercloud Purpleleaf Plum,0.0,3,Prunus,N,N
3004,-122.270245146292,47.6745092946395,DISTRICT4,Sweetgum,0.0,3,Liquidambar,N,N
3005,-122.306640846457,47.5884576622093,DISTRICT3,Littleleaf Linden,,7,Tilia,N,N
3006,-122.379470459601,47.6668631192464,DISTRICT6,Red Maple,0.0,10,Acer,N,N
3007,-122.392445032138,47.6695201885719,DISTRICT6,Red Oak,0.0,12,Quercus,N,N
3008,-122.365131472891,47.6744217584037,DISTRICT6,Japanese Snowbell Tree,0.0,7,Styrax,N,N
3009,-122.319714838029,47.6581435751653,DISTRICT4,European Hornbeam,0.0,4,Carpinus,N,N
3010,-122.332242064176,47.6567521609977,DISTRICT4,Japanese Tree Lilac,0.0,3,Syringa,N,N
3011,-122.317346677481,47.6804753089662,DISTRICT4,Crimean Linden,0.0,9,Tilia,N,N
3012,-122.370621901575,47.5501572501566,DISTRICT1,Callery Pear,0.0,6,Pyrus,N,N
3013,-122.358185145227,47.6378569908674,DISTRICT7,Thundercloud Purpleleaf Plum,0.0,18,Prunus,N,N
3014,-122.305368975552,47.5621811360174,DISTRICT2,Sargent Cherry,0.0,10,Prunus,N,N
3015,-122.318337780642,47.5990977765246,DISTRICT2,Ruby (Red) Horse Chestnut,0.0,2,Aesculus,N,N
3016,-122.378964242275,47.6766937991025,DISTRICT6,Apple/Crabapple,0.0,11,Malus,N,N
3017,-122.36234037348,47.5695613225799,DISTRICT1,Norwegian Sunset Maple,0.0,2,Acer,N,N
3018,-122.349645582752,47.5247219105618,DISTRICT1,Akebono Cherry,0.0,11,Prunus,N,N
3019,-122.35631397342,47.6220331318746,DISTRICT7,American Sycamore,0.0,12,Platanus,N,N
3020,-122.345838431155,47.6832618339213,DISTRICT6,Dogwood,0.0,2,Cornus,N,N
3021,-122.347586247785,47.698676517867,DISTRICT5,Snowdrift Crabapple,0.0,2,Malus,N,N
3022,-122.256849850238,47.5164875384775,DISTRICT2,Cherry/Plum/Laurel,0.0,11,Prunus,N,N
3023,-122.384544597029,47.5719248326229,DISTRICT1,English Midland Hawthorn,0.0,11,Crataegus,N,N
3024,-122.383867544712,47.679465766584,DISTRICT6,Kousa Dogwood,0.0,8,Cornus,N,N
3025,-122.307261258238,47.6197916356818,DISTRICT3,Pyramidal (Pyramidal European),0.0,14,Carpinus,N,N
3026,-122.299941672939,47.6192390872941,DISTRICT3,Bitter Cherry,0.0,18,Prunus,N,N
3027,-122.3034453587,47.5553882089932,DISTRICT2,Norway Maple,0.0,14,Acer,N,N
3028,-122.302338845995,47.6028737362008,DISTRICT3,Red Maple,0.0,17,Acer,N,N
3029,-122.382899237105,47.667476689132,DISTRICT6,Allee Lacebark Elm,0.0,7,Ulmus,N,N
3030,-122.315966600265,47.7097232121036,DISTRICT5,Western Red Cedar,0.0,17,Thuja,N,N
3031,-122.347868771463,47.7310104350816,DISTRICT5,City Sprite Zelkova,0.0,2,Zelkova,N,N
3032,-122.360570501916,47.5213901731784,DISTRICT1,Purpleleaf Plum variety,0.0,19,Prunus,N,N
3033,-122.347587742785,47.6541927763462,DISTRICT6,Cherry/Plum/Laurel,0.0,6,Prunus,N,N
3034,-122.360992241643,47.6425411305381,DISTRICT7,Norway Maple,0.0,12,Acer,N,N
3035,-122.325803714213,47.7003896573899,DISTRICT5,Red Maple,0.0,9,Acer,N,N
3036,-122.394866182066,47.5667831619989,DISTRICT1,Aristocrat Pear,0.0,2,Pyrus,N,N
3037,-122.327069447474,47.7085277770618,DISTRICT5,Sweetgum,0.0,11,Liquidambar,N,N
3038,-122.383261307405,47.6573776925396,DISTRICT7,London Plane (Tree),0.0,20,Platanus,N,N
3039,-122.31290568695,47.6102064105459,DISTRICT3,Double Chinese Cherry,0.0,13,Prunus,N,N
3040,-122.282432455232,47.6848962850339,DISTRICT4,Scarlet Oak,0.0,1,Quercus,N,N
3041,-122.341931977935,47.7123648881607,DISTRICT5,Pacific Sunset Maple,0.0,7,Acer,N,N
3042,-122.310068323227,47.618263421804,DISTRICT3,Red Maple,0.0,15,Acer,N,N
3043,-122.264792774231,47.5197966484607,DISTRICT2,English Oak,0.0,14,Quercus,N,N
3044,-122.330868604839,47.6243217154562,DISTRICT7,English (Hedge) Maple,0.0,7,Acer,N,N
3045,-122.351851246998,47.6542182548661,DISTRICT6,Bigleaf Maple,0.0,20,Acer,N,N
3046,-122.351187198104,47.6289731279991,DISTRICT7,Kwanzan Flowering Cherry,0.0,7,Prunus,N,N
3047,-122.37452822071,47.6327399430219,DISTRICT7,Shore Pine,0.0,1,Pinus,N,N
3048,-122.267417569978,47.5224983151891,DISTRICT2,Hawthorn,0.0,8,Crataegus,N,N
3049,-122.343513028018,47.6381317795336,DISTRICT7,Eddie's White Wonder Dogwood,0.0,2,Cornus,N,N
3050,-122.302478237973,47.6049471083019,DISTRICT3,Allee Lacebark Elm,0.0,4,Ulmus,N,N
3051,-122.312635135342,47.6092625868206,DISTRICT3,Bigleaf Maple,0.0,26,Acer,N,N
3052,-122.3821851129,47.5174038104633,DISTRICT1,Shore Pine,0.0,12,Pinus,N,N
3053,-122.391288385063,47.5478729714584,DISTRICT1,"Persian Ironwood, Parrotia",0.0,3,Parrotia,N,N
3054,-122.391546978785,47.6913744573918,DISTRICT6,Mountain Hemlock,0.0,14,Tsuga,N,N
3055,-122.314739004892,47.5730876807163,DISTRICT2,(Pacific) Madrona,0.0,6,Arbutus,N,N
3056,-122.386746556996,47.6981789533044,DISTRICT6,(Smooth) Japanese Maple,0.0,5,Acer,N,N
3057,-122.396350918841,47.6694190389725,DISTRICT6,Apple/Crabapple,0.0,9,Malus,N,N
3058,-122.356486964018,47.6272488922772,DISTRICT7,Southern (Common) Catalpa,0.0,12,Catalpa,N,N
3059,-122.303190958779,47.555248458773,DISTRICT2,Higan (Spring) Cherry,0.0,15,Prunus,N,N
3060,-122.369460305826,47.5497273244015,DISTRICT1,Callery Pear,0.0,6,Pyrus,N,N
3061,-122.384411499179,47.5344017127354,DISTRICT1,Yoshino Cherry,0.0,2,Prunus,N,N
3062,-122.323907691075,47.6644825765027,DISTRICT4,Purpleleaf Plum variety,0.0,11,Prunus,N,N
3063,-122.280977439261,47.6823169128767,DISTRICT4,Blireiana Purpleleaf Plum,0.0,2,Prunus,N,N
3064,-122.302933932581,47.5429403646236,DISTRICT2,Common (Euro) Mountain Ash,0.0,8,Sorbus,N,N
3065,-122.369944020291,47.5299261698839,DISTRICT1,Kousa Dogwood,0.0,2,Cornus,N,N
3066,-122.318174522264,47.6903208021317,DISTRICT5,(Smooth) Japanese Maple,0.0,4,Acer,N,N
3067,-122.380256433123,47.668768633809,DISTRICT6,Emerald Queen Norway Maple,0.0,16,Acer,N,N
3068,-122.315536859056,47.6095635275546,DISTRICT3,"Ginkgo, Maidenhair Tree",0.0,3,Ginkgo,N,N
3069,-122.313259215708,47.551197453432,DISTRICT2,Sterling Linden,0.0,2,Tilia,N,N
3070,-122.322787013551,47.5677933605385,DISTRICT2,European (Fruiting) Plum,0.0,5,Prunus,N,N
3071,-122.270095814558,47.5302384484711,DISTRICT2,Littleleaf Linden,0.0,16,Tilia,N,N
3072,-122.30699866092,47.624368438394,DISTRICT3,Magnolia,0.0,3,Magnolia,N,N
3073,-122.355821873122,47.569061103978,DISTRICT1,"Ginkgo, Maidenhair Tree",0.0,5,Ginkgo,N,N
3074,-122.286285398186,47.5478800895688,DISTRICT2,Afterburner Black Tupelo,0.0,1,Nyssa,N,N
3075,-122.355561879058,47.6272393314932,DISTRICT7,Double Chinese Cherry,0.0,2,Prunus,N,N
3076,-122.364914781312,47.6671336521791,DISTRICT6,Norway Maple,0.0,7,Acer,N,N
3077,-122.299507103072,47.674243638155,DISTRICT4,Oriental (Sand) Pear,0.0,4,Pyrus,N,N
3078,-122.290900000491,47.5394099991024,DISTRICT2,Red Oak,0.0,13,Quercus,N,N
3079,-122.352549804552,47.6792190862895,DISTRICT6,Apple/Crabapple,0.0,3,Malus,N,N
3080,-122.33800281796,47.6469604419357,DISTRICT4,Sugar Maple,0.0,9,Acer,N,N
3081,-122.377775811445,47.5420711148739,DISTRICT1,Western Red Cedar,0.0,2,Thuja,N,N
3082,-122.336661002087,47.6727374631534,DISTRICT6,Snow Gum,0.0,7,Eucalyptus,N,N
3083,-122.285665130611,47.6930109198856,DISTRICT5,Western Red Cedar,0.0,50,Thuja,N,N
3084,-122.295118018447,47.6263203960283,DISTRICT3,Spring Flurry Serviceberry,0.0,1,Amelanchier,N,N
3085,-122.351700728231,47.6165504007026,DISTRICT7,Armstrong Freeman (Red) Maple,0.0,9,Acer,N,N
3086,-122.320104073015,47.6874451583214,DISTRICT4,Eastern Dogwood,0.0,4,Cornus,N,N
3087,-122.362420823176,47.6803619236649,DISTRICT6,Apple/Crabapple,0.0,8,Malus,N,N
3088,-122.323554610124,47.6384170115098,DISTRICT4,Vine Maple,0.0,5,Acer,N,N
3089,-122.292801866514,47.6938059837355,DISTRICT5,Bigleaf (Fragrant) Snowbell,0.0,2,Styrax,N,N
3090,-122.321562514776,47.6250867828059,DISTRICT3,American (White) Elm,0.0,23,Ulmus,N,N
3091,-122.361461378695,47.6334854285653,DISTRICT7,Red Maple,0.0,10,Acer,N,N
3092,-122.296518527974,47.6099723733458,DISTRICT3,Silk Tree/Mimosa,0.0,2,Albizia,N,N
3093,-122.296436230354,47.6231286972644,DISTRICT3,European (Green) Beech,0.0,21,Fagus,N,N
3094,-122.37934946012,47.5484304553269,DISTRICT1,Shirotae Flowering Cherry,0.0,4,Prunus,N,N
3095,-122.32047358287,47.542534466891,DISTRICT2,(Smooth) Japanese Maple,0.0,2,Acer,N,N
3096,-122.299484971092,47.6675342961918,DISTRICT4,Purpleleaf Plum variety,0.0,23,Prunus,N,N
3097,-122.328528674467,47.6612831758191,DISTRICT4,Flame Narrowleaf Ash,0.0,11,Fraxinus,N,N
3098,-122.363788505882,47.6431449983022,DISTRICT7,Common Hawthorn,0.0,8,Crataegus,N,N
3099,-122.376405338559,47.645464873136,DISTRICT7,Red Sunset Red Maple,0.0,9,Acer,N,N
3100,-122.308736353536,47.6257582931354,DISTRICT3,European Chestnut,0.0,29,Castanea,N,N
3101,-122.393535896091,47.6380799923918,DISTRICT7,Cherry/Plum/Laurel,0.0,1,Prunus,N,N
3102,-122.374112741675,47.5336822889568,DISTRICT1,Rivers` Purple Beech,0.0,2,Fagus,N,N
3103,-122.317011697699,47.5846030770969,DISTRICT2,Snow Fountain Cherry,0.0,6,Prunus,N,N
3104,-122.295170322655,47.6939246280272,DISTRICT5,Crape myrtle,0.0,5,Lagerstroemia,N,N
3105,-122.326745980748,47.6116977165969,DISTRICT7,Redflower Horse Chestnut,0.0,3,Aesculus,N,N
3106,-122.376069919106,47.6754932523108,DISTRICT6,Kobus Magnolia,0.0,5,Magnolia,N,N
3107,-122.385301594844,47.6809336731666,DISTRICT6,Cornelian Cherry,0.0,11,Cornus,N,N
3108,-122.323280064071,47.6088267233182,DISTRICT3,Scarlet Oak,0.0,14,Quercus,N,N
3109,-122.384373604657,47.6822628459468,DISTRICT6,(Smooth) Japanese Maple,0.0,4,Acer,N,N
3110,-122.326789309148,47.5626153855495,DISTRICT2,Norway Maple,0.0,14,Acer,N,N
3111,-122.275389985739,47.5504328498222,DISTRICT2,Hawthorn,0.0,3,Crataegus,N,N
3112,-122.356691596901,47.7249820483775,DISTRICT5,Patriot Elm,0.0,3,Ulmus,N,N
3113,-122.373637001536,47.6422096553209,DISTRICT7,Common Hawthorn,0.0,8,Crataegus,N,N
3114,-122.372655331856,47.5304951473141,DISTRICT1,Norway Maple,0.0,2,Acer,N,N
3115,-122.381353939909,47.6886696485566,DISTRICT6,Norway Maple,0.0,15,Acer,N,N
3116,-122.3712957014,47.5180388353253,DISTRICT1,Fall Fiesta Sugar Maple,0.0,2,Acer,N,N
3117,-122.318829653388,47.6304452760844,DISTRICT3,London Plane (Tree),0.0,38,Platanus,N,N
3118,-122.354284820931,47.6376651248417,DISTRICT7,English Holly,0.0,15,Ilex,N,N
3119,-122.396874965101,47.6439541064744,DISTRICT7,Aristocrat Pear,0.0,7,Pyrus,N,N
3120,-122.265645166179,47.5370131184211,DISTRICT2,"Ginkgo, Maidenhair Tree",0.0,7,Ginkgo,N,N
3121,-122.300421415914,47.6176008218163,DISTRICT3,Paper (Canoe) Birch,0.0,5,Betula,N,N
3122,-122.342846967997,47.64963559051,DISTRICT4,Norway Maple,0.0,15,Acer,N,N
3123,-122.322789730091,47.5679016312527,DISTRICT2,European (Fruiting) Plum,0.0,5,Prunus,N,N
3124,-122.331362424522,47.6231816174946,DISTRICT7,Swamp White Oak,0.0,5,Quercus,N,N
3125,-122.287100000485,47.5386119994474,DISTRICT2,Callery Pear,0.0,6,Pyrus,N,N
3126,-122.354119466891,47.6577106035705,DISTRICT6,Paperbark Maple,0.0,4,Acer,N,N
3127,-122.331440828989,47.660085041116,DISTRICT4,Honey Locust,0.0,12,Gleditsia,N,N
3128,-122.269294399016,47.5562366379168,DISTRICT2,Pine,0.0,10,Pinus,N,N
3129,-122.357679357623,47.7178465618853,DISTRICT5,Bowhall Maple,0.0,2,Acer,N,N
3130,-122.334541427553,47.671179505691,DISTRICT6,Katsura Tree,0.0,11,Cercidiphyllum,N,N
3131,-122.363022643392,47.5594280454531,DISTRICT1,Japanese Snowbell Tree,0.0,4,Styrax,N,N
3132,-122.249468781568,47.5077211306685,DISTRICT2,"Persian Ironwood, Parrotia",0.0,2,Parrotia,N,N
3133,-122.323551731621,47.6857467016816,DISTRICT4,Sugar Maple,0.0,14,Acer,N,N
3134,-122.343875829538,47.6199064197613,DISTRICT7,Scarlet Oak,0.0,4,Quercus,N,N
3135,-122.326368998669,47.6779444823574,DISTRICT6,Red Maple,0.0,12,Acer,N,N
3136,-122.344587993501,47.5452058338789,DISTRICT1,European Hornbeam,0.0,6,Carpinus,N,N
3137,-122.364375352029,47.5447934900437,DISTRICT1,Red Alder,0.0,10,Alnus,N,N
3138,-122.33754988106,47.6093505327787,DISTRICT7,Cleveland Norway Maple,0.0,8,Acer,N,N
3139,-122.252324558295,47.5072726994737,DISTRICT2,American Hornbeam,0.0,2,Carpinus,N,N
3140,-122.356735840412,47.6918079394213,DISTRICT6,Serviceberry,0.0,6,Amelanchier,N,N
3141,-122.304185253341,47.699037865918,DISTRICT5,Bigleaf Maple,0.0,22,Acer,N,N
3142,-122.368674310587,47.6396321465631,DISTRICT7,Potomac Crape Myrtle,0.0,7,Lagerstroemia,N,N
3143,-122.300301100971,47.5750308580499,DISTRICT2,Redbud Crabapple,0.0,1,Malus,N,N
3144,-122.315191948167,47.6634344477678,DISTRICT4,(European) White Birch,0.0,18,Betula,N,N
3145,-122.285085259519,47.6286426089074,DISTRICT3,London Plane (Tree),0.0,37,Platanus,N,N
3146,-122.373877644601,47.5243595266259,DISTRICT1,Kousa Dogwood,0.0,2,Cornus,N,N
3147,-122.308007905184,47.6104135079161,DISTRICT3,Japanese Snowbell Tree,0.0,5,Styrax,N,N
3148,-122.360882020478,47.6579527520933,DISTRICT6,Chinese Fan (Windmill) Palm,0.0,11,Trachycarpus,N,N
3149,-122.359396061225,47.6775718163625,DISTRICT6,Katsura Tree,0.0,9,Cercidiphyllum,N,N
3150,-122.326583033722,47.5647270457322,DISTRICT2,Norway Maple,0.0,15,Acer,N,N
3151,-122.283545360421,47.5579877752729,DISTRICT2,Blireiana Purpleleaf Plum,0.0,7,Prunus,N,N
3152,-122.381841947665,47.667508932236,DISTRICT6,Callery Pear,0.0,11,Pyrus,N,N
3153,-122.392614040504,47.6433968738877,DISTRICT7,Cherry/Plum/Laurel,0.0,5,Prunus,N,N
3154,-122.278913897278,47.696625929401,DISTRICT5,Cherry/Plum/Laurel,0.0,14,Prunus,N,N
3155,-122.336501967993,47.6622627174289,DISTRICT4,Chanticleer Pear,0.0,6,Pyrus,N,N
3156,-122.406210345995,47.6745338809767,DISTRICT6,Spire Cherry,0.0,4,Prunus,N,N
3157,-122.405484342292,47.6485842642329,DISTRICT7,Blireiana Purpleleaf Plum,0.0,7,Prunus,N,N
3158,-122.343982695818,47.63942215874,DISTRICT7,Paperbark Maple,0.0,2,Acer,N,N
3159,-122.312741575304,47.5880284534634,DISTRICT2,Italian Cypress,0.0,6,Cupressus,N,N
3160,-122.373304942183,47.6722952874989,DISTRICT6,"Lawson Cypress, Port Orford Cedar",0.0,32,Chamaecyparis,N,N
3161,-122.306211479153,47.5963200657036,DISTRICT3,Marshall Green Ash,0.0,6,Fraxinus,N,N
3162,-122.337409535158,47.5374039625633,DISTRICT1,Greencolumn Black Sugar Maple,0.0,10,Acer,N,N
3163,-122.313120768682,47.5321110560053,DISTRICT2,Pacific Sunset Maple,0.0,2,Acer,N,N
3164,-122.353000000258,47.6222529997169,DISTRICT7,(Smooth) Japanese Maple,,13,Acer,N,N
3165,-122.308793689281,47.6121929095787,DISTRICT3,Red Maple,0.0,17,Acer,N,N
3166,-122.278211527906,47.6520614971509,DISTRICT4,Swedish Birch,0.0,12,Betula,N,N
3167,-122.368430647844,47.6908661575364,DISTRICT6,Double Chinese Cherry,0.0,11,Prunus,N,N
3168,-122.309113724099,47.6269077793009,DISTRICT3,Pissard Purpleleaf Plum,0.0,7,Prunus,N,N
3169,-122.362369411495,47.6724052554409,DISTRICT6,Douglas Fir,0.0,23,Pseudotsuga,N,N
3170,-122.373567997647,47.6450657257378,DISTRICT7,Yucca,0.0,8,Yucca,N,N
3171,-122.294207705564,47.5521672969128,DISTRICT2,Mountain Ash/Whitebeam,0.0,2,Sorbus,N,N
3172,-122.336362310944,47.6154910430834,DISTRICT7,Bowhall Maple,0.0,9,Acer,N,N
3173,-122.310519893139,47.5830199444507,DISTRICT2,Pin Oak,0.0,6,Quercus,N,N
3174,-122.387718554533,47.6418023344939,DISTRICT7,Thundercloud Purpleleaf Plum,0.0,7,Prunus,N,N
3175,-122.398080747538,47.5450509010402,DISTRICT1,Pacific Dogwood,0.0,2,Cornus,N,N
3176,-122.276822145477,47.6959987455586,DISTRICT5,Eastern White Pine,0.0,28,Pinus,N,N
3177,-122.333713641802,47.6588265755074,DISTRICT4,Double Chinese Cherry,0.0,5,Prunus,N,N
3178,-122.337251353115,47.5390830102559,DISTRICT1,Red Oak,0.0,6,Quercus,N,N
3179,-122.380159090718,47.5571473706129,DISTRICT1,Thundercloud Purpleleaf Plum,0.0,8,Prunus,N,N
3180,-122.375371779254,47.6862648269175,DISTRICT6,Cherry/Plum/Laurel,0.0,4,Prunus,N,N
3181,-122.337620931436,47.6616091594785,DISTRICT4,"Tupelo, Sour Gum",0.0,2,Nyssa,N,N
3182,-122.318841982384,47.6807985732345,DISTRICT4,White-barked Himalayan (Jacque,0.0,21,Betula,N,N
3183,-122.268971018,47.5510805004971,DISTRICT2,Red Maple,0.0,10,Acer,N,N
3184,-122.251879736039,47.5129909809713,DISTRICT2,Eddie's White Wonder Dogwood,0.0,2,Cornus,N,N
3185,-122.330362227767,47.6648213713342,DISTRICT4,Japanese Snowbell Tree,0.0,1,Styrax,N,N
3186,-122.396410839243,47.6808938795094,DISTRICT6,Tatarian dogwood,0.0,4,Cornus,N,N
3187,-122.369142643957,47.6362866736895,DISTRICT7,Sweetbay Magnolia,0.0,13,Magnolia,N,N
3188,-122.355446782938,47.6273258734478,DISTRICT7,Red Maple,0.0,2,Acer,N,N
3189,-122.359062152319,47.702146364527,DISTRICT6,Common Lilac,0.0,8,Syringa,N,N
3190,-122.277043799724,47.679279366598,DISTRICT4,Blireiana Purpleleaf Plum,0.0,3,Prunus,N,N
3191,-122.293092221219,47.5406866764098,DISTRICT2,Sweetgum,0.0,10,Liquidambar,N,N
3192,-122.324744226899,47.6375068473094,DISTRICT4,Freeman Maple,0.0,15,Acer,N,N
3193,-122.291915958272,47.6218456580859,DISTRICT3,Sugar Maple,0.0,2,Acer,N,N
3194,-122.322861559003,47.6490289829684,DISTRICT3,Golden Rain Tree,0.0,18,Koelreuteria,N,N
3195,-122.400754669578,47.6703716445346,DISTRICT6,Evergreen (Southern) Magnolia,0.0,9,Magnolia,N,N
3196,-122.372666278973,47.684325460837,DISTRICT6,Red Cascade Mountain Ash,0.0,2,Sorbus,N,N
3197,-122.359674152632,47.63676327698,DISTRICT7,Double Chinese Cherry,0.0,4,Prunus,N,N
3198,-122.389858324573,47.6881199375533,DISTRICT6,Golden Rain Tree,0.0,2,Koelreuteria,N,N
3199,-122.294034240006,47.6702775188277,DISTRICT4,Pin Oak,0.0,12,Quercus,N,N
3200,-122.311101214625,47.6850216511667,DISTRICT4,Autumn Brilliance Serviceberry,0.0,2,Amelanchier,N,N
3201,-122.390655270192,47.6310513606051,DISTRICT7,Sycamore Maple,0.0,9,Acer,N,N
3202,-122.354499269652,47.633623259008,DISTRICT7,Sargent Cherry,0.0,13,Prunus,N,N
3203,-122.326015354415,47.673548206221,DISTRICT6,Japanese Snowbell Tree,0.0,2,Styrax,N,N
3204,-122.409716421686,47.6443180490279,DISTRICT7,Paper (Canoe) Birch,0.0,14,Betula,N,N
3205,-122.326811124255,47.5640632251902,DISTRICT2,Norway Maple,0.0,8,Acer,N,N
3206,-122.319210435217,47.6273298341565,DISTRICT3,Hawthorn,0.0,4,Crataegus,N,N
3207,-122.309256583424,47.6867323444955,DISTRICT4,Sweetgum,0.0,13,Liquidambar,N,N
3208,-122.394922721168,47.6380716001383,DISTRICT7,Kousa Dogwood,0.0,4,Cornus,N,N
3209,-122.329411885025,47.5474695304986,DISTRICT2,Red Maple,0.0,19,Acer,N,N
3210,-122.372825601233,47.7043776533725,DISTRICT6,Cherry/Plum/Laurel,0.0,9,Prunus,N,N
3211,-122.386648455456,47.5616893633235,DISTRICT1,Redspire Pear,0.0,8,Pyrus,N,N
3212,-122.268828262296,47.6608392817544,DISTRICT4,Kwanzan Flowering Cherry,0.0,6,Prunus,N,N
3213,-122.312111934732,47.670876195671,DISTRICT4,English (Hedge) Maple,0.0,20,Acer,N,N
3214,-122.392744544455,47.6411983570165,DISTRICT7,American Hornbeam,0.0,2,Carpinus,N,N
3215,-122.298706128637,47.6926059366807,DISTRICT5,Red Maple,0.0,11,Acer,N,N
3216,-122.344867471676,47.7289158228434,DISTRICT5,Carriere (Lavallei) Hawthorn,0.0,3,Crataegus,N,N
3217,-122.38927036279,47.5776624435155,DISTRICT1,Vine Maple,0.0,1,Acer,N,N
3218,-122.391490093393,47.6475086478896,DISTRICT7,Double Chinese Cherry,0.0,12,Prunus,N,N
3219,-122.307405501053,47.71399715319,DISTRICT5,Dogwood,0.0,2,Cornus,N,N
3220,-122.305773955776,47.6042883705402,DISTRICT3,Japanese Snowbell Tree,0.0,4,Styrax,N,N
3221,-122.314565090916,47.6540755736807,DISTRICT4,Sovereign Pin Oak,0.0,25,Quercus,N,N
3222,-122.390919227314,47.5617990294951,DISTRICT1,English Midland Hawthorn,0.0,10,Crataegus,N,N
3223,-122.340731203155,47.6209598219239,DISTRICT7,Green Vase Zelkova,0.0,3,Zelkova,N,N
3224,-122.297767883333,47.6239218206301,DISTRICT3,Honey Locust,0.0,13,Gleditsia,N,N
3225,-122.291673745634,47.6039660340597,DISTRICT3,Chanticleer Pear,0.0,16,Pyrus,N,N
3226,-122.323757045264,47.6062436877982,DISTRICT3,Chinese Elm,0.0,3,Ulmus,N,N
3227,-122.259752834207,47.5481216226567,DISTRICT2,Katsura Tree,0.0,7,Cercidiphyllum,N,N
3228,-122.32814690139,47.6138895954334,DISTRICT7,Armstrong Freeman (Red) Maple,0.0,11,Acer,N,N
3229,-122.37665319469,47.68941490089,DISTRICT6,Pacific Sunset Maple,0.0,12,Acer,N,N
3230,-122.305096259109,47.6101304421778,DISTRICT3,Cherry/Plum/Laurel,0.0,7,Prunus,N,N
3231,-122.283900264058,47.6353124901322,DISTRICT3,Flame Narrowleaf Ash,0.0,3,Fraxinus,N,N
3232,-122.360562254579,47.6886869525182,DISTRICT6,Pacific Sunset Maple,0.0,7,Acer,N,N
3233,-122.381141373522,47.5802521898057,DISTRICT1,Flame Amur Maple,0.0,2,Acer,N,N
3234,-122.395804242763,47.6922623864163,DISTRICT6,Orchard (Common) Apple,0.0,6,Malus,N,N
3235,-122.386269205381,47.5307074742393,DISTRICT1,(European) White Birch,0.0,7,Betula,N,N
3236,-122.360727503161,47.6579302569299,DISTRICT6,Chinese Fan (Windmill) Palm,0.0,10,Trachycarpus,N,N
3237,-122.361215042109,47.5660085217917,DISTRICT1,Willow,0.0,10,Salix,N,N
3238,-122.389056286542,47.6503946091148,DISTRICT7,Honey Locust,0.0,14,Gleditsia,N,N
3239,-122.302208536506,47.6357522648733,DISTRICT3,Purpleleaf Plum variety,0.0,2,Prunus,N,N
3240,-122.305993333159,47.6153230909812,DISTRICT3,Hawthorn,0.0,7,Crataegus,N,N
3241,-122.341722844736,47.529419102616,DISTRICT1,Cherry/Plum/Laurel,0.0,4,Prunus,N,N
3242,-122.335643117108,47.6603487407564,DISTRICT4,Sugar Maple,0.0,14,Acer,N,N
3243,-122.316201294728,47.5558396266969,DISTRICT2,Double Chinese Cherry,0.0,3,Prunus,N,N
3244,-122.397522242591,47.6613956499606,DISTRICT7,Prairifire Crabapple,0.0,10,Malus,N,N
3245,-122.351326810885,47.6175055870086,DISTRICT7,Red Oak,0.0,2,Quercus,N,N
3246,-122.309025280657,47.6051958533223,DISTRICT3,Double Chinese Cherry,0.0,4,Prunus,N,N
3247,-122.298393781309,47.6218776207362,DISTRICT3,Red Maple,0.0,18,Acer,N,N
3248,-122.396135891842,47.6744916675132,DISTRICT6,Apple/Crabapple,0.0,4,Malus,N,N
3249,-122.313565326481,47.6743029180344,DISTRICT4,(Sweet) Mazzard Cherry,0.0,16,Prunus,N,N
3250,-122.34207508066,47.6602363881608,DISTRICT4,Norway Maple,0.0,12,Acer,N,N
3251,-122.353178334541,47.61604533811,DISTRICT7,Capital Pear,0.0,2,Pyrus,N,N
3252,-122.367508676375,47.5382762770518,DISTRICT1,Callery Pear,0.0,3,Pyrus,N,N
3253,-122.382035548394,47.704012808951,DISTRICT6,Kousa Dogwood,0.0,4,Cornus,N,N
3254,-122.283579270059,47.5180420916974,DISTRICT2,Armstrong Freeman (Red) Maple,0.0,10,Acer,N,N
3255,-122.388685117271,47.6998186115453,DISTRICT6,Eastern Dogwood,0.0,9,Cornus,N,N
3256,-122.287959742252,47.6737031963713,DISTRICT4,Accolade Flowering Cherry,0.0,10,Prunus,N,N
3257,-122.296085282156,47.5772783322997,DISTRICT2,Scarlet Oak,0.0,12,Quercus,N,N
3258,-122.308629437414,47.6866299271215,DISTRICT4,Purpleleaf Plum variety,0.0,7,Prunus,N,N
3259,-122.376075109013,47.6747349236217,DISTRICT6,De Groot Littleleaf Linden,0.0,12,Tilia,N,N
3260,-122.267131486079,47.5348775461485,DISTRICT2,Yellowwood,0.0,1,Cladrastis,N,N
3261,-122.332863480369,47.7105298135986,DISTRICT5,Cherry/Plum/Laurel,0.0,3,Prunus,N,N
3262,-122.28315127624,47.6822262090312,DISTRICT4,Thundercloud Purpleleaf Plum,0.0,2,Prunus,N,N
3263,-122.318921694032,47.7195202759367,DISTRICT5,London Plane (Tree),0.0,19,Platanus,N,N
3264,-122.27993639027,47.6974895320155,DISTRICT5,Bigleaf Maple,0.0,35,Acer,N,N
3265,-122.296199999669,47.563276998359,DISTRICT2,Unknown,,2,,N,N
3266,-122.306134661383,47.596183959951,DISTRICT3,Marshall Green Ash,0.0,9,Fraxinus,N,N
3267,-122.377809968689,47.5473216652634,DISTRICT1,Accolade Flowering Cherry,0.0,2,Prunus,N,N
3268,-122.351753563735,47.5226947248279,DISTRICT1,Musashino Zelkova,0.0,2,Zelkova,N,N
3269,-122.335225006033,47.6623341848817,DISTRICT4,Norway Maple,0.0,6,Acer,N,N
3270,-122.26967813521,47.5170010832842,DISTRICT2,Turkestan Mountain Ash,0.0,6,Sorbus,N,N
3271,-122.290347224664,47.6159375897355,DISTRICT3,Eastern Dogwood,0.0,1,Cornus,N,N
3272,-122.376739258493,47.6678434183423,DISTRICT6,London Plane (Tree),0.0,26,Platanus,N,N
3273,-122.343149400114,47.6243624154855,DISTRICT7,London Plane (Tree),0.0,5,Platanus,N,N
3274,-122.383491701949,47.5753475567186,DISTRICT1,Common (Euro) Mountain Ash,0.0,4,Sorbus,N,N
3275,-122.302813686189,47.5420000815047,DISTRICT2,Sweetgum,0.0,19,Liquidambar,N,N
3276,-122.317921359447,47.6164779074079,DISTRICT3,Callery Pear,0.0,2,Pyrus,N,N
3277,-122.307231654541,47.6660535902982,DISTRICT4,Chinese Fringe Tree,0.0,1,Chionanthus,N,N
3278,-122.318188244616,47.6772452441892,DISTRICT4,Norway Maple,0.0,16,Acer,N,N
3279,-122.319726320569,47.6650193449799,DISTRICT4,Scarlet Sentinel Freeman Maple,0.0,7,Acer,N,N
3280,-122.354899999141,47.6202489991471,DISTRICT7,Common (Eastern) Redbud,,4,Cercis,N,N
3281,-122.328880382139,47.6722383428745,DISTRICT6,English Midland Hawthorn,0.0,12,Crataegus,N,N
3282,-122.319063222194,47.6403951123528,DISTRICT3,Apple/Crabapple,0.0,3,Malus,N,N
3283,-122.371340621057,47.6505707392269,DISTRICT7,White Ash,0.0,30,Fraxinus,N,N
3284,-122.293527513082,47.6613268235114,DISTRICT4,Green (Red) Ash,0.0,15,Fraxinus,N,N
3285,-122.283511791951,47.5359379890639,DISTRICT2,Red Maple,0.0,6,Acer,N,N
3286,-122.338649142951,47.6488738890068,DISTRICT4,Thundercloud Purpleleaf Plum,0.0,7,Prunus,N,N
3287,-122.307758082566,47.6780686142584,DISTRICT4,Double Chinese Cherry,0.0,3,Prunus,N,N
3288,-122.302505992144,47.7014608247227,DISTRICT5,English (Hedge) Maple,0.0,5,Acer,N,N
3289,-122.39322495167,47.6849863478189,DISTRICT6,Akebono Cherry,0.0,6,Prunus,N,N
3290,-122.334488672694,47.6621922700492,DISTRICT4,Thundercloud Purpleleaf Plum,0.0,9,Prunus,N,N
3291,-122.296577127967,47.6164087949617,DISTRICT3,Autumn Flowering Cherry,0.0,8,Prunus,N,N
3292,-122.285972335199,47.6785626509969,DISTRICT4,Yoshino Cherry,0.0,5,Prunus,N,N
3293,-122.377916587355,47.5289932857542,DISTRICT1,Kousa Dogwood,0.0,4,Cornus,N,N
3294,-122.331296313834,47.6607038935361,DISTRICT4,Common (Fruiting) Pear Tree,0.0,10,Pyrus,N,N
3295,-122.287828865305,47.5720917866794,DISTRICT2,Sentinel Crabapple,0.0,2,Malus,N,N
3296,-122.355392440735,47.677465665288,DISTRICT6,Vesuvius Purpleleaf Plum,0.0,6,Prunus,N,N
3297,-122.372580016131,47.6398038613898,DISTRICT7,English Holly,0.0,8,Ilex,N,N
3298,-122.358234137369,47.6337911181144,DISTRICT7,Thundercloud Purpleleaf Plum,0.0,10,Prunus,N,N
3299,-122.394625968653,47.6396133509461,DISTRICT7,Kwanzan Flowering Cherry,0.0,10,Prunus,N,N
3300,-122.317315373106,47.6647349971508,DISTRICT4,Sycamore Maple,0.0,3,Acer,N,N
3301,-122.33308332746,47.6937378456279,DISTRICT5,False Cypress,0.0,3,Chamaecyparis,N,N
3302,-122.37885773914,47.6865051270342,DISTRICT6,Red Oak,0.0,3,Quercus,N,N
3303,-122.343496220533,47.612897524772,DISTRICT7,Callery Pear,0.0,9,Pyrus,N,N
3304,-122.32076778115,47.6436769650179,DISTRICT3,Black Locust,0.0,33,Robinia,N,N
3305,-122.390008656101,47.5482248913543,DISTRICT1,Autumn Blaze Freeman Maple,0.0,4,Acer,N,N
3306,-122.399665831595,47.6796290270773,DISTRICT6,"Persian Ironwood, Parrotia",0.0,9,Parrotia,N,N
3307,-122.316138246933,47.6391225688107,DISTRICT3,Double Chinese Cherry,0.0,2,Prunus,N,N
3308,-122.298458363236,47.6727687867026,DISTRICT4,Apple/Crabapple,0.0,4,Malus,N,N
3309,-122.350077937241,47.6884458373664,DISTRICT6,Thundercloud Purpleleaf Plum,0.0,2,Prunus,N,N
3310,-122.299749266498,47.5560659858307,DISTRICT2,Cherry/Plum/Laurel,0.0,11,Prunus,N,N
3311,-122.3835474364,47.701235518068,DISTRICT6,Western Hemlock,0.0,23,Tsuga,N,N
3312,-122.387773366607,47.5814066209315,DISTRICT1,Sweetgum,0.0,1,Liquidambar,N,N
3313,-122.322318477428,47.6882727507957,DISTRICT4,Red Maple,0.0,9,Acer,N,N
3314,-122.334459763043,47.6096005437597,DISTRICT7,Cleveland Norway Maple,0.0,12,Acer,N,N
3315,-122.330663208736,47.6960016254531,DISTRICT5,Red Oak,0.0,8,Quercus,N,N
3316,-122.315789886945,47.6176617508936,DISTRICT3,Elm,0.0,3,Ulmus,N,N
3317,-122.373571927956,47.6755894740355,DISTRICT6,Sunburst Honey Locust,0.0,7,Gleditsia,N,N
3318,-122.269469143965,47.6750756963224,DISTRICT4,Blireiana Purpleleaf Plum,0.0,4,Prunus,N,N
3319,-122.355658934529,47.6796188936658,DISTRICT6,English Elm,0.0,12,Ulmus,N,N
3320,-122.28591126283,47.6272830185279,DISTRICT3,European (Green) Beech,0.0,5,Fagus,N,N
3321,-122.306317353143,47.7064394632972,DISTRICT5,Cherry/Plum/Laurel,0.0,2,Prunus,N,N
3322,-122.362532817586,47.7277672332487,DISTRICT5,(European) White Birch,0.0,6,Betula,N,N
3323,-122.340323656896,47.6337837151427,DISTRICT7,Freeman Maple,0.0,8,Acer,N,N
3324,-122.35322926673,47.6375009906519,DISTRICT7,Kwanzan Flowering Cherry,0.0,2,Prunus,N,N
3325,-122.341733844691,47.5308440812471,DISTRICT1,Akebono Cherry,0.0,10,Prunus,N,N
3326,-122.316654689907,47.6100155064895,DISTRICT3,Norwegian Sunset Maple,0.0,12,Acer,N,N
3327,-122.307707227879,47.6836269747239,DISTRICT4,Crape myrtle,0.0,1,Lagerstroemia,N,N
3328,-122.300066402113,47.6164708147993,DISTRICT3,Red Maple,0.0,4,Acer,N,N
3329,-122.389229389419,47.5444378860229,DISTRICT1,Red Maple,0.0,5,Acer,N,N
3330,-122.373156640565,47.5301444113867,DISTRICT1,Kousa Dogwood,0.0,2,Cornus,N,N
3331,-122.287317262364,47.524771026923,DISTRICT2,Katsura Tree,0.0,9,Cercidiphyllum,N,N
3332,-122.393103398402,47.6860957546308,DISTRICT6,Kwanzan Flowering Cherry,0.0,10,Prunus,N,N
3333,-122.274394895283,47.5382602755872,DISTRICT2,Chinese Pistache,0.0,2,Pistacia,N,N
3334,-122.32564685905,47.6684387171824,DISTRICT6,Birch,0.0,13,Betula,N,N
3335,-122.379274419524,47.5419437980262,DISTRICT1,Wild Weeping (Higan) Cherry,0.0,1,Prunus,N,N
3336,-122.39185281396,47.5797302332767,DISTRICT1,Bowhall Maple,0.0,4,Acer,N,N
3337,-122.323775572929,47.6119422813607,DISTRICT3,European Hornbeam,0.0,18,Carpinus,N,N
3338,-122.362699284565,47.6482327203863,DISTRICT7,Caucasian Ash,0.0,16,Fraxinus,N,N
3339,-122.336328746726,47.6645830499012,DISTRICT4,Royal Raindrops Crabapple,0.0,2,Malus,N,N
3340,-122.387407707858,47.6370405467783,DISTRICT7,Purpleleaf Plum variety,0.0,6,Prunus,N,N
3341,-122.37936108645,47.675332016712,DISTRICT6,Autumn Flowering Cherry,0.0,20,Prunus,N,N
3342,-122.298105637615,47.7157595207605,DISTRICT5,Golden Rain Tree,0.0,1,Koelreuteria,N,N
3343,-122.269984854716,47.551734569388,DISTRICT2,Pacific Sunset Maple,0.0,5,Acer,N,N
3344,-122.33310521245,47.6900020231455,DISTRICT6,"Ginkgo, Maidenhair Tree",0.0,2,Ginkgo,N,N
3345,-122.32344113687,47.7100516429207,DISTRICT5,Norwegian Sunset Maple,0.0,6,Acer,N,N
3346,-122.409536140001,47.6451272962555,DISTRICT7,English Midland Hawthorn,0.0,7,Crataegus,N,N
3347,-122.282164823123,47.6765546540782,DISTRICT4,Eastern Dogwood,0.0,4,Cornus,N,N
3348,-122.402198245014,47.6565847595498,DISTRICT7,Cherry/Plum/Laurel,0.0,5,Prunus,N,N
3349,-122.379060851324,47.5797896613494,DISTRICT1,Flame Amur Maple,0.0,2,Acer,N,N
3350,-122.321088404772,47.6384328140531,DISTRICT3,Sweetgum,0.0,5,Liquidambar,N,N
3351,-122.356729905016,47.6909788708947,DISTRICT6,Dawn Redwood,0.0,6,Metasequoia,N,N
3352,-122.326464597423,47.6465873680142,DISTRICT4,Katsura Tree,0.0,6,Cercidiphyllum,N,N
3353,-122.286051012577,47.5670756070209,DISTRICT2,Golden Weeping Willow,0.0,22,Salix,N,N
3354,-122.315407036294,47.7168182074672,DISTRICT5,Horse Chestnut,0.0,24,Aesculus,N,N
3355,-122.275611508486,47.5599207107994,DISTRICT2,Common Hawthorn,0.0,6,Crataegus,N,N
3356,-122.399328806611,47.6938985095515,DISTRICT6,Bigleaf Maple,0.0,16,Acer,N,N
3357,-122.377779223183,47.6820769436254,DISTRICT6,Callery Pear,0.0,5,Pyrus,N,N
3358,-122.336737421944,47.540742204709,DISTRICT1,Greencolumn Black Sugar Maple,0.0,4,Acer,N,N
3359,-122.326565341202,47.5256831062028,DISTRICT1,City Sprite Zelkova,0.0,4,Zelkova,N,N
3360,-122.33853831941,47.6579944377648,DISTRICT4,Paperbark Maple,0.0,5,Acer,N,N
3361,-122.390325345808,47.5870587266235,DISTRICT1,Red Maple,0.0,6,Acer,N,N
3362,-122.385350417072,47.5695968040783,DISTRICT1,Callery Pear,0.0,2,Pyrus,N,N
3363,-122.384253845335,47.6840897038727,DISTRICT6,English (Hedge) Maple,0.0,7,Acer,N,N
3364,-122.328936554131,47.6583859528945,DISTRICT4,Thundercloud Purpleleaf Plum,0.0,8,Prunus,N,N
3365,-122.374438166786,47.5649311255132,DISTRICT1,Double Chinese Cherry,0.0,17,Prunus,N,N
3366,-122.360275080174,47.6313824734995,DISTRICT7,Double Chinese Cherry,0.0,9,Prunus,N,N
3367,-122.395211822134,47.6729181917937,DISTRICT6,Paperbark Maple,0.0,2,Acer,N,N
3368,-122.332913754886,47.6081539537415,DISTRICT7,Sweetgum,0.0,7,Liquidambar,N,N
3369,-122.322919083465,47.6777017283664,DISTRICT6,Sycamore Maple,0.0,19,Acer,N,N
3370,-122.399533132967,47.6770547421636,DISTRICT6,Apple/Crabapple,0.0,4,Malus,N,N
3371,-122.371601851227,47.6479300372495,DISTRICT7,Paperbark Maple,0.0,8,Acer,N,N
3372,-122.325985796599,47.6008007312133,DISTRICT2,Skyline Honey Locust,0.0,13,Gleditsia,N,N
3373,-122.275931295153,47.5518799981068,DISTRICT2,Autumn Brilliance Serviceberry,0.0,2,Amelanchier,N,N
3374,-122.363589837413,47.6671332919885,DISTRICT6,Red Maple,0.0,14,Acer,N,N
3375,-122.362290702061,47.5593113922793,DISTRICT1,Black Locust,0.0,20,Robinia,N,N
3376,-122.354834250002,47.6233365034564,DISTRICT7,Bloodgood London Plane,0.0,5,Platanus,N,N
3377,-122.346138664098,47.6624715199588,DISTRICT4,Unknown,0.0,3,,N,N
3378,-122.301273216427,47.6080757377231,DISTRICT3,Red Sunset Red Maple,0.0,14,Acer,N,N
3379,-122.335955467305,47.6201024351114,DISTRICT7,Sargent Cherry,0.0,4,Prunus,N,N
3380,-122.322436045133,47.6269810498213,DISTRICT3,Katsura Tree,0.0,18,Cercidiphyllum,N,N
3381,-122.369040428895,47.634634088649,DISTRICT7,Strawberry tree,0.0,8,Arbutus,N,N
3382,-122.351743977328,47.5241459444231,DISTRICT1,"Persian Ironwood, Parrotia",0.0,2,Parrotia,N,N
3383,-122.405450251693,47.5788328733832,DISTRICT1,Apple/Crabapple,0.0,11,Malus,N,N
3384,-122.351911692947,47.5255435465278,DISTRICT1,Aristocrat Pear,0.0,5,Pyrus,N,N
3385,-122.384253622695,47.6853419242471,DISTRICT6,Callery Pear,0.0,10,Pyrus,N,N
3386,-122.337356405589,47.6642463383447,DISTRICT4,Apple/Crabapple,0.0,8,Malus,N,N
3387,-122.324663296954,47.5465346722555,DISTRICT2,Austrian Black Pine,0.0,17,Pinus,N,N
3388,-122.387529679399,47.6471156009984,DISTRICT7,"Persian Ironwood, Parrotia",0.0,6,Parrotia,N,N
3389,-122.367193109743,47.5181508726055,DISTRICT1,Scarlet Sentinel Freeman Maple,0.0,6,Acer,N,N
3390,-122.36827888973,47.6420783064837,DISTRICT7,Purpleleaf Plum variety,0.0,8,Prunus,N,N
3391,-122.346631978083,47.5185495266191,DISTRICT1,Kwanzan Flowering Cherry,0.0,10,Prunus,N,N
3392,-122.368710007043,47.6406994690658,DISTRICT7,Higan (Spring) Cherry,0.0,16,Prunus,N,N
3393,-122.328128381996,47.7304992160419,DISTRICT5,Douglas Fir,0.0,13,Pseudotsuga,N,N
3394,-122.354537799413,47.7311974749081,DISTRICT5,Blireiana Purpleleaf Plum,0.0,7,Prunus,N,N
3395,-122.317776328494,47.5549478220588,DISTRICT2,English (Cherry) Laurel,0.0,8,Prunus,N,N
3396,-122.315753062826,47.5255430534187,DISTRICT1,Globe Norway Maple,0.0,9,Acer,N,N
3397,-122.302200086414,47.6358839889414,DISTRICT3,American Chestnut,0.0,17,Castanea,N,N
3398,-122.304164523894,47.669771523233,DISTRICT4,(Smooth) Japanese Maple,0.0,15,Acer,N,N
3399,-122.352334473742,47.6739422777802,DISTRICT6,Serviceberry,0.0,4,Amelanchier,N,N
3400,-122.28490943331,47.5717597788448,DISTRICT2,Littleleaf Linden,0.0,3,Tilia,N,N
3401,-122.328870592834,47.6716160372421,DISTRICT6,Black Locust,0.0,3,Robinia,N,N
3402,-122.365366978848,47.5655710326612,DISTRICT1,Pacific Sunset Maple,0.0,17,Acer,N,N
3403,-122.32534790706,47.6821827747028,DISTRICT6,Kousa Dogwood,0.0,2,Cornus,N,N
3404,-122.390742475698,47.6790350584517,DISTRICT6,Kwanzan Flowering Cherry,0.0,20,Prunus,N,N
3405,-122.334957416667,47.6504499454612,DISTRICT4,Apple/Crabapple,0.0,3,Malus,N,N
3406,-122.290801473873,47.5586239796633,DISTRICT2,Pacific Sunset Maple,0.0,11,Acer,N,N
3407,-122.350786578835,47.6514023381672,DISTRICT6,Red Sunset Red Maple,0.0,20,Acer,N,N
3408,-122.370460470682,47.6848987450526,DISTRICT6,Yoshino Cherry,0.0,17,Prunus,N,N
3409,-122.34399268956,47.6182652894894,DISTRICT7,Sweetgum,0.0,4,Liquidambar,N,N
3410,-122.354611316877,47.6751756997734,DISTRICT6,Purpleleaf Plum variety,0.0,7,Prunus,N,N
3411,-122.299349350167,47.6061345369152,DISTRICT3,Redbud Crabapple,0.0,9,Malus,N,N
3412,-122.31081035598,47.7193349791167,DISTRICT6,American Hophornbeam,0.0,2,Ostrya,N,N
3413,-122.368954438736,47.5439914094433,DISTRICT1,Katsura Tree,0.0,8,Cercidiphyllum,N,N
3414,-122.393493384666,47.568855998311,DISTRICT1,Spring Flurry Serviceberry,0.0,2,Amelanchier,N,N
3415,-122.333902478963,47.6539317763689,DISTRICT4,(Smooth) Japanese Maple,0.0,4,Acer,N,N
3416,-122.30329569986,47.6015894985578,DISTRICT3,Cavalier Norway Maple,0.0,14,Acer,N,N
3417,-122.35065203795,47.6825181827413,DISTRICT6,Autumn Flowering Cherry,0.0,1,Prunus,N,N
3418,-122.327031850841,47.6410559344722,DISTRICT4,Hazel,0.0,10,Corylus,N,N
3419,-122.360442565579,47.6245141871068,DISTRICT7,Norway Maple,0.0,14,Acer,N,N
3420,-122.316027167061,47.5670390383497,DISTRICT2,Purpleleaf Plum variety,0.0,1,Prunus,N,N
3421,-122.271167183261,47.5260787738368,DISTRICT2,Sweetgum,0.0,8,Liquidambar,N,N
3422,-122.37007811238,47.5500578636053,DISTRICT1,Callery Pear,0.0,7,Pyrus,N,N
3423,-122.264377683578,47.559676758468,DISTRICT2,Bigleaf Maple,0.0,40,Acer,N,N
3424,-122.370936246209,47.5246091314234,DISTRICT1,Paperbark Maple,0.0,6,Acer,N,N
3425,-122.332830894467,47.6519163276872,DISTRICT4,Grand (Giant) Fir,0.0,3,Abies,N,N
3426,-122.360673614001,47.5720919804922,DISTRICT1,Evergreen (Southern) Magnolia,0.0,8,Magnolia,N,N
3427,-122.345875581393,47.5497675747047,DISTRICT1,European Hornbeam,0.0,13,Carpinus,N,N
3428,-122.311002241496,47.6140718150444,DISTRICT3,Pin Oak,0.0,9,Quercus,N,N
3429,-122.385327314019,47.6846149334889,DISTRICT6,English Midland Hawthorn,0.0,14,Crataegus,N,N
3430,-122.393839642727,47.6374621085487,DISTRICT7,Apple/Crabapple,0.0,5,Malus,N,N
3431,-122.386376575127,47.5449070849121,DISTRICT1,Sweetgum,0.0,19,Liquidambar,N,N
3432,-122.315000632832,47.7021810639379,DISTRICT5,(Smooth) Japanese Maple,0.0,6,Acer,N,N
3433,-122.399585694302,47.6573958568058,DISTRICT7,Dogwood,0.0,5,Cornus,N,N
3434,-122.323257714814,47.5421078020036,DISTRICT2,Village Green Zelkova,0.0,2,Zelkova,N,N
3435,-122.364305825993,47.5660422547503,DISTRICT1,Thundercloud Purpleleaf Plum,0.0,8,Prunus,N,N
3436,-122.272620717968,47.5500969524753,DISTRICT2,Bigleaf Maple,0.0,9,Acer,N,N
3437,-122.31019533146,47.7003734828306,DISTRICT5,Juniper,0.0,3,Juniperus,N,N
3438,-122.314234240117,47.6009875230021,DISTRICT3,Norwegian Sunset Maple,0.0,2,Acer,N,N
3439,-122.293870695183,47.5835870117279,DISTRICT3,Paperbark Maple,0.0,2,Acer,N,N
3440,-122.373185673269,47.5817394385786,DISTRICT1,Autumn Flowering Cherry,0.0,13,Prunus,N,N
3441,-122.268041840141,47.5406455178003,DISTRICT2,Golden Rain Tree,0.0,1,Koelreuteria,N,N
3442,-122.374010042346,47.6944793784697,DISTRICT6,Orchard (Common) Apple,0.0,7,Malus,N,N
3443,-122.356697742903,47.6535909870659,DISTRICT6,Thundercloud Purpleleaf Plum,0.0,8,Prunus,N,N
3444,-122.358067694084,47.6304009594265,DISTRICT7,Eddie's White Wonder Dogwood,0.0,8,Cornus,N,N
3445,-122.403149521715,47.668691452702,DISTRICT6,Norwegian Sunset Maple,0.0,7,Acer,N,N
3446,-122.34622722606,47.6586295902317,DISTRICT4,Ruby Vase Persian Ironwood,0.0,3,Parrotia,N,N
3447,-122.282907061808,47.5594115842416,DISTRICT2,Thundercloud Purpleleaf Plum,0.0,13,Prunus,N,N
3448,-122.388581376609,47.5720972780926,DISTRICT1,Austrian Black Pine,0.0,9,Pinus,N,N
3449,-122.282112692764,47.6151214166443,DISTRICT3,Evergreen (Southern) Magnolia,0.0,2,Magnolia,N,N
3450,-122.37233910605,47.65173007846,DISTRICT7,(Smooth) Japanese Maple,0.0,8,Acer,N,N
3451,-122.366870775711,47.6522895448983,DISTRICT7,Autumn Flowering Cherry,0.0,2,Prunus,N,N
3452,-122.278146203727,47.5405559846243,DISTRICT2,Red Cascade Mountain Ash,0.0,4,Sorbus,N,N
3453,-122.305599729316,47.6758331945216,DISTRICT4,Pyramidal (Pyramidal European),0.0,2,Carpinus,N,N
3454,-122.315914785102,47.58425215033,DISTRICT2,Purpleleaf Plum variety,0.0,10,Prunus,N,N
3455,-122.28717810312,47.6071969779417,DISTRICT3,London Plane (Tree),0.0,39,Platanus,N,N
3456,-122.30563879124,47.6877173926376,DISTRICT4,Viburnum species,0.0,4,Viburnum,N,N
3457,-122.280739121843,47.5493905604739,DISTRICT2,Emerald Sunshine Elm,0.0,4,Ulmus,N,N
3458,-122.293690724661,47.7120860853869,DISTRICT5,Common Hawthorn,0.0,13,Crataegus,N,N
3459,-122.34494381682,47.664247271775,DISTRICT4,"Persian Ironwood, Parrotia",0.0,6,Parrotia,N,N
3460,-122.374188664961,47.6904262903622,DISTRICT6,Scarlet Oak,0.0,15,Quercus,N,N
3461,-122.376314220366,47.5125561406687,DISTRICT1,Amur Maackia,0.0,2,Maackia,N,N
3462,-122.342922400745,47.6635323548349,DISTRICT4,Evergreen (Southern) Magnolia,0.0,9,Magnolia,N,N
3463,-122.359490382686,47.6425918297228,DISTRICT7,Double Chinese Cherry,0.0,15,Prunus,N,N
3464,-122.343707214098,47.6604057055166,DISTRICT4,Birchbark (Tibetan) Cherry,0.0,28,Prunus,N,N
3465,-122.317889081012,47.6392012060181,DISTRICT3,Sycamore Maple,0.0,18,Acer,N,N
3466,-122.269605005633,47.564822266584,DISTRICT2,Autumn Blaze Pear,0.0,1,Pyrus,N,N
3467,-122.323131514228,47.6462340705703,DISTRICT4,Western Red Cedar,0.0,20,Thuja,N,N
3468,-122.331494014998,47.6723520706696,DISTRICT6,English Midland Hawthorn,0.0,12,Crataegus,N,N
3469,-122.390610515097,47.5850750601501,DISTRICT1,Trident Maple,0.0,1,Acer,N,N
3470,-122.381377973275,47.6831628170271,DISTRICT6,Apple/Crabapple,0.0,1,Malus,N,N
3471,-122.384640734988,47.6722720784683,DISTRICT6,Common (Japanese) Zelkova,0.0,17,Zelkova,N,N
3472,-122.292725194859,47.6713664090447,DISTRICT4,(Sweet) Mazzard Cherry,0.0,3,Prunus,N,N
3473,-122.276852406074,47.560465227788,DISTRICT2,(Smooth) Japanese Maple,0.0,3,Acer,N,N
3474,-122.309802021412,47.600905429526,DISTRICT3,Vanessa Parrotia,0.0,3,Parrotia,N,N
3475,-122.357484344719,47.6630510665308,DISTRICT6,Evergreen (Southern) Magnolia,0.0,1,Magnolia,N,N
3476,-122.370210964132,47.5478961324755,DISTRICT1,Katsura Tree,0.0,9,Cercidiphyllum,N,N
3477,-122.347854434881,47.6365140174074,DISTRICT7,Amur Maackia,0.0,1,Maackia,N,N
3478,-122.306140989446,47.6198340606845,DISTRICT3,"Persian Ironwood, Parrotia",0.0,4,Parrotia,N,N
3479,-122.391505435713,47.5868094906798,DISTRICT1,Tulip Tree,0.0,22,Liriodendron,N,N
3480,-122.365107119434,47.6355396209211,DISTRICT7,Ash,0.0,5,Fraxinus,N,N
3481,-122.252410803821,47.5103322015837,DISTRICT2,"Persian Ironwood, Parrotia",0.0,2,Parrotia,N,N
3482,-122.37046266384,47.5501411300568,DISTRICT1,Callery Pear,0.0,7,Pyrus,N,N
3483,-122.364642459195,47.635860192002,DISTRICT7,Western Red Cedar,0.0,24,Thuja,N,N
3484,-122.313000706469,47.6568958626176,DISTRICT4,Paper (Canoe) Birch,0.0,4,Betula,N,N
3485,-122.308252637665,47.6884458711669,DISTRICT4,Japanese Snowbell Tree,0.0,6,Styrax,N,N
3486,-122.334385051151,47.6736564437924,DISTRICT6,Dawyck Purple Beech,0.0,14,Fagus,N,N
3487,-122.292552926054,47.697420054764,DISTRICT5,Dogwood,0.0,3,Cornus,N,N
3488,-122.316127131212,47.5630219958804,DISTRICT2,Chanticleer Pear,0.0,2,Pyrus,N,N
3489,-122.348483032826,47.6802656888852,DISTRICT6,Amur Maple,0.0,2,Acer,N,N
3490,-122.32381136945,47.6445447664393,DISTRICT4,Red Maple,0.0,16,Acer,N,N
3491,-122.360999842312,47.6476987096607,DISTRICT7,Pin Oak,0.0,13,Quercus,N,N
3492,-122.332609903893,47.6495926445861,DISTRICT4,Giant Hazel/Filbert,0.0,4,Corylus,N,N
3493,-122.308721995061,47.6193888293656,DISTRICT3,Kwanzan Flowering Cherry,0.0,2,Prunus,N,N
3494,-122.253492965739,47.5080394776403,DISTRICT2,"Persian Ironwood, Parrotia",0.0,2,Parrotia,N,N
3495,-122.392050779674,47.565767725402,DISTRICT1,Higan (Spring) Cherry,0.0,2,Prunus,N,N
3496,-122.349836691604,47.6570204982803,DISTRICT6,Red Sunset Red Maple,0.0,13,Acer,N,N
3497,-122.294802906598,47.540766521956,DISTRICT2,Pin Oak,0.0,6,Quercus,N,N
3498,-122.373430279424,47.6722069071681,DISTRICT6,Kwanzan Flowering Cherry,0.0,9,Prunus,N,N
3499,-122.389678787589,47.6859121632076,DISTRICT6,Dawn Redwood,0.0,28,Metasequoia,N,N
3500,-122.310688539996,47.7030724285622,DISTRICT5,Bigleaf Maple,0.0,20,Acer,N,N
3501,-122.331847195215,47.5533682750882,DISTRICT2,Washington Hawthorn,0.0,5,Crataegus,N,N
3502,-122.376845990897,47.673032236554,DISTRICT6,Douglas Fir,0.0,18,Pseudotsuga,N,N
3503,-122.325785182797,47.6406145493357,DISTRICT4,American Hornbeam,0.0,1,Carpinus,N,N
3504,-122.371348376667,47.6524027881305,DISTRICT7,White Oak,0.0,24,Quercus,N,N
3505,-122.281643646953,47.5577954535256,DISTRICT2,Shingle Oak,0.0,4,Quercus,N,N
3506,-122.322214045665,47.6749168489707,DISTRICT6,Kwanzan Flowering Cherry,0.0,3,Prunus,N,N
3507,-122.377777163207,47.6825540848305,DISTRICT6,Callery Pear,0.0,10,Pyrus,N,N
3508,-122.363405413994,47.6894235317456,DISTRICT6,Kousa Dogwood,0.0,6,Cornus,N,N
3509,-122.266432565082,47.5280316174662,DISTRICT2,Rocky Mt. Glow Sugar Maple,0.0,12,Acer,N,N
3510,-122.309436832615,47.68932225283,DISTRICT4,Autumn Blaze Pear,0.0,8,Pyrus,N,N
3511,-122.359956202401,47.6614292784086,DISTRICT6,Common Fig,0.0,3,Ficus,N,N
3512,-122.390847377246,47.6770065986182,DISTRICT6,White Oak,0.0,1,Quercus,N,N
3513,-122.287636291589,47.6766522049177,DISTRICT4,Katsura Tree,0.0,2,Cercidiphyllum,N,N
3514,-122.371896340102,47.5774473812066,DISTRICT1,Pacific Sunset Maple,0.0,12,Acer,N,N
3515,-122.328990677639,47.672826425017,DISTRICT6,Apple/Crabapple,0.0,2,Malus,N,N
3516,-122.368251507933,47.6899978470589,DISTRICT6,Donald Wyman Crabapple,0.0,3,Malus,N,N
3517,-122.287858865328,47.5254771695899,DISTRICT2,October Glory Red Maple,0.0,11,Acer,N,N
3518,-122.389095769678,47.6746181857695,DISTRICT6,(Smooth) Japanese Maple,0.0,11,Acer,N,N
3519,-122.354219800977,47.620043006284,DISTRICT7,London Plane (Tree),0.0,23,Platanus,N,N
3520,-122.291996718394,47.582634272087,DISTRICT3,Narrowleaf Ash,0.0,10,Fraxinus,N,N
3521,-122.318776219768,47.6746673948931,DISTRICT4,"Tupelo, Sour Gum",0.0,2,Nyssa,N,N
3522,-122.39671269695,47.6558460392204,DISTRICT7,Wild Weeping (Higan) Cherry,0.0,3,Prunus,N,N
3523,-122.304442595017,47.6794548086294,DISTRICT4,(Smooth) Japanese Maple,0.0,9,Acer,N,N
3524,-122.335226741777,47.6965806343296,DISTRICT5,Tulip Tree,0.0,12,Liriodendron,N,N
3525,-122.262877163256,47.5455323406156,DISTRICT2,Katsura Tree,0.0,9,Cercidiphyllum,N,N
3526,-122.371823994575,47.5443810582208,DISTRICT1,Magnolia,0.0,3,Magnolia,N,N
3527,-122.312912390272,47.6094007744873,DISTRICT3,Common Hawthorn,0.0,22,Crataegus,N,N
3528,-122.300578452582,47.5745200126089,DISTRICT2,Sugar Tyme Crabapple,0.0,1,Malus,N,N
3529,-122.398302013392,47.6559800017012,DISTRICT7,(Smooth) Japanese Maple,0.0,6,Acer,N,N
3530,-122.355879235633,47.6847014097722,DISTRICT6,(Common) Goldenchain,0.0,5,Laburnum,N,N
3531,-122.381918056854,47.5321822339759,DISTRICT1,Red Maple,0.0,14,Acer,N,N
3532,-122.298175699163,47.5440501175699,DISTRICT2,(American) Arborvitae,0.0,5,Thuja,N,N
3533,-122.358982685677,47.6413891380857,DISTRICT7,Red Maple,0.0,11,Acer,N,N
3534,-122.360723561557,47.6888526887493,DISTRICT6,Golden Rain Tree,0.0,2,Koelreuteria,N,N
3535,-122.363266851633,47.6811639885103,DISTRICT6,Apple/Crabapple,0.0,8,Malus,N,N
3536,-122.316023147148,47.6772689404901,DISTRICT4,Paperbark Maple,0.0,2,Acer,N,N
3537,-122.29023219907,47.6630057321127,DISTRICT4,City Sprite Zelkova,0.0,1,Zelkova,N,N
3538,-122.390898845046,47.681634447103,DISTRICT6,Narrowleaf Ash,0.0,2,Fraxinus,N,N
3539,-122.354041680876,47.5217232734757,DISTRICT1,Japanese Tree Lilac,0.0,2,Syringa,N,N
3540,-122.28900207155,47.6669994636606,DISTRICT4,Norway Maple,0.0,16,Acer,N,N
3541,-122.392165521501,47.6795064241224,DISTRICT6,English Midland Hawthorn,0.0,10,Crataegus,N,N
3542,-122.379923833928,47.6827368644969,DISTRICT6,Orangebark Stewartia,0.0,5,Stewartia,N,N
3543,-122.385449982012,47.6810126859458,DISTRICT6,White-barked Himalayan (Jacque,0.0,7,Betula,N,N
3544,-122.382237682755,47.6672469485746,DISTRICT6,Pacific Sunset Maple,0.0,10,Acer,N,N
3545,-122.391013272623,47.6867284860056,DISTRICT6,Autumn Brilliance Serviceberry,0.0,1,Amelanchier,N,N
3546,-122.3125564181,47.7242037262456,DISTRICT5,Littleleaf Linden,0.0,5,Tilia,N,N
3547,-122.314002932093,47.5555742714004,DISTRICT2,Vesuvius Purpleleaf Plum,0.0,4,Prunus,N,N
3548,-122.357258738697,47.6544229978481,DISTRICT6,Purpleleaf Plum variety,0.0,11,Prunus,N,N
3549,-122.359666569938,47.6579664279479,DISTRICT6,(European) White Birch,0.0,2,Betula,N,N
3550,-122.364842194655,47.6418544822442,DISTRICT7,Chinese Pistache,0.0,6,Pistacia,N,N
3551,-122.334032349526,47.6154635116917,DISTRICT7,Norway Maple,0.0,5,Acer,N,N
3552,-122.370025265965,47.6322372413706,DISTRICT7,Eastern Dogwood,0.0,10,Cornus,N,N
3553,-122.292133022031,47.7120354295734,DISTRICT5,White Fir,0.0,9,Abies,N,N
3554,-122.27041551148,47.6683377299193,DISTRICT4,Eastern White Pine,0.0,16,Pinus,N,N
3555,-122.395577383481,47.6413263454609,DISTRICT7,Amur Maackia,0.0,1,Maackia,N,N
3556,-122.363021842124,47.6716321056233,DISTRICT6,Japanese Snowbell Tree,0.0,7,Styrax,N,N
3557,-122.314414238605,47.6748679713059,DISTRICT4,Honey Locust,0.0,3,Gleditsia,N,N
3558,-122.39896368856,47.5639205605308,DISTRICT1,Swedish Birch,0.0,11,Betula,N,N
3559,-122.320524490809,47.6305661272511,DISTRICT3,Katsura Tree,0.0,14,Cercidiphyllum,N,N
3560,-122.329245143723,47.5710175307022,DISTRICT2,Sweetgum,0.0,11,Liquidambar,N,N
3561,-122.398939727334,47.5656840345906,DISTRICT1,"Ginkgo, Maidenhair Tree",0.0,10,Ginkgo,N,N
3562,-122.290642309989,47.719763986729,DISTRICT5,Flame Narrowleaf Ash,0.0,33,Fraxinus,N,N
3563,-122.30161160785,47.5536479247451,DISTRICT2,Apple/Crabapple,0.0,5,Malus,N,N
3564,-122.408376915737,47.5673387667867,DISTRICT1,White-barked Himalayan (Jacque,0.0,1,Betula,N,N
3565,-122.373427843081,47.6756865796188,DISTRICT6,Kwanzan Flowering Cherry,0.0,14,Prunus,N,N
3566,-122.339696003425,47.5638520988634,DISTRICT2,Sycamore Maple,0.0,3,Acer,N,N
3567,-122.345610747258,47.7005782805271,DISTRICT5,Red Maple,0.0,6,Acer,N,N
3568,-122.286973286632,47.6253720121669,DISTRICT3,English Elm,0.0,30,Ulmus,N,N
3569,-122.375209049908,47.5254412383521,DISTRICT1,Full Moon (Downy Japanese) Maple,0.0,4,Acer,N,N
3570,-122.292278970561,47.6742703938948,DISTRICT4,Norway Maple,0.0,14,Acer,N,N
3571,-122.362257711059,47.6339460815995,DISTRICT7,Double Chinese Cherry,0.0,18,Prunus,N,N
3572,-122.323759201427,47.5290670309141,DISTRICT1,Frontier Elm,0.0,3,Ulmus,N,N
3573,-122.293761240235,47.5977602300308,DISTRICT3,Golden Rain Tree,0.0,3,Koelreuteria,N,N
3574,-122.359267115922,47.6206691774613,DISTRICT7,(European) White Birch,0.0,2,Betula,N,N
3575,-122.28320285044,47.6126233017199,DISTRICT3,English Midland Hawthorn,0.0,10,Crataegus,N,N
3576,-122.310202227681,47.6409600855554,DISTRICT3,(European) White Birch,0.0,17,Betula,N,N
3577,-122.377604522575,47.5009316187729,DISTRICT1,Catalina Ironwood,45.0,23,Lyonothamnus,Y,N
3578,-122.403383342928,47.6825693288008,DISTRICT6,Sycamore Maple,0.0,12,Acer,N,N
3579,-122.345542215968,47.6876204458413,DISTRICT6,Autumn Flowering Cherry,0.0,2,Prunus,N,N
3580,-122.310901315138,47.6840058646794,DISTRICT4,Orchard (Common) Apple,0.0,4,Malus,N,N
3581,-122.391958731911,47.6337201490172,DISTRICT7,Yoshino Cherry,0.0,5,Prunus,N,N
3582,-122.381765010152,47.6737756096396,DISTRICT6,Sugar Maple,0.0,11,Acer,N,N
3583,-122.29147375516,47.6074440976476,DISTRICT3,Callery Pear,0.0,18,Pyrus,N,N
3584,-122.376873589344,47.5217319281254,DISTRICT1,European Hornbeam,0.0,16,Carpinus,N,N
3585,-122.31297421015,47.5982807786133,DISTRICT3,Red Oak,0.0,4,Quercus,N,N
3586,-122.401022409866,47.6725544512317,DISTRICT6,Purpleleaf Plum variety,0.0,10,Prunus,N,N
3587,-122.390758253239,47.5650862150517,DISTRICT1,English Midland Hawthorn,0.0,10,Crataegus,N,N
3588,-122.333483020351,47.6734693125222,DISTRICT6,Red Maple,0.0,2,Acer,N,N
3589,-122.319606075623,47.6204464669728,DISTRICT3,Common Stewartia,0.0,4,Stewartia,N,N
3590,-122.26514440819,47.5292423566334,DISTRICT2,(American) Arborvitae,0.0,4,Thuja,N,N
3591,-122.320353778126,47.68864814767,DISTRICT4,Paperbark Maple,0.0,10,Acer,N,N
3592,-122.363593188904,47.710245209911,DISTRICT5,Common (Euro) Mountain Ash,0.0,12,Sorbus,N,N
3593,-122.360999855955,47.5376967479793,DISTRICT1,Pin Oak,0.0,8,Quercus,N,N
3594,-122.333660063787,47.6749353839754,DISTRICT6,Peach Tree,0.0,1,Prunus,N,N
3595,-122.372675482447,47.6712843002697,DISTRICT6,Lombardy Poplar,122.0,77,Populus,Y,N
3596,-122.342518276766,47.6229614679074,DISTRICT7,"Tupelo, Sour Gum",0.0,3,Nyssa,N,N
3597,-122.277369768516,47.675455219867,DISTRICT4,European (Fruiting) Plum,0.0,6,Prunus,N,N
3598,-122.299232499823,47.6664455000747,DISTRICT4,Norwegian Sunset Maple,0.0,11,Acer,N,N
3599,-122.292526098788,47.6077904184058,DISTRICT3,Chanticleer Pear,0.0,10,Pyrus,N,N
3600,-122.375310677159,47.663750026168,DISTRICT6,American Hornbeam Native Flame,0.0,1,Carpinus,N,N
3601,-122.351270952849,47.6253681658371,DISTRICT7,London Plane (Tree),0.0,18,Platanus,N,N
3602,-122.398740268548,47.5668658657346,DISTRICT1,Double Chinese Cherry,0.0,2,Prunus,N,N
3603,-122.369576992073,47.5444556998382,DISTRICT1,Red Maple,0.0,10,Acer,N,N
3604,-122.28926984239,47.5336364152971,DISTRICT2,Common (Eastern) Redbud,0.0,4,Cercis,N,N
3605,-122.343441909416,47.6149383059027,DISTRICT7,Red Oak,0.0,18,Quercus,N,N
3606,-122.293577087375,47.5419838803444,DISTRICT2,Green (Red) Ash,0.0,8,Fraxinus,N,N
3607,-122.372473252194,47.5343471114849,DISTRICT1,Kousa Dogwood,0.0,2,Cornus,N,N
3608,-122.315928637678,47.6132597261546,DISTRICT3,Scarlet Sentinel Freeman Maple,0.0,5,Acer,N,N
3609,-122.371985237309,47.6715731012892,DISTRICT6,Cherry/Plum/Laurel,0.0,6,Prunus,N,N
3610,-122.383035767597,47.5823569601224,DISTRICT1,Apple/Crabapple,0.0,10,Malus,N,N
3611,-122.306115574999,47.6146850066932,DISTRICT3,Hawthorn,0.0,6,Crataegus,N,N
3612,-122.30067608433,47.5605387013734,DISTRICT2,Yellowwood,0.0,2,Cladrastis,N,N
3613,-122.318435495278,47.5982778488397,DISTRICT2,Princeton Sentry Ginkgo,0.0,2,Ginkgo,N,N
3614,-122.2860178263,47.5703883433424,DISTRICT2,Apple Serviceberry,0.0,3,Amelanchier,N,N
3615,-122.354242469402,47.6737206179651,DISTRICT6,English (Hedge) Maple,0.0,10,Acer,N,N
3616,-122.389698567653,47.6313298179422,DISTRICT7,Norway Maple,0.0,3,Acer,N,N
3617,-122.331368702982,47.6537793772047,DISTRICT4,Common Stewartia,0.0,1,Stewartia,N,N
3618,-122.302793177738,47.5599867500564,DISTRICT2,Shingle Oak,0.0,2,Quercus,N,N
3619,-122.303239678029,47.6848191767992,DISTRICT4,Kousa Dogwood,0.0,4,Cornus,N,N
3620,-122.381806813547,47.5870927607148,DISTRICT1,Blireiana Purpleleaf Plum,0.0,6,Prunus,N,N
3621,-122.395464977768,47.6831269890768,DISTRICT6,Kousa Dogwood,0.0,8,Cornus,N,N
3622,-122.297563870485,47.6160231930476,DISTRICT3,Callery Pear,0.0,4,Pyrus,N,N
3623,-122.339673891606,47.6210755181285,DISTRICT7,Globe Norway Maple,0.0,2,Acer,N,N
3624,-122.345215803856,47.6532371838299,DISTRICT4,Sugar Maple,0.0,15,Acer,N,N
3625,-122.31556778026,47.6383238510183,DISTRICT3,Apple/Crabapple,0.0,7,Malus,N,N
3626,-122.322265062906,47.6394292297834,DISTRICT3,Apple/Crabapple,0.0,2,Malus,N,N
3627,-122.308462146593,47.6140605693444,DISTRICT3,Red Oak,0.0,9,Quercus,N,N
3628,-122.366709607025,47.5684159282182,DISTRICT1,European Hornbeam,0.0,17,Carpinus,N,N
3629,-122.28367376074,47.5346397572736,DISTRICT2,Red Maple,0.0,6,Acer,N,N
3630,-122.3183780769,47.6414076211152,DISTRICT3,Autumn Brilliance Serviceberry,0.0,6,Amelanchier,N,N
3631,-122.29762537842,47.6231076921206,DISTRICT3,Honey Locust,0.0,13,Gleditsia,N,N
3632,-122.297061785656,47.5933655391813,DISTRICT3,Snowdrift Crabapple,0.0,12,Malus,N,N
3633,-122.259389644122,47.5071828106467,DISTRICT2,American Hornbeam,0.0,4,Carpinus,N,N
3634,-122.2916139131,47.5825678898938,DISTRICT3,Purpleleaf Plum variety,0.0,5,Prunus,N,N
3635,-122.345431462681,47.6263269094354,DISTRICT7,Common (Eastern) Redbud,0.0,3,Cercis,N,N
3636,-122.350135301191,47.6317099765521,DISTRICT7,Double Chinese Cherry,0.0,2,Prunus,N,N
3637,-122.358174552218,47.6388473736835,DISTRICT7,Double Chinese Cherry,0.0,9,Prunus,N,N
3638,-122.3609967955,47.6221885497698,DISTRICT7,Magyar Ginkgo,0.0,2,Ginkgo,N,N
3639,-122.374038415573,47.6880259539878,DISTRICT6,Orchard (Common) Apple,0.0,2,Malus,N,N
3640,-122.354824729574,47.6332132463823,DISTRICT7,Kousa Dogwood,0.0,3,Cornus,N,N
3641,-122.309535550551,47.5840534484252,DISTRICT2,Emerald Sunshine Elm,0.0,3,Ulmus,N,N
3642,-122.393649014836,47.55851977088,DISTRICT1,Apple/Crabapple,0.0,1,Malus,N,N
3643,-122.348102199558,47.5292514444225,DISTRICT1,Japanese Tree Lilac,0.0,3,Syringa,N,N
3644,-122.40795398191,47.5792122841944,DISTRICT1,Norway Maple,0.0,13,Acer,N,N
3645,-122.383714978073,47.6723235967227,DISTRICT6,Magyar Ginkgo,0.0,3,Ginkgo,N,N
3646,-122.347044422699,47.692069982513,DISTRICT5,Shirotae Flowering Cherry,0.0,9,Prunus,N,N
3647,-122.348575077309,47.6777401687382,DISTRICT6,Eastern Dogwood,0.0,3,Cornus,N,N
3648,-122.376702747034,47.518833167498,DISTRICT1,European Hornbeam,0.0,13,Carpinus,N,N
3649,-122.358915831461,47.6648727053039,DISTRICT6,Adirondack Crabapple,0.0,2,Malus,N,N
3650,-122.373286950677,47.5687707473978,DISTRICT1,Cherry/Plum/Laurel,0.0,10,Prunus,N,N
3651,-122.328424531626,47.527035787207,DISTRICT1,Japanese Black Pine,0.0,11,Pinus,N,N
3652,-122.408087316908,47.6390646579559,DISTRICT7,Cherry/Plum/Laurel,0.0,8,Prunus,N,N
3653,-122.300162007815,47.7067411561124,DISTRICT5,European (Fruiting) Plum,0.0,10,Prunus,N,N
3654,-122.350507776504,47.528028649671,DISTRICT1,Chanticleer Pear,0.0,7,Pyrus,N,N
3655,-122.325604879211,47.6347926478067,DISTRICT4,Sweetgum,0.0,18,Liquidambar,N,N
3656,-122.403461712565,47.5651664890087,DISTRICT1,English Midland Hawthorn,0.0,7,Crataegus,N,N
3657,-122.324743162965,47.6275666236402,DISTRICT3,Common (Euro) Mountain Ash,0.0,5,Sorbus,N,N
3658,-122.309044027867,47.5960203649346,DISTRICT3,Dove Tree,0.0,2,Davidia,N,N
3659,-122.38760300991,47.6386467257675,DISTRICT7,Sycamore Maple,0.0,13,Acer,N,N
3660,-122.326234303494,47.6547730527275,DISTRICT4,Japanese Snowbell Tree,0.0,9,Styrax,N,N
3661,-122.394244147092,47.6417972957738,DISTRICT7,Katsura Tree,0.0,17,Cercidiphyllum,N,N
3662,-122.359707262887,47.5282440247282,DISTRICT1,Norwegian Sunset Maple,0.0,7,Acer,N,N
3663,-122.292496105737,47.5606554728253,DISTRICT2,Pacific Sunset Maple,0.0,6,Acer,N,N
3664,-122.358255422348,47.6332014378927,DISTRICT7,Apple/Crabapple,0.0,6,Malus,N,N
3665,-122.299056108854,47.5809389070223,DISTRICT2,Norway Maple,0.0,9,Acer,N,N
3666,-122.303896213615,47.6420672115873,DISTRICT3,Red Maple,0.0,9,Acer,N,N
3667,-122.340744601155,47.6603252510374,DISTRICT4,Horse Chestnut,0.0,7,Aesculus,N,N
3668,-122.330298961167,47.6115809848655,DISTRICT7,Sweetgum,0.0,14,Liquidambar,N,N
3669,-122.325570885051,47.6461915993363,DISTRICT4,Sweetgum,0.0,15,Liquidambar,N,N
3670,-122.318180147889,47.602854361116,DISTRICT3,Carriere (Lavallei) Hawthorn,0.0,14,Crataegus,N,N
3671,-122.299578974476,47.6814840583416,DISTRICT4,Blireiana Purpleleaf Plum,0.0,8,Prunus,N,N
3672,-122.374171126251,47.6846076786035,DISTRICT6,Eddie's White Wonder Dogwood,0.0,5,Cornus,N,N
3673,-122.280731407094,47.6702773117382,DISTRICT4,Eastern Dogwood,0.0,1,Cornus,N,N
3674,-122.313330061918,47.6875878780235,DISTRICT4,Red flowering currant,0.0,4,Ribes,N,N
3675,-122.318937685343,47.6859844435322,DISTRICT4,(Smooth) Japanese Maple,0.0,6,Acer,N,N
3676,-122.32266278296,47.5352995068804,DISTRICT2,Lombardy Poplar Grove,0.0,17,Populus,N,N
3677,-122.324720351916,47.5534407194316,DISTRICT2,Sycamore Maple,0.0,6,Acer,N,N
3678,-122.267335720531,47.5351632633886,DISTRICT2,Japanese Snowbell Tree,0.0,3,Styrax,N,N
3679,-122.387466099914,47.5316069529252,DISTRICT1,Kwanzan Flowering Cherry,0.0,2,Prunus,N,N
3680,-122.315512464333,47.6663875944995,DISTRICT4,(Sweet) Bay Laurel,0.0,20,Laurus,N,N
3681,-122.362450282722,47.6354994135391,DISTRICT7,Japanese Snowbell Tree,0.0,2,Styrax,N,N
3682,-122.328683787689,47.7144965084384,DISTRICT5,English (Hedge) Maple,0.0,3,Acer,N,N
3683,-122.304775462058,47.6757219679799,DISTRICT4,Pyramidal (Pyramidal European),0.0,14,Carpinus,N,N
3684,-122.289784334545,47.6276996630584,DISTRICT3,Common Hawthorn,0.0,10,Crataegus,N,N
3685,-122.363083032759,47.5549473979746,DISTRICT1,Sweetgum,0.0,11,Liquidambar,N,N
3686,-122.305530251576,47.5930165574822,DISTRICT3,Red Maple,0.0,2,Acer,N,N
3687,-122.296888245789,47.5641757235661,DISTRICT2,Carriere (Lavallei) Hawthorn,0.0,2,Crataegus,N,N
3688,-122.312748017348,47.7142720850232,DISTRICT5,Littleleaf Linden,0.0,16,Tilia,N,N
3689,-122.376613082095,47.6486919986286,DISTRICT7,Scarlet Sentinel Freeman Maple,0.0,5,Acer,N,N
3690,-122.340546531637,47.6358122652638,DISTRICT7,Norway Maple,0.0,10,Acer,N,N
3691,-122.31279148738,47.6067102979315,DISTRICT3,European Hornbeam,0.0,5,Carpinus,N,N
3692,-122.403500365821,47.6635987097118,DISTRICT7,Apple/Crabapple,0.0,6,Malus,N,N
3693,-122.296210420047,47.5655733473709,DISTRICT2,Littleleaf Linden,0.0,7,Tilia,N,N
3694,-122.305590920874,47.6889805745546,DISTRICT4,Rocky Mt. Glow Sugar Maple,0.0,12,Acer,N,N
3695,-122.332404852546,47.6170925287611,DISTRICT7,Scarlet Oak,0.0,2,Quercus,N,N
3696,-122.345893579449,47.6543551516907,DISTRICT4,Chinese Elm,0.0,8,Ulmus,N,N
3697,-122.386245433032,47.5793654740059,DISTRICT1,Bigleaf Maple,0.0,26,Acer,N,N
3698,-122.297473947348,47.6782509121761,DISTRICT4,European (Fruiting) Plum,0.0,17,Prunus,N,N
3699,-122.393323739939,47.5450533374335,DISTRICT1,(Smooth) Japanese Maple,0.0,6,Acer,N,N
3700,-122.374718906655,47.6801314126782,DISTRICT6,Katsura Tree,0.0,14,Cercidiphyllum,N,N
3701,-122.348695267353,47.661367632585,DISTRICT6,Catalpa,0.0,19,Catalpa,N,N
3702,-122.347000950202,47.6854512070398,DISTRICT6,Zelkova,0.0,2,Zelkova,N,N
3703,-122.279359263176,47.535212911864,DISTRICT2,Japanese Snowbell Tree,0.0,1,Styrax,N,N
3704,-122.37907466292,47.579407596269,DISTRICT1,Wireless Zelkova,0.0,2,Zelkova,N,N
3705,-122.386564466588,47.5775623323617,DISTRICT1,Red Maple,0.0,12,Acer,N,N
3706,-122.317649544351,47.6211427873428,DISTRICT3,Thundercloud Purpleleaf Plum,0.0,11,Prunus,N,N
3707,-122.306507424034,47.6748056986385,DISTRICT4,Norway Maple,0.0,8,Acer,N,N
3708,-122.36517780594,47.6303995699966,DISTRICT7,Chinese Fan (Windmill) Palm,0.0,7,Trachycarpus,N,N
3709,-122.316471335473,47.6780829919494,DISTRICT4,Purpleleaf Plum variety,0.0,9,Prunus,N,N
3710,-122.368953747672,47.5475269426821,DISTRICT1,Mountain Ash/Whitebeam,0.0,5,Sorbus,N,N
3711,-122.356796348273,47.6405922898376,DISTRICT7,Washington Hawthorn,0.0,11,Crataegus,N,N
3712,-122.373718907866,47.6743554257543,DISTRICT6,Vine Maple,0.0,4,Acer,N,N
3713,-122.279935527291,47.6974500669092,DISTRICT5,English Midland Hawthorn,0.0,9,Crataegus,N,N
3714,-122.36071453333,47.6240166005334,DISTRICT7,English (Hedge) Maple,0.0,10,Acer,N,N
3715,-122.324426695495,47.6348248822827,DISTRICT3,Autumn Brilliance Serviceberry,0.0,2,Amelanchier,N,N
3716,-122.306425649472,47.6040305173887,DISTRICT3,Marshall Green Ash,0.0,1,Fraxinus,N,N
3717,-122.317218946667,47.5857877516481,DISTRICT2,Callery Pear,0.0,7,Pyrus,N,N
3718,-122.293571788714,47.6067651243215,DISTRICT3,Profusion Crabapple,0.0,9,Malus,N,N
3719,-122.35419354768,47.6331238802306,DISTRICT7,Purpleleaf Plum variety,0.0,9,Prunus,N,N
3720,-122.316965224659,47.6144968790193,DISTRICT3,Crimson King Norway Maple,0.0,16,Acer,N,N
3721,-122.3968878294,47.6839433065725,DISTRICT6,(Smooth) Japanese Maple,0.0,6,Acer,N,N
3722,-122.275888574076,47.6635523705641,DISTRICT4,Blireiana Purpleleaf Plum,0.0,4,Prunus,N,N
3723,-122.316208954358,47.6612229425856,DISTRICT4,Armstrong Freeman (Red) Maple,0.0,10,Acer,N,N
3724,-122.290749956754,47.674034960503,DISTRICT4,Japanese Snowbell Tree,0.0,2,Styrax,N,N
3725,-122.341827035976,47.6072184750245,DISTRICT7,Birch,0.0,3,Betula,N,N
3726,-122.352512017561,47.5632457350254,DISTRICT1,European Hornbeam,0.0,12,Carpinus,N,N
3727,-122.310054853018,47.616016398315,DISTRICT3,Norwegian Sunset Maple,0.0,9,Acer,N,N
3728,-122.390545909556,47.5806118835467,DISTRICT1,Purpleleaf Plum variety,0.0,10,Prunus,N,N
3729,-122.290728808846,47.7222506572435,DISTRICT5,Flame Narrowleaf Ash,0.0,16,Fraxinus,N,N
3730,-122.305006968774,47.5606020084964,DISTRICT2,Red Maple,0.0,14,Acer,N,N
3731,-122.307742972958,47.6772015097339,DISTRICT4,Japanese Snowbell Tree,0.0,10,Styrax,N,N
3732,-122.304353233195,47.7309164470284,DISTRICT5,(Smooth) Japanese Maple,0.0,4,Acer,N,N
3733,-122.379831246538,47.5803495330178,DISTRICT1,Black Locust,0.0,27,Robinia,N,N
3734,-122.377965740576,47.5224921751043,DISTRICT1,Japanese Snowbell Tree,0.0,6,Styrax,N,N
3735,-122.325997905117,47.6648837126177,DISTRICT4,English Midland Hawthorn,0.0,11,Crataegus,N,N
3736,-122.326975669561,47.6941786695233,DISTRICT5,Maple,0.0,5,Acer,N,N
3737,-122.357360621467,47.6797408258521,DISTRICT6,Cherry/Plum/Laurel,0.0,7,Prunus,N,N
3738,-122.323285031268,47.5653833032877,DISTRICT2,"Ginkgo, Maidenhair Tree",0.0,10,Ginkgo,N,N
3739,-122.306676137772,47.6772517514536,DISTRICT4,Orchard (Common) Apple,0.0,7,Malus,N,N
3740,-122.313484461704,47.6560495593909,DISTRICT4,Pin Oak,0.0,7,Quercus,N,N
3741,-122.354568776364,47.6356750942308,DISTRICT7,American Hornbeam,0.0,5,Carpinus,N,N
3742,-122.314911695635,47.7158151999785,DISTRICT5,Fraser's Photinia,0.0,3,Photinia,N,N
3743,-122.363479803436,47.6426091818785,DISTRICT7,(Smooth) Japanese Maple,0.0,22,Acer,N,N
3744,-122.348401526808,47.699581599725,DISTRICT5,Common (Eastern) Redbud,0.0,1,Cercis,N,N
3745,-122.294385412785,47.6726612784991,DISTRICT4,Western Red Cedar,0.0,28,Thuja,N,N
3746,-122.360069139603,47.5379238043704,DISTRICT1,Norwegian Sunset Maple,0.0,2,Acer,N,N
3747,-122.316965861887,47.6376996584642,DISTRICT3,English Midland Hawthorn,0.0,8,Crataegus,N,N
3748,-122.292484277213,47.5524634215632,DISTRICT2,Red Alder,0.0,6,Alnus,N,N
3749,-122.371616717336,47.6400507596152,DISTRICT7,Unknown,0.0,6,,N,N
3750,-122.312122641415,47.5781080426127,DISTRICT2,Purpleleaf Plum variety,0.0,13,Prunus,N,N
3751,-122.410862528643,47.5750287095948,DISTRICT1,Blireiana Purpleleaf Plum,0.0,5,Prunus,N,N
3752,-122.341178622193,47.6183204320774,DISTRICT7,Sweetgum,0.0,10,Liquidambar,N,N
3753,-122.373684226825,47.6470148754047,DISTRICT7,Yew,0.0,10,Taxus,N,N
3754,-122.281911902119,47.5602308844884,DISTRICT2,Horse Chestnut,0.0,4,Aesculus,N,N
3755,-122.317481102471,47.6661308117302,DISTRICT4,"Tupelo, Sour Gum",0.0,3,Nyssa,N,N
3756,-122.310912097588,47.6823506133876,DISTRICT4,Pacific Sunset Maple,0.0,9,Acer,N,N
3757,-122.326831809415,47.609682916389,DISTRICT3,Narrowleaf Ash,0.0,20,Fraxinus,N,N
3758,-122.37000741829,47.6724114457339,DISTRICT6,Paperbark Maple,0.0,4,Acer,N,N
3759,-122.349879009728,47.6840321301214,DISTRICT6,Princeton Sentry Ginkgo,8.0,2,Ginkgo,N,N
3760,-122.309774053313,47.6321665837253,DISTRICT3,English Midland Hawthorn,0.0,10,Crataegus,N,N
3761,-122.358506071296,47.678404489048,DISTRICT6,English Midland Hawthorn,0.0,6,Crataegus,N,N
3762,-122.29637343857,47.5971955801198,DISTRICT3,Wintergold Crabapple,0.0,6,Malus,N,N
3763,-122.306727359449,47.5729924401682,DISTRICT2,Littleleaf Linden,0.0,15,Tilia,N,N
3764,-122.37473399848,47.682229278196,DISTRICT6,Norway Maple,0.0,17,Acer,N,N
3765,-122.293574480594,47.5437616408208,DISTRICT2,"Basswood, American Linden",0.0,9,Tilia,N,N
3766,-122.349595633507,47.6154240776019,DISTRICT7,English (Hedge) Maple,0.0,7,Acer,N,N
3767,-122.386888510119,47.5711744135847,DISTRICT1,Littleleaf Linden,0.0,17,Tilia,N,N
3768,-122.38266205724,47.5768807004422,DISTRICT1,Double Chinese Cherry,0.0,2,Prunus,N,N
3769,-122.362460646912,47.6396534759987,DISTRICT7,Potomac Crape Myrtle,0.0,7,Lagerstroemia,N,N
3770,-122.303912939675,47.6285983479436,DISTRICT3,Carriere (Lavallei) Hawthorn,0.0,9,Crataegus,N,N
3771,-122.341491977927,47.6254683081478,DISTRICT7,Orangebark Stewartia,0.0,3,Stewartia,N,N
3772,-122.327174655948,47.6387095134564,DISTRICT4,Evergreen (Southern) Magnolia,0.0,5,Magnolia,N,N
3773,-122.396366832574,47.653105401702,DISTRICT7,(Smooth) Japanese Maple,0.0,6,Acer,N,N
3774,-122.359466872719,47.6957904357172,DISTRICT6,Portugal Laurel,0.0,6,Prunus,N,N
3775,-122.300095170125,47.6208999660606,DISTRICT3,Red Maple,0.0,17,Acer,N,N
3776,-122.346807984769,47.5240966323358,DISTRICT1,Oakleaf Mountain Ash,0.0,10,Sorbus,N,N
3777,-122.320049064139,47.6081154477539,DISTRICT3,Schwedler Norway Maple,0.0,11,Acer,N,N
3778,-122.387721183272,47.6419627394859,DISTRICT7,Double Chinese Cherry,0.0,4,Prunus,N,N
3779,-122.317375990581,47.5919256548615,DISTRICT2,Carriere (Lavallei) Hawthorn,0.0,3,Crataegus,N,N
3780,-122.330291535093,47.6569605570304,DISTRICT4,Sweetgum,0.0,27,Liquidambar,N,N
3781,-122.29610662511,47.711345463872,DISTRICT5,Mountain Hemlock,0.0,4,Tsuga,N,N
3782,-122.35011470058,47.6646665815494,DISTRICT6,Red Sunset Red Maple,0.0,8,Acer,N,N
3783,-122.365851607762,47.6276623172156,DISTRICT7,Autumn Flowering Cherry,0.0,14,Prunus,N,N
3784,-122.343386019261,47.5716857692187,DISTRICT1,(Pacific) Madrona,0.0,4,Arbutus,N,N
3785,-122.25004996669,47.5032336598518,DISTRICT2,Japanese Hornbeam,0.0,2,Carpinus,N,N
3786,-122.3314133997,47.6624944194473,DISTRICT4,Laceleaf Maple,0.0,8,Acer,N,N
3787,-122.295447688212,47.6754993080261,DISTRICT4,Common Lilac,0.0,4,Syringa,N,N
3788,-122.318102376443,47.6179871698924,DISTRICT3,Mountain Ash/Whitebeam,0.0,6,Sorbus,N,N
3789,-122.341626205636,47.6070618525235,DISTRICT7,(Pacific) Madrona,0.0,2,Arbutus,N,N
3790,-122.276578486508,47.7003993803517,DISTRICT5,Cherry/Plum/Laurel,0.0,8,Prunus,N,N
3791,-122.322775102958,47.5287552747996,DISTRICT1,Red Sunset Red Maple,0.0,26,Acer,N,N
3792,-122.315639018457,47.621693903061,DISTRICT3,Galaxy Magnolia,0.0,2,Magnolia,N,N
3793,-122.292169094117,47.6253768278075,DISTRICT3,Scarlet Oak,0.0,4,Quercus,N,N
3794,-122.309770251214,47.6318896922936,DISTRICT3,Apple/Crabapple,0.0,2,Malus,N,N
3795,-122.334271286774,47.6262953851746,DISTRICT3,Triumph Elm,0.0,6,Ulmus,N,N
3796,-122.3565803656,47.6928817994103,DISTRICT6,Sweetgum,0.0,13,Liquidambar,N,N
3797,-122.306518972688,47.5602649418855,DISTRICT2,"Tupelo, Sour Gum",0.0,2,Nyssa,N,N
3798,-122.387253412785,47.54871550811,DISTRICT1,Littleleaf Linden,0.0,18,Tilia,N,N
3799,-122.367654356763,47.6663645965641,DISTRICT6,Pear,0.0,9,Pyrus,N,N
3800,-122.283604007343,47.6731335571376,DISTRICT4,Blireiana Purpleleaf Plum,0.0,2,Prunus,N,N
3801,-122.385844879508,47.6886524272553,DISTRICT6,Sweetgum,0.0,19,Liquidambar,N,N
3802,-122.39089417581,47.5762859164444,DISTRICT1,Douglas Fir,0.0,21,Pseudotsuga,N,N
3803,-122.349003238422,47.6786445043703,DISTRICT6,Eastern Dogwood,0.0,5,Cornus,N,N
3804,-122.359131007926,47.654441205575,DISTRICT6,Vine Maple,0.0,3,Acer,N,N
3805,-122.308033834657,47.7104722087759,DISTRICT5,Birch,0.0,11,Betula,N,N
3806,-122.370315614488,47.6842913532838,DISTRICT6,(American) Arborvitae,0.0,4,Thuja,N,N
3807,-122.37634618655,47.5603279940954,DISTRICT1,"Tupelo, Sour Gum",0.0,2,Nyssa,N,N
3808,-122.314263229698,47.6041451084436,DISTRICT3,English (Hedge) Maple,0.0,8,Acer,N,N
3809,-122.374258530656,47.5466740682923,DISTRICT1,"Ginkgo, Maidenhair Tree",0.0,10,Ginkgo,N,N
3810,-122.317273084572,47.6709313873751,DISTRICT4,Sycamore Maple,0.0,7,Acer,N,N
3811,-122.357972386142,47.6317067343847,DISTRICT7,Eddie's White Wonder Dogwood,0.0,10,Cornus,N,N
3812,-122.379243561779,47.5287953086015,DISTRICT1,Oakleaf Mountain Ash,0.0,2,Sorbus,N,N
3813,-122.348343704284,47.6898887637018,DISTRICT6,Maple,0.0,2,Acer,N,N
3814,-122.306312027551,47.553033654452,DISTRICT2,Horse Chestnut,0.0,14,Aesculus,N,N
3815,-122.391368790652,47.5204920567232,DISTRICT1,Sour (Pie) Cherry,0.0,2,Prunus,N,N
3816,-122.326464525324,47.60030065952,DISTRICT2,Skyline Honey Locust,0.0,11,Gleditsia,N,N
3817,-122.388237222992,47.5714274407718,DISTRICT1,Autumn Brilliance Serviceberry,0.0,1,Amelanchier,N,N
3818,-122.358798891678,47.6672421039831,DISTRICT6,California wax-myrtle,0.0,1,Myrica,N,N
3819,-122.35944755254,47.6495019459172,DISTRICT7,Katsura Tree,0.0,15,Cercidiphyllum,N,N
3820,-122.281418367457,47.5382170949886,DISTRICT2,Red Maple,0.0,5,Acer,N,N
3821,-122.319143910008,47.5263865458334,DISTRICT1,Karpick Maple,0.0,10,Acer,N,N
3822,-122.362117177996,47.6303859586186,DISTRICT7,Common Stewartia,0.0,7,Stewartia,N,N
3823,-122.313450249534,47.5865075895878,DISTRICT2,Sycamore Maple,0.0,29,Acer,N,N
3824,-122.28801767966,47.6662004140643,DISTRICT4,Red Maple,0.0,19,Acer,N,N
3825,-122.403688994465,47.6482068051071,DISTRICT7,Evergreen (Southern) Magnolia,0.0,2,Magnolia,N,N
3826,-122.322873406391,47.7086868742711,DISTRICT5,Red Oak,0.0,13,Quercus,N,N
3827,-122.355494417631,47.6951672753428,DISTRICT5,Urban Pinnacle Oak,0.0,3,Quercus,N,N
3828,-122.287541125289,47.6887756800826,DISTRICT4,English Midland Hawthorn,0.0,10,Crataegus,N,N
3829,-122.325419251985,47.6721513645472,DISTRICT6,Tuscorara Crapemyrtle,0.0,4,Lagerstroemia,N,N
3830,-122.354524898173,47.6682683532119,DISTRICT6,Common (Fruiting) Pear Tree,0.0,3,Pyrus,N,N
3831,-122.379416965734,47.5700834659832,DISTRICT1,Sorrel Tree (Sourwood),0.0,1,Oxydendrum,N,N
3832,-122.313290320293,47.6797575686191,DISTRICT4,Japanese Snowbell Tree,0.0,4,Styrax,N,N
3833,-122.356817495461,47.6380758720211,DISTRICT7,Red Sunset Red Maple,0.0,12,Acer,N,N
3834,-122.350106028648,47.6130753400863,DISTRICT7,Freeman Maple,0.0,9,Acer,N,N
3835,-122.303717110065,47.6400377121948,DISTRICT3,Pacific Sunset Maple,0.0,4,Acer,N,N
3836,-122.267449411434,47.5208847713373,DISTRICT2,Austrian Black Pine,0.0,10,Pinus,N,N
3837,-122.371638617713,47.6501953346703,DISTRICT7,Common (Eastern) Redbud,0.0,5,Cercis,N,N
3838,-122.321079125698,47.6248228232356,DISTRICT3,Ash,0.0,2,Fraxinus,N,N
3839,-122.370373641286,47.68116623518,DISTRICT6,Silk Tree/Mimosa,0.0,10,Albizia,N,N
3840,-122.3098292466,47.6299667904315,DISTRICT3,White-barked Himalayan (Jacque,0.0,2,Betula,N,N
3841,-122.321494785458,47.5290650496249,DISTRICT1,Frontier Elm,0.0,3,Ulmus,N,N
3842,-122.401097284498,47.6413149723583,DISTRICT7,Kwanzan Flowering Cherry,0.0,7,Prunus,N,N
3843,-122.41442065762,47.6540280158005,DISTRICT7,Strawberry tree,0.0,3,Arbutus,N,N
3844,-122.369842696814,47.5218063271031,DISTRICT1,Narrowleaf Ash,0.0,10,Fraxinus,N,N
3845,-122.323834901268,47.6833026211658,DISTRICT6,(European) White Birch,0.0,14,Betula,N,N
3846,-122.389986190643,47.5491201715519,DISTRICT1,Paperbark Maple,0.0,11,Acer,N,N
3847,-122.342796037573,47.6508234059296,DISTRICT4,Cleveland Norway Maple,0.0,12,Acer,N,N
3848,-122.289370744547,47.6066931624815,DISTRICT3,Norway Maple,0.0,21,Acer,N,N
3849,-122.357314606827,47.5413618113522,DISTRICT1,Red Alder,0.0,12,Alnus,N,N
3850,-122.370173024294,47.6393753421151,DISTRICT7,Eastern Dogwood,0.0,2,Cornus,N,N
3851,-122.372556884061,47.6687610065891,DISTRICT6,Red Oak,0.0,16,Quercus,N,N
3852,-122.367398870065,47.5329679352735,DISTRICT1,Black Locust,0.0,5,Robinia,N,N
3853,-122.257125514874,47.5105884249131,DISTRICT2,American Hornbeam,0.0,2,Carpinus,N,N
3854,-122.334184498348,47.6706572866789,DISTRICT6,Kousa Dogwood,0.0,7,Cornus,N,N
3855,-122.347173994334,47.6389554207655,DISTRICT7,Kwanzan Flowering Cherry,0.0,6,Prunus,N,N
3856,-122.299924842605,47.6238211640211,DISTRICT3,Common (Euro) Mountain Ash,0.0,5,Sorbus,N,N
3857,-122.279885670291,47.6302635040478,DISTRICT3,Sweetgum,0.0,3,Liquidambar,N,N
3858,-122.290799343588,47.7103109639709,DISTRICT5,Ruby Vase Persian Ironwood,0.0,1,Parrotia,N,N
3859,-122.325364149731,47.561289894847,DISTRICT2,Norway Maple,0.0,15,Acer,N,N
3860,-122.383151909261,47.5817658374918,DISTRICT1,Common (Euro) Mountain Ash,0.0,12,Sorbus,N,N
3861,-122.383594609091,47.6759217295195,DISTRICT6,English Midland Hawthorn,0.0,12,Crataegus,N,N
3862,-122.370366317201,47.6808383741722,DISTRICT6,Purpleleaf Plum variety,0.0,16,Prunus,N,N
3863,-122.360291274916,47.5638584314126,DISTRICT1,Willow,0.0,12,Salix,N,N
3864,-122.312917736779,47.6071873011243,DISTRICT3,"Ginkgo, Maidenhair Tree",0.0,4,Ginkgo,N,N
3865,-122.280503833674,47.5451450703722,DISTRICT2,American Hornbeam,0.0,2,Carpinus,N,N
3866,-122.283544108922,47.5597628005262,DISTRICT2,Pear,0.0,9,Pyrus,N,N
3867,-122.386847344295,47.6795601959521,DISTRICT6,Katsura Tree,0.0,6,Cercidiphyllum,N,N
3868,-122.404283764568,47.6659999050349,DISTRICT7,(Smooth) Japanese Maple,0.0,4,Acer,N,N
3869,-122.347460546662,47.6825195056465,DISTRICT6,English Midland Hawthorn,0.0,12,Crataegus,N,N
3870,-122.313794301271,47.5263862598517,DISTRICT1,Autumn Brilliance Serviceberry,0.0,2,Amelanchier,N,N
3871,-122.381415204714,47.6647832309319,DISTRICT6,Armstrong Freeman (Red) Maple,0.0,18,Acer,N,N
3872,-122.36110556753,47.5388208962334,DISTRICT1,Siberian Elm,0.0,18,Ulmus,N,N
3873,-122.365499999494,47.5673039990942,DISTRICT1,Callery Pear,0.0,11,Pyrus,N,N
3874,-122.370734382159,47.6744967928081,DISTRICT6,Cherry/Plum/Laurel,0.0,19,Prunus,N,N
3875,-122.351909315352,47.5609620264624,DISTRICT1,Red Maple,0.0,3,Acer,N,N
3876,-122.392482074653,47.6423574822927,DISTRICT7,Apple/Crabapple,0.0,2,Malus,N,N
3877,-122.384547295733,47.5748717559637,DISTRICT1,Autumn Flowering Cherry,0.0,2,Prunus,N,N
3878,-122.38077710531,47.5306284900325,DISTRICT1,Paperbark Maple,0.0,2,Acer,N,N
3879,-122.308974537576,47.5884706910161,DISTRICT3,Littleleaf Linden,,5,Tilia,N,N
3880,-122.375295049358,47.5221482209544,DISTRICT1,Purpleleaf Plum variety,0.0,16,Prunus,N,N
3881,-122.357086686693,47.632905891062,DISTRICT7,Red Sunset Red Maple,0.0,7,Acer,N,N
3882,-122.32339536506,47.7077865249817,DISTRICT5,Norwegian Sunset Maple,0.0,9,Acer,N,N
3883,-122.35220000103,47.6231989989801,DISTRICT7,London Plane (Tree),,23,Platanus,N,N
3884,-122.342533038155,47.6170178439931,DISTRICT7,Red Oak,0.0,7,Quercus,N,N
3885,-122.317953203623,47.7162686190653,DISTRICT5,Common (Euro) Mountain Ash,0.0,13,Sorbus,N,N
3886,-122.400425418286,47.6351797372053,DISTRICT7,(Smooth) Japanese Maple,0.0,2,Acer,N,N
3887,-122.37045437373,47.6450273452496,DISTRICT7,English Midland Hawthorn,0.0,12,Crataegus,N,N
3888,-122.404078209302,47.5796963886888,DISTRICT1,Thundercloud Purpleleaf Plum,0.0,5,Prunus,N,N
3889,-122.312661543481,47.6263594865033,DISTRICT3,Golden Rain Tree,0.0,1,Koelreuteria,N,N
3890,-122.264681111622,47.5190748435767,DISTRICT2,American Hornbeam,0.0,2,Carpinus,N,N
3891,-122.346941223209,47.652424563141,DISTRICT4,Shore Pine,0.0,12,Pinus,N,N
3892,-122.313715859495,47.5837391496239,DISTRICT2,Eastern Dogwood,0.0,2,Cornus,N,N
3893,-122.350504546259,47.5268930450089,DISTRICT1,Apple/Crabapple,0.0,4,Malus,N,N
3894,-122.279150170339,47.6675746161693,DISTRICT4,Apple/Crabapple,0.0,12,Malus,N,N
3895,-122.296907018054,47.5571306023922,DISTRICT2,"Ginkgo, Maidenhair Tree",0.0,4,Ginkgo,N,N
3896,-122.290293960715,47.5474357664274,DISTRICT2,Hawthorn,0.0,5,Crataegus,N,N
3897,-122.289898547945,47.6909700668858,DISTRICT5,Mountain Ash/Whitebeam,0.0,5,Sorbus,N,N
3898,-122.360425233117,47.5166984993342,DISTRICT1,Cherry/Plum/Laurel,0.0,6,Prunus,N,N
3899,-122.309555495286,47.5832656375661,DISTRICT2,Royal Raindrops Crabapple,0.0,2,Malus,N,N
3900,-122.303881813378,47.6396928371571,DISTRICT3,English Midland Hawthorn,0.0,7,Crataegus,N,N
3901,-122.303925138748,47.5783963869702,DISTRICT2,Chinese Fringe Tree,0.0,1,Chionanthus,N,N
3902,-122.296806631033,47.5464194999208,DISTRICT2,American Hornbeam,0.0,2,Carpinus,N,N
3903,-122.35924240652,47.6217687776771,DISTRICT7,Columnare Maple,0.0,8,Acer,N,N
3904,-122.2729586189,47.5526824581409,DISTRICT2,Paperbark Maple,0.0,2,Acer,N,N
3905,-122.332581270674,47.653300769711,DISTRICT4,Double Chinese Cherry,0.0,8,Prunus,N,N
3906,-122.373528899438,47.5677640499207,DISTRICT1,Pine,0.0,10,Pinus,N,N
3907,-122.336149058707,47.6153667519022,DISTRICT7,Bowhall Maple,0.0,8,Acer,N,N
3908,-122.359010985094,47.5324341340924,DISTRICT1,Spring Flurry Serviceberry,0.0,2,Amelanchier,N,N
3909,-122.329370868147,47.6084665666135,DISTRICT7,Littleleaf Linden,0.0,14,Tilia,N,N
3910,-122.320391541291,47.5317857057455,DISTRICT1,Doric Red Maple,0.0,25,Acer,N,N
3911,-122.373643124456,47.6419787821565,DISTRICT7,(Sweet) Mazzard Cherry,0.0,10,Prunus,N,N
3912,-122.311333086013,47.5809627437052,DISTRICT2,Washington Hawthorn,0.0,4,Crataegus,N,N
3913,-122.399909345624,47.6781701661635,DISTRICT6,Apple/Crabapple,0.0,3,Malus,N,N
3914,-122.319531570567,47.6466064017726,DISTRICT3,Sierra Plum,0.0,2,Prunus,N,N
3915,-122.371549570594,47.5441936896477,DISTRICT1,Kwanzan Flowering Cherry,0.0,5,Prunus,N,N
3916,-122.334170525313,47.6092725754828,DISTRICT7,Cleveland Norway Maple,0.0,13,Acer,N,N
3917,-122.32346776682,47.6139454532381,DISTRICT3,Katsura Tree,0.0,9,Cercidiphyllum,N,N
3918,-122.305267203362,47.6099723390176,DISTRICT3,White-barked Himalayan (Jacque,0.0,6,Betula,N,N
3919,-122.369819568007,47.5289266986349,DISTRICT1,Purpleleaf Plum variety,0.0,13,Prunus,N,N
3920,-122.364290265624,47.6346508937525,DISTRICT7,Evergreen (Southern) Magnolia,0.0,5,Magnolia,N,N
3921,-122.394603278972,47.6817215251581,DISTRICT6,English Midland Hawthorn,0.0,14,Crataegus,N,N
3922,-122.323792617141,47.5298703540907,DISTRICT1,Cherry/Plum/Laurel,0.0,4,Prunus,N,N
3923,-122.395642055805,47.6822333973853,DISTRICT6,Serviceberry,0.0,4,Amelanchier,N,N
3924,-122.323873285947,47.6480511861489,DISTRICT4,Hornbeam,0.0,8,Carpinus,N,N
3925,-122.363180896951,47.6309124302724,DISTRICT7,Japanese Snowbell Tree,0.0,7,Styrax,N,N
3926,-122.384701070115,47.5721448042475,DISTRICT1,Double Chinese Cherry,0.0,4,Prunus,N,N
3927,-122.326729145299,47.669425850816,DISTRICT6,Korean Stewartia,0.0,2,Stewartia,N,N
3928,-122.407974726726,47.5781563011699,DISTRICT1,Sycamore Maple,0.0,12,Acer,N,N
3929,-122.307579339283,47.6033971046977,DISTRICT3,"Lawson Cypress, Port Orford Cedar",0.0,11,Chamaecyparis,N,N
3930,-122.300041631313,47.5953524863927,DISTRICT3,Emerald Queen Norway Maple,0.0,13,Acer,N,N
3931,-122.254516970628,47.5116233127817,DISTRICT2,Eddie's White Wonder Dogwood,0.0,2,Cornus,N,N
3932,-122.389839269778,47.645821859227,DISTRICT7,(European) White Birch,0.0,9,Betula,N,N
3933,-122.366022926123,47.6862496894784,DISTRICT6,Common (Japanese) Zelkova,0.0,10,Zelkova,N,N
3934,-122.397324780745,47.6809879251177,DISTRICT6,(Smooth) Japanese Maple,0.0,4,Acer,N,N
3935,-122.356914870559,47.6563012012353,DISTRICT6,Moosewood Striped/Stripedbark ,0.0,10,Acer,N,N
3936,-122.330183387918,47.6758982564914,DISTRICT6,Pacific Sunset Maple,0.0,1,Acer,N,N
3937,-122.329555136762,47.6374555699682,DISTRICT4,Cherry/Plum/Laurel,0.0,6,Prunus,N,N
3938,-122.32205242732,47.5474630680506,DISTRICT2,Pin Oak,0.0,17,Quercus,N,N
3939,-122.36912976747,47.6367137249443,DISTRICT7,Paper (Canoe) Birch,0.0,30,Betula,N,N
3940,-122.289473666556,47.5579188173129,DISTRICT2,Chinese Kousa Dogwood,0.0,3,Cornus,N,N
3941,-122.363435532801,47.6929810672785,DISTRICT6,Narrowleaf Ash,0.0,8,Fraxinus,N,N
3942,-122.296439462463,47.6115133804972,DISTRICT3,Sweetgum,0.0,13,Liquidambar,N,N
3943,-122.359642179443,47.6608794533049,DISTRICT6,Japanese Snowbell Tree,0.0,7,Styrax,N,N
3944,-122.334456085319,47.6205768628116,DISTRICT7,Summit Green Ash,0.0,12,Fraxinus,N,N
3945,-122.297285713603,47.5993637232253,DISTRICT3,Marshall Green Ash,0.0,18,Fraxinus,N,N
3946,-122.33814582269,47.5595669095337,DISTRICT2,Norwegian Sunset Maple,0.0,3,Acer,N,N
3947,-122.33193853045,47.654259957067,DISTRICT4,Horse Chestnut,0.0,36,Aesculus,N,N
3948,-122.311423235266,47.5738168616666,DISTRICT2,(Smooth) Japanese Maple,0.0,13,Acer,N,N
3949,-122.360679652571,47.6746217324677,DISTRICT6,Kousa Dogwood,0.0,5,Cornus,N,N
3950,-122.410490547021,47.6713041306745,DISTRICT7,Douglas Fir,0.0,21,Pseudotsuga,N,N
3951,-122.264856896014,47.5233665695489,DISTRICT2,Pacific Sunset Maple,0.0,5,Acer,N,N
3952,-122.389409674678,47.5615784025146,DISTRICT1,Norway Maple,0.0,16,Acer,N,N
3953,-122.377318743623,47.5318948346072,DISTRICT1,Pear,0.0,3,Pyrus,N,N
3954,-122.328109008649,47.6678612634675,DISTRICT6,Wild Weeping (Higan) Cherry,0.0,4,Prunus,N,N
3955,-122.331623411408,47.623858601025,DISTRICT7,"Ginkgo, Maidenhair Tree",0.0,3,Ginkgo,N,N
3956,-122.288988780953,47.6663799465104,DISTRICT4,Norway Maple,0.0,26,Acer,N,N
3957,-122.357982045399,47.7016970888227,DISTRICT6,(Sweet) Mazzard Cherry,0.0,4,Prunus,N,N
3958,-122.315347589235,47.6610633402769,DISTRICT4,Sweetgum,0.0,13,Liquidambar,N,N
3959,-122.39564560732,47.6847579098358,DISTRICT6,Orchard (Common) Apple,0.0,13,Malus,N,N
3960,-122.357330586314,47.6359113085836,DISTRICT7,Norway Maple,0.0,8,Acer,N,N
3961,-122.388782712468,47.6897401074943,DISTRICT6,Common (Eastern) Redbud,0.0,9,Cercis,N,N
3962,-122.336063392304,47.6614624169311,DISTRICT4,Cimmaron Green Ash,0.0,5,Fraxinus,N,N
3963,-122.330338076969,47.6843690103213,DISTRICT6,(Sweet) Mazzard Cherry,0.0,4,Prunus,N,N
3964,-122.392799849787,47.6700149695594,DISTRICT6,Snowcone Japanese Snowbell,0.0,3,Styrax,N,N
3965,-122.27589240995,47.6622279518739,DISTRICT4,Unknown,0.0,9,,N,N
3966,-122.294840878512,47.6059857150731,DISTRICT3,Serviceberry,0.0,3,Amelanchier,N,N
3967,-122.277977591842,47.5305017403563,DISTRICT2,Amur Maple,0.0,6,Acer,N,N
3968,-122.269534710701,47.5376906471986,DISTRICT2,Schubert Cherry,0.0,7,Prunus,N,N
3969,-122.305412909346,47.6920770059552,DISTRICT5,Katsura Tree,0.0,2,Cercidiphyllum,N,N
3970,-122.274296730065,47.5188298978408,DISTRICT2,Pyramidal Arborvitae,0.0,1,Thuja,N,N
3971,-122.29652087627,47.6797301149817,DISTRICT4,Pin Oak,0.0,34,Quercus,N,N
3972,-122.364330592679,47.5572859039223,DISTRICT1,Hackberry Common,0.0,2,Celtis,N,N
3973,-122.311032960719,47.628645981469,DISTRICT3,Double `Scarlet` English Hawthorn,0.0,8,Crataegus,N,N
3974,-122.329429107482,47.6839669058484,DISTRICT6,Evergreen (Southern) Magnolia,0.0,2,Magnolia,N,N
3975,-122.367629545576,47.6351680606172,DISTRICT7,Callery Pear,0.0,6,Pyrus,N,N
3976,-122.329059034831,47.659751977257,DISTRICT4,Little Gem Magnolia,0.0,4,Magnolia,N,N
3977,-122.341733207068,47.531241681168,DISTRICT1,Akebono Cherry,0.0,6,Prunus,N,N
3978,-122.347505856219,47.617050500034,DISTRICT7,Sweetgum,0.0,10,Liquidambar,N,N
3979,-122.378388686181,47.5312904786027,DISTRICT1,(Smooth) Japanese Maple,0.0,2,Acer,N,N
3980,-122.331162281171,47.6059912247259,DISTRICT7,Pacific Sunset Maple,0.0,2,Acer,N,N
3981,-122.347436840709,47.6755997964368,DISTRICT6,Pacific Dogwood,0.0,3,Cornus,N,N
3982,-122.299796171569,47.6229974837848,DISTRICT3,(Smooth) Japanese Maple,0.0,2,Acer,N,N
3983,-122.265785202781,47.5534273287574,DISTRICT2,Purpleleaf Plum variety,0.0,10,Prunus,N,N
3984,-122.361840015806,47.6216903325705,DISTRICT7,Sweetgum,0.0,9,Liquidambar,N,N
3985,-122.321550922069,47.6785463633217,DISTRICT6,Shore Pine,0.0,0,Pinus,N,N
3986,-122.304262252547,47.71926852886,DISTRICT5,Green (Red) Ash,0.0,17,Fraxinus,N,N
3987,-122.334164665582,47.673695599689,DISTRICT6,Apple/Crabapple,0.0,7,Malus,N,N
3988,-122.347375024873,47.6961676413458,DISTRICT5,Double Chinese Cherry,0.0,4,Prunus,N,N
3989,-122.306881425236,47.5982691892405,DISTRICT3,Katsura Tree,0.0,2,Cercidiphyllum,N,N
3990,-122.390268999213,47.6587344226663,DISTRICT7,Dogwood,0.0,15,Cornus,N,N
3991,-122.283975077953,47.6394491767535,DISTRICT3,Sweetgum,0.0,7,Liquidambar,N,N
3992,-122.321588075846,47.6796616839859,DISTRICT6,Star Magnolia,0.0,2,Magnolia,N,N
3993,-122.292043328248,47.6230614656315,DISTRICT3,English Holly,0.0,3,Ilex,N,N
3994,-122.322485523248,47.6176121673783,DISTRICT3,Apple/Crabapple,0.0,6,Malus,N,N
3995,-122.307469386887,47.6092459796227,DISTRICT3,Sycamore Maple,0.0,15,Acer,N,N
3996,-122.308529658704,47.6994790501909,DISTRICT5,Cherry/Plum/Laurel,0.0,10,Prunus,N,N
3997,-122.376665339643,47.7024593282312,DISTRICT6,Paperbark Maple,0.0,9,Acer,N,N
3998,-122.376407082694,47.6478268416864,DISTRICT7,Red Oak,0.0,9,Quercus,N,N
3999,-122.342165760072,47.5191720312616,DISTRICT1,(Pacific) Madrona,0.0,30,Arbutus,N,N
4000,-122.311592084496,47.6094322234214,DISTRICT3,Pine,0.0,1,Pinus,N,N
4001,-122.346688985052,47.6420315201119,DISTRICT7,Red Oak,0.0,20,Quercus,N,N
4002,-122.394283705802,47.6865922194845,DISTRICT6,Autumn Brilliance Serviceberry,0.0,3,Amelanchier,N,N
4003,-122.356165906351,47.6724261693685,DISTRICT6,Callery Pear,0.0,2,Pyrus,N,N
4004,-122.29463747144,47.603582633512,DISTRICT3,Wintergold Crabapple,0.0,10,Malus,N,N
4005,-122.32967254007,47.6694365821926,DISTRICT6,(European) White Birch,0.0,1,Betula,N,N
4006,-122.334451689484,47.6218300189293,DISTRICT7,Summit Green Ash,0.0,8,Fraxinus,N,N
4007,-122.40581500524,47.6514480429478,DISTRICT7,Serviceberry,0.0,3,Amelanchier,N,N
4008,-122.382582099807,47.5499982404607,DISTRICT1,Crape myrtle,0.0,1,Lagerstroemia,N,N
4009,-122.342460677493,47.6629085294722,DISTRICT4,Purpleleaf Plum variety,0.0,11,Prunus,N,N
4010,-122.403010477,47.6450443010463,DISTRICT7,Shore Pine,0.0,6,Pinus,N,N
4011,-122.286223311666,47.5545453307681,DISTRICT2,Common Hawthorn,0.0,2,Crataegus,N,N
4012,-122.395775662482,47.6814388361294,DISTRICT6,Common Fig,0.0,5,Ficus,N,N
4013,-122.390841818452,47.5484976588124,DISTRICT1,Royal Burgundy Cherry,0.0,3,Prunus,N,N
4014,-122.295349508733,47.6251907742348,DISTRICT3,Espresso Kentucky Coffee Tree,0.0,1,Gymnocladus,N,N
4015,-122.308644218023,47.6217945650075,DISTRICT3,Kousa Dogwood,0.0,1,Cornus,N,N
4016,-122.312935720111,47.6031880511376,DISTRICT3,Purpleleaf Plum variety,0.0,12,Prunus,N,N
4017,-122.281819980039,47.6970002900262,DISTRICT5,Pagoda Dogwood,0.0,12,Cornus,N,N
4018,-122.299937458725,47.6894861150875,DISTRICT5,Vanessa Parrotia,0.0,2,Parrotia,N,N
4019,-122.407230591234,47.6505193894951,DISTRICT7,Sweetgum,0.0,12,Liquidambar,N,N
4020,-122.341733172978,47.6624007662016,DISTRICT4,Autumn Gold Ginkgo,0.0,2,Ginkgo,N,N
4021,-122.318013761307,47.6030995049994,DISTRICT3,Purpleleaf Plum variety,0.0,8,Prunus,N,N
4022,-122.352204318404,47.6159546672241,DISTRICT7,English (Hedge) Maple,0.0,3,Acer,N,N
4023,-122.275427270934,47.5566102187521,DISTRICT2,Eastern Redcedar,0.0,3,Juniperus,N,N
4024,-122.29051428336,47.6095425609557,DISTRICT3,Callery Pear,0.0,8,Pyrus,N,N
4025,-122.304461490796,47.7122762518168,DISTRICT5,Black Sugar Maple,0.0,8,Acer,N,N
4026,-122.372159346742,47.5781554134726,DISTRICT1,Tulip Tree,0.0,12,Liriodendron,N,N
4027,-122.273032668963,47.6788502776317,DISTRICT4,Japanese Snowbell Tree,0.0,2,Styrax,N,N
4028,-122.325694969804,47.6364848532231,DISTRICT4,Autumn Brilliance Serviceberry,0.0,2,Amelanchier,N,N
4029,-122.324649639181,47.5620828735471,DISTRICT2,Norway Maple,0.0,16,Acer,N,N
4030,-122.400824238572,47.6453526121608,DISTRICT7,European fruiting olive,0.0,1,Olea,N,N
4031,-122.365878470783,47.5647724343612,DISTRICT1,Largeleaf Crabapple,0.0,10,Malus,N,N
4032,-122.286268406947,47.7224097511494,DISTRICT5,European Larch,0.0,10,Larix,N,N
4033,-122.301137718265,47.5487929250929,DISTRICT2,Yoshino Cherry,0.0,20,Prunus,N,N
4034,-122.3510000006,47.6923879992638,DISTRICT5,Pacific Sunset Maple,0.0,6,Acer,N,N
4035,-122.286110054179,47.6123257357384,DISTRICT3,Red Maple,0.0,4,Acer,N,N
4036,-122.316017777446,47.5575209076581,DISTRICT2,Hawthorn,,3,Crataegus,N,N
4037,-122.300841754097,47.6817751478046,DISTRICT4,Purpleleaf Plum variety,0.0,8,Prunus,N,N
4038,-122.34954286935,47.656612662025,DISTRICT6,Oregon Ash,0.0,13,Fraxinus,N,N
4039,-122.380591765883,47.5793493099411,DISTRICT1,Thundercloud Purpleleaf Plum,0.0,9,Prunus,N,N
4040,-122.301714677042,47.6431181286671,DISTRICT3,Southern (Common) Catalpa,0.0,11,Catalpa,N,N
4041,-122.320377636177,47.7032560199141,DISTRICT5,Norway Maple,0.0,8,Acer,N,N
4042,-122.362051026376,47.6570000431029,DISTRICT6,Norway Maple,0.0,5,Acer,N,N
4043,-122.303372429819,47.6153570325911,DISTRICT3,Cherry/Plum/Laurel,0.0,5,Prunus,N,N
4044,-122.390287811517,47.5226539061991,DISTRICT1,Blireiana Purpleleaf Plum,0.0,6,Prunus,N,N
4045,-122.390387133075,47.670970075754,DISTRICT6,Blireiana Purpleleaf Plum,0.0,11,Prunus,N,N
4046,-122.38183305626,47.646639650779,DISTRICT7,(California) Incense Cedar,0.0,31,Calocedrus,N,N
4047,-122.359503921173,47.6608092875106,DISTRICT6,Apple/Crabapple,0.0,2,Malus,N,N
4048,-122.358501368127,47.6784550652307,DISTRICT6,English Midland Hawthorn,0.0,4,Crataegus,N,N
4049,-122.3640867863,47.675028248331,DISTRICT6,(European) White Birch,0.0,9,Betula,N,N
4050,-122.349733398957,47.5715584708615,DISTRICT1,Norwegian Sunset Maple,0.0,10,Acer,N,N
4051,-122.360726730973,47.6863930560008,DISTRICT6,Double Chinese Cherry,0.0,3,Prunus,N,N
4052,-122.309831461609,47.6244718075272,DISTRICT3,Red Maple,0.0,15,Acer,N,N
4053,-122.39568925758,47.6512255496569,DISTRICT7,(European) White Birch,0.0,2,Betula,N,N
4054,-122.311147861178,47.6868295638196,DISTRICT4,Norwegian Sunset Maple,0.0,3,Acer,N,N
4055,-122.369973793501,47.5442063517745,DISTRICT1,Apple Serviceberry,0.0,3,Amelanchier,N,N
4056,-122.351870119155,47.6164382856698,DISTRICT7,Galaxy Magnolia,0.0,6,Magnolia,N,N
4057,-122.326341903193,47.7271691602621,DISTRICT5,Douglas Fir,0.0,28,Pseudotsuga,N,N
4058,-122.361722550095,47.6320235536427,DISTRICT7,Purpleleaf Plum variety,0.0,12,Prunus,N,N
4059,-122.288054903302,47.6933877925964,DISTRICT5,Purpleleaf Plum variety,0.0,9,Prunus,N,N
4060,-122.31434529,47.5759343917715,DISTRICT2,Paperbark Maple,0.0,1,Acer,N,N
4061,-122.298637925057,47.6270897339543,DISTRICT3,Thundercloud Purpleleaf Plum,0.0,4,Prunus,N,N
4062,-122.363143533875,47.6251935860923,DISTRICT7,Double Chinese Cherry,0.0,9,Prunus,N,N
4063,-122.380558375641,47.5348998987099,DISTRICT1,Espresso Kentucky Coffee Tree,0.0,3,Gymnocladus,N,N
4064,-122.290121119488,47.6691849570956,DISTRICT4,Japanese Hornbeam,0.0,5,Carpinus,N,N
4065,-122.347756917513,47.6415580699566,DISTRICT7,Kwanzan Flowering Cherry,0.0,4,Prunus,N,N
4066,-122.307508947117,47.6306796186349,DISTRICT3,Tulip Tree,0.0,24,Liriodendron,N,N
4067,-122.312748880474,47.7253872802854,DISTRICT5,Littleleaf Linden,0.0,12,Tilia,N,N
4068,-122.264608055729,47.5427335137986,DISTRICT2,Common (Eastern) Redbud,0.0,1,Cercis,N,N
4069,-122.327571823708,47.6082269734595,DISTRICT7,Norway Maple,0.0,7,Acer,N,N
4070,-122.296265823429,47.7225904787065,DISTRICT5,Vine Maple,0.0,3,Acer,N,N
4071,-122.304509281281,47.5603384545848,DISTRICT2,Red Maple,0.0,12,Acer,N,N
4072,-122.292905207759,47.5807637815333,DISTRICT2,Spire Cherry,0.0,3,Prunus,N,N
4073,-122.3128497822,47.6135167275047,DISTRICT3,Blireiana Purpleleaf Plum,0.0,5,Prunus,N,N
4074,-122.361682289737,47.6481391733196,DISTRICT7,Shore Pine,0.0,23,Pinus,N,N
4075,-122.365641002552,47.6636054047334,DISTRICT6,Autumn Brilliance Serviceberry,0.0,3,Amelanchier,N,N
4076,-122.317385352385,47.6828246931897,DISTRICT4,Crimean Linden,0.0,12,Tilia,N,N
4077,-122.383933088581,47.6533432834034,DISTRICT7,(California) Incense Cedar,0.0,22,Calocedrus,N,N
4078,-122.362631241163,47.7113796039079,DISTRICT5,(Sweet) Mazzard Cherry,0.0,5,Prunus,N,N
4079,-122.368304912025,47.6693887227729,DISTRICT6,Kousa Dogwood,0.0,6,Cornus,N,N
4080,-122.347573233597,47.6618660944455,DISTRICT6,Austrian Black Pine,0.0,19,Pinus,N,N
4081,-122.302133546076,47.6430085306743,DISTRICT3,Purpleleaf Plum variety,0.0,3,Prunus,N,N
4082,-122.31127932477,47.5736465752237,DISTRICT2,Southern (Common) Catalpa,0.0,14,Catalpa,N,N
4083,-122.359173727414,47.5262733758143,DISTRICT1,Tuscorara Crapemyrtle,0.0,2,Lagerstroemia,N,N
4084,-122.334346935665,47.5746609879561,DISTRICT2,American Hornbeam,0.0,3,Carpinus,N,N
4085,-122.274567489899,47.560250089437,DISTRICT2,Leyland Cypress,0.0,5,x,N,N
4086,-122.344121521688,47.6491964028951,DISTRICT4,"Persian Ironwood, Parrotia",0.0,5,Parrotia,N,N
4087,-122.35482638516,47.5459877118282,DISTRICT1,Common (Japanese) Zelkova,0.0,7,Zelkova,N,N
4088,-122.378271071779,47.5774833667365,DISTRICT1,Western Hemlock,0.0,5,Tsuga,N,N
4089,-122.346019417652,47.6567658412194,DISTRICT4,(Smooth) Japanese Maple,0.0,8,Acer,N,N
4090,-122.392773981389,47.6684716205139,DISTRICT6,Birch,0.0,3,Betula,N,N
4091,-122.290706277026,47.6986465165298,DISTRICT5,Flame Narrowleaf Ash,0.0,27,Fraxinus,N,N
4092,-122.337464999888,47.6487050944098,DISTRICT4,Evergreen (Southern) Magnolia,0.0,5,Magnolia,N,N
4093,-122.297798930126,47.6020271184323,DISTRICT3,Whitebeam,0.0,6,Sorbus,N,N
4094,-122.397881822019,47.6744768919897,DISTRICT6,"Ginkgo, Maidenhair Tree",0.0,4,Ginkgo,N,N
4095,-122.350584031263,47.5283351899477,DISTRICT1,Tree Lilac,0.0,4,Syringa,N,N
4096,-122.349225937199,47.529983492943,DISTRICT1,Kousa Dogwood,0.0,3,Cornus,N,N
4097,-122.316503263308,47.653628458764,DISTRICT4,Village Green Zelkova,0.0,10,Zelkova,N,N
4098,-122.321006917929,47.6207996994852,DISTRICT3,Flame Narrowleaf Ash,0.0,3,Fraxinus,N,N
4099,-122.346888508201,47.6509726391011,DISTRICT4,Turkish Oak,0.0,5,Quercus,N,N
4100,-122.355613179537,47.5174776104377,DISTRICT1,Emerald Sunshine Elm,0.0,3,Ulmus,N,N
4101,-122.357769611688,47.6564043002827,DISTRICT6,Callery Pear,0.0,9,Pyrus,N,N
4102,-122.371479489729,47.5177136841667,DISTRICT1,Forest Pansy Redbud,0.0,4,Cercis,N,N
4103,-122.349310853582,47.6309806141489,DISTRICT7,Scarlet Oak,0.0,32,Quercus,N,N
4104,-122.257729615335,47.5081024504874,DISTRICT2,Cherry/Plum/Laurel,0.0,6,Prunus,N,N
4105,-122.287957488043,47.6644847062313,DISTRICT4,Apple/Crabapple,0.0,2,Malus,N,N
4106,-122.367752655515,47.6402091460944,DISTRICT7,Trident Maple,0.0,30,Acer,N,N
4107,-122.364401614593,47.5507095450468,DISTRICT1,Black Locust,0.0,9,Robinia,N,N
4108,-122.288743728525,47.5596295922908,DISTRICT2,Prairifire Crabapple,0.0,4,Malus,N,N
4109,-122.280660752895,47.5612613140695,DISTRICT2,(Smooth) Japanese Maple,0.0,4,Acer,N,N
4110,-122.296632921134,47.6044064083383,DISTRICT3,Summit Green Ash,0.0,19,Fraxinus,N,N
4111,-122.300930816274,47.6203752284468,DISTRICT3,Red Maple,0.0,23,Acer,N,N
4112,-122.355398089299,47.6584765989897,DISTRICT6,White-barked Himalayan (Jacque,0.0,9,Betula,N,N
4113,-122.358961999312,47.6402464443208,DISTRICT7,Sycamore Maple,0.0,18,Acer,N,N
4114,-122.322049518719,47.6177193346485,DISTRICT3,American Hornbeam,0.0,5,Carpinus,N,N
4115,-122.355742038753,47.6324248335588,DISTRICT7,Sweetgum,0.0,22,Liquidambar,N,N
4116,-122.376923859347,47.519694030596,DISTRICT1,European Hornbeam,0.0,21,Carpinus,N,N
4117,-122.318698155322,47.6304546457812,DISTRICT3,London Plane (Tree),0.0,48,Platanus,N,N
4118,-122.360177899016,47.6323890448058,DISTRICT7,Western (Saskatoon) Serviceberry,0.0,4,Amelanchier,N,N
4119,-122.361587068714,47.6336275823851,DISTRICT7,Katsura Tree,0.0,8,Cercidiphyllum,N,N
4120,-122.273350632592,47.527370875658,DISTRICT2,Italian Oak,0.0,2,Quercus,N,N
4121,-122.342555170313,47.620312523763,DISTRICT7,Red Maple,0.0,2,Acer,N,N
4122,-122.375757664696,47.6547755346282,DISTRICT7,(European) White Birch,0.0,10,Betula,N,N
4123,-122.354646244956,47.5497018838536,DISTRICT1,Common (Japanese) Zelkova,0.0,7,Zelkova,N,N
4124,-122.339983564275,47.6492730269586,DISTRICT4,European (Green) Beech,0.0,18,Fagus,N,N
4125,-122.397852277775,47.5572671753027,DISTRICT1,Unknown,0.0,7,,N,N
4126,-122.279538053335,47.5352690561651,DISTRICT2,Red Rage Tupelo,0.0,2,Nyssa,N,N
4127,-122.301937437519,47.6080852124039,DISTRICT3,Trident Maple,0.0,8,Acer,N,N
4128,-122.369103044487,47.5382569531668,DISTRICT1,Colorado Blue Spruce,0.0,8,Picea,N,N
4129,-122.323048187244,47.6061745984653,DISTRICT3,Scarlet Oak,0.0,2,Quercus,N,N
4130,-122.332984254918,47.5994855282488,DISTRICT2,London Plane (Tree),0.0,17,Platanus,N,N
4131,-122.370133527285,47.6421404527511,DISTRICT7,"Basswood, American Linden",0.0,26,Tilia,N,N
4132,-122.319434082002,47.5461807061034,DISTRICT2,Potomac Crape Myrtle,0.0,6,Lagerstroemia,N,N
4133,-122.308839120329,47.6701642073434,DISTRICT4,Horse Chestnut,0.0,3,Aesculus,N,N
4134,-122.287012022251,47.6196462671244,DISTRICT3,(European) White Birch,0.0,11,Betula,N,N
4135,-122.352669122866,47.6890118214733,DISTRICT6,Horse Chestnut,0.0,20,Aesculus,N,N
4136,-122.388239961374,47.571112067277,DISTRICT1,Flame Amur Maple,0.0,1,Acer,N,N
4137,-122.413367431019,47.6400567805537,DISTRICT7,(Smooth) Japanese Maple,0.0,5,Acer,N,N
4138,-122.328467352731,47.6657836073804,DISTRICT6,Apple/Crabapple,0.0,3,Malus,N,N
4139,-122.264683376454,47.5139660445399,DISTRICT2,Apple Serviceberry,0.0,2,Amelanchier,N,N
4140,-122.402750691637,47.6838629149504,DISTRICT6,Dogwood,0.0,3,Cornus,N,N
4141,-122.341215643133,47.5191764111033,DISTRICT1,(Pacific) Madrona,0.0,20,Arbutus,N,N
4142,-122.336588460886,47.6069318831116,DISTRICT7,Red Maple,0.0,16,Acer,N,N
4143,-122.403573156098,47.643437068783,DISTRICT7,Kwanzan Flowering Cherry,0.0,17,Prunus,N,N
4144,-122.360832153061,47.6404285730547,DISTRICT7,Leonard Messel Lobner Magnolia,0.0,11,Magnolia,N,N
4145,-122.304697749263,47.5609844063623,DISTRICT2,Red Maple,0.0,18,Acer,N,N
4146,-122.335140136685,47.7018738418694,DISTRICT5,Tulip Tree,0.0,9,Liriodendron,N,N
4147,-122.389528301956,47.7006085096163,DISTRICT6,Western Red Cedar,0.0,30,Thuja,N,N
4148,-122.389626313448,47.6764558237324,DISTRICT6,Japanese Snowbell Tree,0.0,3,Styrax,N,N
4149,-122.331938857024,47.671729268368,DISTRICT6,Japanese Snowbell Tree,0.0,1,Styrax,N,N
4150,-122.304265367692,47.6733348020777,DISTRICT4,Cherry/Plum/Laurel,0.0,3,Prunus,N,N
4151,-122.317662737731,47.7037644144945,DISTRICT5,Littleleaf Linden,0.0,15,Tilia,N,N
4152,-122.361840818765,47.6225458352407,DISTRICT7,American Sycamore,0.0,9,Platanus,N,N
4153,-122.330616375314,47.6096448532937,DISTRICT7,Pin Oak,0.0,18,Quercus,N,N
4154,-122.396175522716,47.560836047791,DISTRICT1,Norwegian Sunset Maple,0.0,10,Acer,N,N
4155,-122.334529869927,47.6505405691739,DISTRICT4,English Midland Hawthorn,0.0,11,Crataegus,N,N
4156,-122.355449410177,47.7318077571854,DISTRICT5,Wildfire Black Tupelo,0.0,2,Nyssa,N,N
4157,-122.39220842465,47.5671091695178,DISTRICT1,(European) White Birch,0.0,15,Betula,N,N
4158,-122.27563347402,47.5573078505732,DISTRICT2,Purpleleaf Plum variety,0.0,9,Prunus,N,N
4159,-122.294169403924,47.7247605792997,DISTRICT5,Apple/Crabapple,0.0,3,Malus,N,N
4160,-122.354506677295,47.6713259628686,DISTRICT6,Purpleleaf Plum variety,0.0,8,Prunus,N,N
4161,-122.304177891765,47.6363903996858,DISTRICT3,Purpleleaf Plum variety,0.0,3,Prunus,N,N
4162,-122.391752465126,47.6339541196446,DISTRICT7,Paperbark Maple,0.0,6,Acer,N,N
4163,-122.352562124384,47.6918886531839,DISTRICT6,Callery Pear,0.0,4,Pyrus,N,N
4164,-122.347141620093,47.6530041386719,DISTRICT4,Pin Oak,0.0,12,Quercus,N,N
4165,-122.297905202185,47.6076841206303,DISTRICT3,Norway Maple,0.0,6,Acer,N,N
4166,-122.293773804011,47.6037203075377,DISTRICT3,Profusion Crabapple,0.0,10,Malus,N,N
4167,-122.347717689132,47.6832619165722,DISTRICT6,Purpleleaf Plum variety,0.0,4,Prunus,N,N
4168,-122.274108992267,47.538930746779,DISTRICT2,Magnolia,0.0,1,Magnolia,N,N
4169,-122.314760330953,47.6216772150143,DISTRICT3,Autumn Brilliance Serviceberry,0.0,3,Amelanchier,N,N
4170,-122.338033140067,47.6978378460038,DISTRICT5,Tulip Tree,0.0,8,Liriodendron,N,N
4171,-122.305621062235,47.5631452615518,DISTRICT2,Sargent Cherry,0.0,11,Prunus,N,N
4172,-122.354213694517,47.6238572432536,DISTRICT7,London Plane (Tree),0.0,13,Platanus,N,N
4173,-122.409719095518,47.6433899913752,DISTRICT7,Kousa Dogwood,0.0,6,Cornus,N,N
4174,-122.305792438425,47.5600315737877,DISTRICT2,Greencolumn Black Sugar Maple,0.0,4,Acer,N,N
4175,-122.313878014242,47.7130678400159,DISTRICT5,Littleleaf Linden,0.0,13,Tilia,N,N
4176,-122.312398920026,47.6336218445079,DISTRICT3,Village Green Zelkova,0.0,3,Zelkova,N,N
4177,-122.376613798978,47.6765417765657,DISTRICT6,Greenspire Littleleaf Linden,0.0,7,Tilia,N,N
4178,-122.398295787781,47.6530367447406,DISTRICT7,Cherry/Plum/Laurel,0.0,7,Prunus,N,N
4179,-122.349229280157,47.6408474868852,DISTRICT7,Horse Chestnut,0.0,30,Aesculus,N,N
4180,-122.328886974307,47.6606306999728,DISTRICT4,Katsura Tree,0.0,11,Cercidiphyllum,N,N
4181,-122.25668114149,47.5097551619558,DISTRICT2,Callery Pear,0.0,5,Pyrus,N,N
4182,-122.406212584787,47.6757226309157,DISTRICT6,Dogwood,0.0,2,Cornus,N,N
4183,-122.3740954894,47.6702213433016,DISTRICT6,Purpleleaf Plum variety,0.0,12,Prunus,N,N
4184,-122.314547438581,47.6176726067606,DISTRICT3,English Midland Hawthorn,0.0,15,Crataegus,N,N
4185,-122.365567033727,47.5602816739151,DISTRICT1,Common (Eastern) Redbud,0.0,2,Cercis,N,N
4186,-122.321180031362,47.6478750636181,DISTRICT3,English Midland Hawthorn,0.0,7,Crataegus,N,N
4187,-122.358109352615,47.6946760515152,DISTRICT6,London Plane (Tree),0.0,16,Platanus,N,N
4188,-122.339072393646,47.6138856907634,DISTRICT7,Norway Maple,0.0,5,Acer,N,N
4189,-122.400269978795,47.6504969682451,DISTRICT7,(Smooth) Japanese Maple,0.0,8,Acer,N,N
4190,-122.400775249705,47.649576570968,DISTRICT7,Norwegian Sunset Maple,0.0,8,Acer,N,N
4191,-122.346794003917,47.6778352212307,DISTRICT6,Eastern Dogwood,0.0,10,Cornus,N,N
4192,-122.381591287384,47.5608337273405,DISTRICT1,Norwegian Sunset Maple,0.0,2,Acer,N,N
4193,-122.318783039161,47.7200343023355,DISTRICT5,Green (Red) Ash,0.0,20,Fraxinus,N,N
4194,-122.294201601586,47.5375051365841,DISTRICT2,Yellowwood,0.0,2,Cladrastis,N,N
4195,-122.314581972872,47.5785116599319,DISTRICT2,Vanessa Parrotia,0.0,1,Parrotia,N,N
4196,-122.388023289228,47.5663029885204,DISTRICT1,Frontier Elm,0.0,1,Ulmus,N,N
4197,-122.335085034743,47.6622461371716,DISTRICT4,Norway Maple,0.0,19,Acer,N,N
4198,-122.305303963633,47.6859805678714,DISTRICT4,Chinese Fan (Windmill) Palm,0.0,10,Trachycarpus,N,N
4199,-122.293091785553,47.616486459287,DISTRICT3,Common Hawthorn,0.0,13,Crataegus,N,N
4200,-122.308876372658,47.6039489248533,DISTRICT3,Double Chinese Cherry,0.0,4,Prunus,N,N
4201,-122.30795287097,47.5702702426073,DISTRICT2,Sugar Maple,0.0,25,Acer,N,N
4202,-122.304331873382,47.6016104113481,DISTRICT3,Cavalier Norway Maple,0.0,14,Acer,N,N
4203,-122.372649180322,47.5309552757079,DISTRICT1,Kousa Dogwood,0.0,2,Cornus,N,N
4204,-122.345002319191,47.629145919451,DISTRICT7,Norway Maple,0.0,4,Acer,N,N
4205,-122.314379425941,47.6181683230254,DISTRICT3,Vine Maple,0.0,10,Acer,N,N
4206,-122.380726876024,47.5323542884633,DISTRICT1,Kwanzan Flowering Cherry,0.0,23,Prunus,N,N
4207,-122.314831207597,47.5705311119765,DISTRICT2,State Street Maple,0.0,2,Acer,N,N
4208,-122.299338003609,47.6079240080714,DISTRICT3,Red Sunset Red Maple,0.0,22,Acer,N,N
4209,-122.311311264804,47.6202873129847,DISTRICT3,London Plane (Tree),0.0,14,Platanus,N,N
4210,-122.368468635602,47.5299320943574,DISTRICT1,Blireiana Purpleleaf Plum,0.0,6,Prunus,N,N
4211,-122.336195692505,47.6649589304934,DISTRICT6,Pyramidal (Pyramidal European),0.0,15,Carpinus,N,N
4212,-122.315687775259,47.637694371011,DISTRICT3,Apple/Crabapple,0.0,7,Malus,N,N
4213,-122.31946774768,47.6126322668951,DISTRICT3,Princeton Elm,0.0,2,Ulmus,N,N
4214,-122.376863897488,47.521951423632,DISTRICT1,European Hornbeam,0.0,10,Carpinus,N,N
4215,-122.374868378856,47.6943080428546,DISTRICT6,Red Maple,0.0,13,Acer,N,N
4216,-122.349949172702,47.6844468535517,DISTRICT6,Spring Showers Snowbell,0.0,1,Styrax,N,N
4217,-122.349919673353,47.6898408870507,DISTRICT6,"Ginkgo, Maidenhair Tree",0.0,1,Ginkgo,N,N
4218,-122.305048939366,47.7065691364313,DISTRICT5,Western Red Cedar,0.0,37,Thuja,N,N
4219,-122.302388114372,47.5913114765071,DISTRICT3,Oak,0.0,9,Quercus,N,N
4220,-122.305932786021,47.6237216542805,DISTRICT3,English Holly,0.0,20,Ilex,N,N
4221,-122.389793014513,47.5504963858743,DISTRICT1,Western Hemlock,0.0,3,Tsuga,N,N
4222,-122.334056859462,47.703042492392,DISTRICT5,Tulip Tree,0.0,13,Liriodendron,N,N
4223,-122.347756811969,47.6155578499326,DISTRICT7,Italian Oak,0.0,3,Quercus,N,N
4224,-122.355423519699,47.6904338196285,DISTRICT6,Red Maple,0.0,11,Acer,N,N
4225,-122.345802451482,47.5173850169699,DISTRICT7,Scarlet Oak,0.0,2,Quercus,N,N
4226,-122.299892637418,47.6033088433724,DISTRICT3,Kousa Dogwood,0.0,4,Cornus,N,N
4227,-122.377177043847,47.5710469097668,DISTRICT1,Norwegian Sunset Maple,0.0,2,Acer,N,N
4228,-122.290565148062,47.5539914009643,DISTRICT2,Flame Amur Maple,0.0,1,Acer,N,N
4229,-122.358277632627,47.6276514794383,DISTRICT7,Western Red Cedar,0.0,9,Thuja,N,N
4230,-122.321590833121,47.6098896997868,DISTRICT3,Red Maple,0.0,16,Acer,N,N
4231,-122.261404058405,47.5274736202797,DISTRICT2,Common Hibiscus,0.0,2,Hibiscus,N,N
4232,-122.343049606717,47.6898827499433,DISTRICT6,English Midland Hawthorn,0.0,7,Crataegus,N,N
4233,-122.395042261042,47.5564969099542,DISTRICT1,Silver (Silverleaf) Maple,0.0,22,Acer,N,N
4234,-122.29624113679,47.7207567230622,DISTRICT5,Callery Pear,0.0,8,Pyrus,N,N
4235,-122.31953105676,47.6211319432743,DISTRICT3,Swedish Birch,0.0,10,Betula,N,N
4236,-122.313372426328,47.5654591629392,DISTRICT2,European (Green) Beech,0.0,12,Fagus,N,N
4237,-122.367342808563,47.6880867783099,DISTRICT6,Japanese Snowbell Tree,0.0,4,Styrax,N,N
4238,-122.301399999639,47.5876669984882,DISTRICT3,Red Maple,0.0,8,Acer,N,N
4239,-122.325025497407,47.6349216296057,DISTRICT4,English (Hedge) Maple,0.0,11,Acer,N,N
4240,-122.357686544189,47.64137822422,DISTRICT7,Cockspur Hawthorn,0.0,4,Crataegus,N,N
4241,-122.355355117439,47.6623198320419,DISTRICT6,Cherry/Plum/Laurel,0.0,4,Prunus,N,N
4242,-122.357171491752,47.6346630969271,DISTRICT7,(Smooth) Japanese Maple,0.0,10,Acer,N,N
4243,-122.295399761308,47.5932011697649,DISTRICT3,Serviceberry,0.0,3,Amelanchier,N,N
4244,-122.323221419397,47.5272624044483,DISTRICT1,Common (Eastern) Redbud,0.0,1,Cercis,N,N
4245,-122.29969000322,47.7101167027758,DISTRICT5,Douglas Fir,0.0,10,Pseudotsuga,N,N
4246,-122.394169047848,47.6365197904403,DISTRICT7,Purpleleaf Plum variety,0.0,5,Prunus,N,N
4247,-122.394999999729,47.5582179988098,DISTRICT1,Apple Serviceberry,0.0,1,Amelanchier,N,N
4248,-122.361167836775,47.6336104583548,DISTRICT7,White Poplar,0.0,1,Populus,N,N
4249,-122.371761595899,47.6326036052503,DISTRICT7,Japanese Snowbell Tree,0.0,5,Styrax,N,N
4250,-122.352034025856,47.6146126280149,DISTRICT7,Norway Maple,0.0,8,Acer,N,N
4251,-122.3519279998,47.5273207409634,DISTRICT1,White Spruce,0.0,1,Picea,N,N
4252,-122.294217914451,47.5817804237605,DISTRICT3,Japanese Snowbell Tree,0.0,9,Styrax,N,N
4253,-122.35199095546,47.6604992611802,DISTRICT6,Emerald Sunshine Elm,0.0,2,Ulmus,N,N
4254,-122.333729176461,47.6573830048774,DISTRICT4,Double Chinese Cherry,0.0,7,Prunus,N,N
4255,-122.384275663882,47.7012325522721,DISTRICT6,Strawberry tree,0.0,14,Arbutus,N,N
4256,-122.350499999101,47.6405609988355,DISTRICT7,Horse Chestnut,,28,Aesculus,N,N
4257,-122.287270072393,47.5709565687038,DISTRICT2,Village Green Zelkova,0.0,2,Zelkova,N,N
4258,-122.366468888459,47.6394749952601,DISTRICT7,Katsura Tree,0.0,3,Cercidiphyllum,N,N
4259,-122.370762562646,47.6459032362406,DISTRICT7,Common (Eastern) Redbud,0.0,5,Cercis,N,N
4260,-122.363415454029,47.6955639448199,DISTRICT6,Common (Euro) Mountain Ash,0.0,2,Sorbus,N,N
4261,-122.392996971067,47.539326824185,DISTRICT1,Common (Euro) Mountain Ash,0.0,12,Sorbus,N,N
4262,-122.296069921347,47.6227140537986,DISTRICT3,Dawyck Purple Beech,0.0,12,Fagus,N,N
4263,-122.311346867505,47.6129988261592,DISTRICT3,Bigleaf Maple,0.0,24,Acer,N,N
4264,-122.357806348089,47.5329797104638,DISTRICT1,Chanticleer Pear,0.0,4,Pyrus,N,N
4265,-122.334235660963,47.6253117514733,DISTRICT3,Summit Green Ash,0.0,4,Fraxinus,N,N
4266,-122.293566965022,47.5448481650057,DISTRICT2,(American) Arborvitae,0.0,1,Thuja,N,N
4267,-122.294121379326,47.5840471705468,DISTRICT3,Vesuvius Purpleleaf Plum,0.0,9,Prunus,N,N
4268,-122.360865690621,47.7266324435829,DISTRICT5,Common (Euro) Mountain Ash,0.0,16,Sorbus,N,N
4269,-122.295977623783,47.5386811937946,DISTRICT2,European (Green) Beech,0.0,6,Fagus,N,N
4270,-122.40933908823,47.6450334104703,DISTRICT7,English Midland Hawthorn,0.0,6,Crataegus,N,N
4271,-122.288196072064,47.6163051167183,DISTRICT3,Common (Euro) Mountain Ash,0.0,2,Sorbus,N,N
4272,-122.275310804348,47.5419987099594,DISTRICT2,Spire Cherry,0.0,7,Prunus,N,N
4273,-122.318107093527,47.6185626283337,DISTRICT3,Honey Locust,0.0,6,Gleditsia,N,N
4274,-122.325336976972,47.6341991306388,DISTRICT4,English (Hedge) Maple,0.0,8,Acer,N,N
4275,-122.40355941476,47.645850353477,DISTRICT7,(Smooth) Japanese Maple,0.0,6,Acer,N,N
4276,-122.320482625597,47.5318398986979,DISTRICT1,Doric Red Maple,0.0,5,Acer,N,N
4277,-122.376482204623,47.6507756919508,DISTRICT7,Norwegian Sunset Maple,0.0,9,Acer,N,N
4278,-122.320637994562,47.6087812179946,DISTRICT3,Flame Narrowleaf Ash,0.0,8,Fraxinus,N,N
4279,-122.284343764227,47.5389496793647,DISTRICT2,London Plane (Tree),0.0,22,Platanus,N,N
4280,-122.34525240151,47.6913369747399,DISTRICT5,European (Fruiting) Plum,0.0,8,Prunus,N,N
4281,-122.354559587258,47.6832585249086,DISTRICT6,Callery Pear,0.0,2,Pyrus,N,N
4282,-122.375210962899,47.5253771451222,DISTRICT1,Elm,0.0,4,Ulmus,N,N
4283,-122.308654550199,47.6213008723732,DISTRICT3,Eastern Dogwood,0.0,3,Cornus,N,N
4284,-122.308783646299,47.6127490946647,DISTRICT3,Purpleleaf Plum variety,0.0,2,Prunus,N,N
4285,-122.316142494798,47.6384178208842,DISTRICT3,Kwanzan Flowering Cherry,0.0,2,Prunus,N,N
4286,-122.286178310465,47.7028760842634,DISTRICT5,(Smooth) Japanese Maple,0.0,6,Acer,N,N
4287,-122.342044557314,47.5300593084148,DISTRICT1,Black Cottonwood,0.0,16,Populus,N,N
4288,-122.392357871037,47.6523073135264,DISTRICT7,Dogwood,0.0,4,Cornus,N,N
4289,-122.347840224148,47.6592923851798,DISTRICT6,Apple/Crabapple,0.0,7,Malus,N,N
4290,-122.281133106957,47.5569875477246,DISTRICT2,Forest Pansy Redbud,0.0,3,Cercis,N,N
4291,-122.310149717435,47.6095375208079,DISTRICT3,Bigleaf Maple,0.0,38,Acer,N,N
4292,-122.375465177332,47.7050596650354,DISTRICT6,Red Alder,0.0,21,Alnus,N,N
4293,-122.316897313612,47.6047241598183,DISTRICT3,Pacific Sunset Maple,0.0,8,Acer,N,N
4294,-122.297432872677,47.6900271690454,DISTRICT5,American Hornbeam,0.0,3,Carpinus,N,N
4295,-122.356129468237,47.6548236547627,DISTRICT6,Dogwood,0.0,7,Cornus,N,N
4296,-122.312836990632,47.6143271349887,DISTRICT3,London Plane (Tree),0.0,34,Platanus,N,N
4297,-122.334187131187,47.6469612821935,DISTRICT4,London Plane (Tree),0.0,13,Platanus,N,N
4298,-122.371560904225,47.6804475996964,DISTRICT6,Emperor 'Woodstock' Ginkgo,0.0,2,Ginkgo,N,N
4299,-122.290077843736,47.6662782812341,DISTRICT4,English Holly,0.0,2,Ilex,N,N
4300,-122.310090701285,47.6122059613209,DISTRICT3,Purpleleaf Plum variety,0.0,8,Prunus,N,N
4301,-122.36052459913,47.6822936388577,DISTRICT6,Purpleleaf Plum variety,0.0,15,Prunus,N,N
4302,-122.33713483443,47.6868707118668,DISTRICT6,Red Maple,0.0,4,Acer,N,N
4303,-122.404595388572,47.6800073850559,DISTRICT6,Scarlet Sentinel Freeman Maple,0.0,5,Acer,N,N
4304,-122.27141668728,47.6630029434044,DISTRICT4,Honey Locust,0.0,6,Gleditsia,N,N
4305,-122.314039952406,47.7176616306664,DISTRICT5,American (White) Elm,0.0,23,Ulmus,N,N
4306,-122.33682911159,47.5407446861789,DISTRICT1,Greencolumn Black Sugar Maple,0.0,3,Acer,N,N
4307,-122.363882955813,47.5537831352405,DISTRICT1,Pin Oak,0.0,7,Quercus,N,N
4308,-122.377586412017,47.5311611795959,DISTRICT1,Wireless Zelkova,0.0,4,Zelkova,N,N
4309,-122.273482589709,47.5191032177907,DISTRICT2,Thundercloud Purpleleaf Plum,0.0,7,Prunus,N,N
4310,-122.380045484694,47.6801234929904,DISTRICT6,(Smooth) Japanese Maple,0.0,4,Acer,N,N
4311,-122.343353241699,47.6294886228635,DISTRICT7,Pacific Sunset Maple,0.0,4,Acer,N,N
4312,-122.341073611437,47.6302455677328,DISTRICT7,Red Maple,0.0,3,Acer,N,N
4313,-122.352527245101,47.6912312648048,DISTRICT6,Japanese Hornbeam,0.0,6,Carpinus,N,N
4314,-122.303631911283,47.5844450332821,DISTRICT2,Sugar Maple,0.0,11,Acer,N,N
4315,-122.337428111082,47.6512101423436,DISTRICT4,Sour (Pie) Cherry,0.0,5,Prunus,N,N
4316,-122.368786208441,47.6781928973808,DISTRICT6,Freeman Maple,0.0,3,Acer,N,N
4317,-122.276051578199,47.5242216475281,DISTRICT2,Black Cottonwood,0.0,60,Populus,N,N
4318,-122.389862017166,47.672421237131,DISTRICT6,Western Red Cedar,0.0,30,Thuja,N,N
4319,-122.379662486293,47.6639244529617,DISTRICT6,Pin Oak,0.0,23,Quercus,N,N
4320,-122.359037429969,47.5286238273166,DISTRICT1,Tuscorara Crapemyrtle,0.0,2,Lagerstroemia,N,N
4321,-122.286847629667,47.6644220980528,DISTRICT4,Redflower Horse Chestnut,0.0,1,Aesculus,N,N
4322,-122.255561138915,47.5052051870824,DISTRICT2,Crimson Cloud Hawthorn,0.0,2,Crataegus,N,N
4323,-122.376773849001,47.5314186123194,DISTRICT1,Green (Red) Ash,0.0,6,Fraxinus,N,N
4324,-122.267215875934,47.5361006475968,DISTRICT2,Village Green Zelkova,0.0,15,Zelkova,N,N
4325,-122.37108997477,47.5500749885986,DISTRICT1,Callery Pear,0.0,4,Pyrus,N,N
4326,-122.350593212493,47.61443869698,DISTRICT7,Wildfire Black Tupelo,0.0,2,Nyssa,N,N
4327,-122.313435842471,47.5779274315819,DISTRICT2,Largeleaf Crabapple,0.0,4,Malus,N,N
4328,-122.318139957547,47.6815233834782,DISTRICT4,Norway Maple,0.0,15,Acer,N,N
4329,-122.363260191337,47.6629704814942,DISTRICT6,Tulip Tree,0.0,1,Liriodendron,N,N
4330,-122.35807398224,47.6911893613152,DISTRICT6,"Tupelo, Sour Gum",0.0,4,Nyssa,N,N
4331,-122.338718829826,47.6547847436343,DISTRICT4,Golden Rain Tree,0.0,10,Koelreuteria,N,N
4332,-122.38319889137,47.5487222058837,DISTRICT1,Pacific Sunset Maple,0.0,6,Acer,N,N
4333,-122.37614969724,47.5532094455669,DISTRICT1,Douglas Fir,0.0,19,Pseudotsuga,N,N
4334,-122.364834876453,47.553681558654,DISTRICT1,Black Hawthorn,0.0,7,Crataegus,N,N
4335,-122.37541445338,47.5232205735018,DISTRICT1,Raywood Narrowleaf Ash,0.0,6,Fraxinus,N,N
4336,-122.371016083677,47.632234805594,DISTRICT7,(Smooth) Japanese Maple,0.0,7,Acer,N,N
4337,-122.373742849827,47.5676186456074,DISTRICT1,English Midland Hawthorn,0.0,17,Crataegus,N,N
4338,-122.383356047691,47.5291376743721,DISTRICT1,Blireiana Purpleleaf Plum,0.0,6,Prunus,N,N
4339,-122.318711148215,47.6874297210055,DISTRICT4,(Smooth) Japanese Maple,0.0,9,Acer,N,N
4340,-122.354461172041,47.6358673991808,DISTRICT7,Redspire Pear,0.0,7,Pyrus,N,N
4341,-122.295670182833,47.5621168047995,DISTRICT2,Eddie's White Wonder Dogwood,0.0,2,Cornus,N,N
4342,-122.393028209715,47.6979190421301,DISTRICT6,Western Red Cedar,0.0,12,Thuja,N,N
4343,-122.326922220895,47.6894599196065,DISTRICT4,Serviceberry,0.0,3,Amelanchier,N,N
4344,-122.378980594999,47.5792316122823,DISTRICT1,State Street Maple,0.0,2,Acer,N,N
4345,-122.288097551555,47.6638330688544,DISTRICT4,English Midland Hawthorn,0.0,9,Crataegus,N,N
4346,-122.256951018823,47.5135573278566,DISTRICT2,American Hornbeam,0.0,1,Carpinus,N,N
4347,-122.305736302781,47.580219983338,DISTRICT2,Golden Rain Tree,0.0,1,Koelreuteria,N,N
4348,-122.367870063711,47.6290614203462,DISTRICT7,Western Hemlock,0.0,12,Tsuga,N,N
4349,-122.376006391684,47.5639030979038,DISTRICT1,"Persian Ironwood, Parrotia",0.0,4,Parrotia,N,N
4350,-122.338339523371,47.6187593465932,DISTRICT7,Horse Chestnut,0.0,9,Aesculus,N,N
4351,-122.366030541864,47.6846325727704,DISTRICT6,Village Green Zelkova,0.0,11,Zelkova,N,N
4352,-122.297195393341,47.5393647187356,DISTRICT2,Red Maple,0.0,8,Acer,N,N
4353,-122.371357666856,47.5231443336591,DISTRICT1,Redspire Pear,0.0,2,Pyrus,N,N
4354,-122.288474687024,47.6604857836478,DISTRICT4,Blireiana Purpleleaf Plum,0.0,4,Prunus,N,N
4355,-122.341363482073,47.684818647028,DISTRICT6,Sweetgum,0.0,1,Liquidambar,N,N
4356,-122.365262838196,47.6499280104186,DISTRICT7,Eastern Dogwood,0.0,6,Cornus,N,N
4357,-122.399772697937,47.6377759393991,DISTRICT7,Forest Pansy Redbud,0.0,11,Cercis,N,N
4358,-122.312842640243,47.6132188674217,DISTRICT3,European Smoke Tree,0.0,4,Cotinus,N,N
4359,-122.316622119056,47.6140333047749,DISTRICT3,Kimberly Ash,0.0,14,Fraxinus,N,N
4360,-122.352505218925,47.6255097793208,DISTRICT7,"Persian Ironwood, Parrotia",0.0,1,Parrotia,N,N
4361,-122.305242306414,47.6814010393543,DISTRICT4,Cherry/Plum/Laurel,0.0,5,Prunus,N,N
4362,-122.392726384084,47.582106587382,DISTRICT1,Japanese Snowbell Tree,0.0,1,Styrax,N,N
4363,-122.335095383741,47.6576157205931,DISTRICT4,Red Maple,0.0,13,Acer,N,N
4364,-122.370685660294,47.5228149227762,DISTRICT1,Cherry/Plum/Laurel,0.0,6,Prunus,N,N
4365,-122.329481540164,47.5937484393834,DISTRICT2,Pine,0.0,6,Pinus,N,N
4366,-122.355491217467,47.6424283493988,DISTRICT7,European Hornbeam,0.0,2,Carpinus,N,N
4367,-122.301834120364,47.5979231391515,DISTRICT3,Crimean Linden,0.0,5,Tilia,N,N
4368,-122.362172134075,47.6869957435083,DISTRICT6,Washington Hawthorn,0.0,7,Crataegus,N,N
4369,-122.387064171395,47.5892832527937,DISTRICT1,Washington Hawthorn,0.0,1,Crataegus,N,N
4370,-122.288774895713,47.6612058289664,DISTRICT4,Sweetgum,0.0,11,Liquidambar,N,N
4371,-122.310974430997,47.5760388165307,DISTRICT2,(American) Arborvitae,0.0,22,Thuja,N,N
4372,-122.270313044003,47.6743219843197,DISTRICT4,Kwanzan Flowering Cherry,0.0,14,Prunus,N,N
4373,-122.333530154286,47.6087136626919,DISTRICT7,Frontier Elm,0.0,5,Ulmus,N,N
4374,-122.391415411455,47.6912424809677,DISTRICT6,Rhodendron,0.0,5,Rhodendron,N,N
4375,-122.285904318428,47.5332824411562,DISTRICT2,Paperbark Maple,0.0,2,Acer,N,N
4376,-122.366694467148,47.6897557529637,DISTRICT6,Western Red Cedar,60.0,32,Thuja,Y,N
4377,-122.347967936328,47.5291012062067,DISTRICT1,"Persian Ironwood, Parrotia",0.0,1,Parrotia,N,N
4378,-122.36729446728,47.6593355360394,DISTRICT6,De Groot Littleleaf Linden,0.0,8,Tilia,N,N
4379,-122.329416241276,47.5477484074247,DISTRICT2,Red Maple,0.0,19,Acer,N,N
4380,-122.351388142084,47.656728750995,DISTRICT6,"Persian Ironwood, Parrotia",0.0,6,Parrotia,N,N
4381,-122.312513117537,47.5579524432745,DISTRICT2,Japanese Tree Lilac,0.0,2,Syringa,N,N
4382,-122.324459711306,47.6590024027331,DISTRICT4,Norwegian Sunset Maple,0.0,12,Acer,N,N
4383,-122.331758766408,47.5925023854126,DISTRICT7,London Plane (Tree),0.0,13,Platanus,N,N
4384,-122.361640713743,47.5544358760294,DISTRICT1,Bigleaf Maple,0.0,7,Acer,N,N
4385,-122.376227145564,47.6791722194492,DISTRICT6,Blireiana Purpleleaf Plum,0.0,7,Prunus,N,N
4386,-122.358961039078,47.7250182145213,DISTRICT5,English Midland Hawthorn,0.0,2,Crataegus,N,N
4387,-122.353615753371,47.5246510786554,DISTRICT1,Chanticleer Pear,0.0,4,Pyrus,N,N
4388,-122.381783586493,47.545108046638,DISTRICT1,Chinese Kousa Dogwood,0.0,2,Cornus,N,N
4389,-122.308801787537,47.5606874798539,DISTRICT2,Eddie's White Wonder Dogwood,0.0,2,Cornus,N,N
4390,-122.304352591439,47.6478956972076,DISTRICT4,Goldenchain,0.0,6,Laburnum,N,N
4391,-122.337599240745,47.6618471736815,DISTRICT4,European Hornbeam,0.0,14,Carpinus,N,N
4392,-122.329736721628,47.6513932423708,DISTRICT4,(American) Arborvitae,0.0,3,Thuja,N,N
4393,-122.340475579749,47.6642412504514,DISTRICT4,English (Hedge) Maple,0.0,14,Acer,N,N
4394,-122.325660729069,47.6674171964037,DISTRICT6,Tuscorara Crapemyrtle,0.0,2,Lagerstroemia,N,N
4395,-122.281931069083,47.6355432127734,DISTRICT3,Mountain Hemlock,0.0,4,Tsuga,N,N
4396,-122.361370771347,47.6861581873146,DISTRICT6,Katsura Tree,0.0,13,Cercidiphyllum,N,N
4397,-122.333096447383,47.6896165797067,DISTRICT6,Kwanzan Flowering Cherry,0.0,5,Prunus,N,N
4398,-122.293438079988,47.7220269700541,DISTRICT5,Pacific Sunset Maple,0.0,9,Acer,N,N
4399,-122.405292439157,47.6522161314807,DISTRICT7,(Smooth) Japanese Maple,0.0,4,Acer,N,N
4400,-122.376022839014,47.6389091452684,DISTRICT7,Pacific Sunset Maple,0.0,3,Acer,N,N
4401,-122.297623489018,47.6244814509758,DISTRICT3,Serviceberry,0.0,12,Amelanchier,N,N
4402,-122.320860572649,47.6053686787448,DISTRICT3,White Ash,0.0,6,Fraxinus,N,N
4403,-122.381134874348,47.6833695588178,DISTRICT6,Katsura Tree,0.0,6,Cercidiphyllum,N,N
4404,-122.35032216206,47.5210636325555,DISTRICT1,Flame Narrowleaf Ash,0.0,3,Fraxinus,N,N
4405,-122.335731996206,47.6234864415073,DISTRICT7,"Tupelo, Sour Gum",0.0,4,Nyssa,N,N
4406,-122.395848988965,47.6802884161407,DISTRICT6,Apple Serviceberry,0.0,4,Amelanchier,N,N
4407,-122.318776062709,47.6743517811291,DISTRICT4,"Tupelo, Sour Gum",0.0,2,Nyssa,N,N
4408,-122.283885298753,47.6804482962401,DISTRICT4,Thundercloud Purpleleaf Plum,0.0,2,Prunus,N,N
4409,-122.395769964807,47.6782053481754,DISTRICT6,Autumn Brilliance Serviceberry,0.0,2,Amelanchier,N,N
4410,-122.325956952599,47.6359914778083,DISTRICT4,American Hornbeam,0.0,3,Carpinus,N,N
4411,-122.358308954361,47.6610469666743,DISTRICT6,Kousa Dogwood,0.0,3,Cornus,N,N
4412,-122.296173307407,47.5623723934805,DISTRICT2,Musashino Zelkova,0.0,2,Zelkova,N,N
4413,-122.311620941262,47.6088531312646,DISTRICT3,Dogwood,0.0,7,Cornus,N,N
4414,-122.263449914707,47.5421401905596,DISTRICT2,Paperbark Maple,0.0,2,Acer,N,N
4415,-122.360783566937,47.6383434682514,DISTRICT7,Double Chinese Cherry,0.0,7,Prunus,N,N
4416,-122.310505410295,47.6794563418484,DISTRICT4,(Smooth) Japanese Maple,0.0,7,Acer,N,N
4417,-122.367833894993,47.6475805704793,DISTRICT7,Common Lilac,0.0,4,Syringa,N,N
4418,-122.373984838117,47.5308102168733,DISTRICT1,Yellowwood,0.0,1,Cladrastis,N,N
4419,-122.368502387403,47.6907077373601,DISTRICT6,Norway Maple,0.0,7,Acer,N,N
4420,-122.298760033004,47.6201413986555,DISTRICT3,Higan (Spring) Cherry,0.0,4,Prunus,N,N
4421,-122.337159633701,47.6149846962703,DISTRICT7,Bowhall Maple,0.0,8,Acer,N,N
4422,-122.350597132768,47.6738239786186,DISTRICT6,Double Chinese Cherry,0.0,11,Prunus,N,N
4423,-122.362647627174,47.6671352887279,DISTRICT6,Sweetgum,0.0,13,Liquidambar,N,N
4424,-122.312547730394,47.7252545754353,DISTRICT5,Littleleaf Linden,0.0,12,Tilia,N,N
4425,-122.301793306224,47.7057635601976,DISTRICT5,Bigleaf Maple,0.0,10,Acer,N,N
4426,-122.310568498944,47.577154140144,DISTRICT2,Bigleaf Maple,0.0,46,Acer,N,N
4427,-122.381348130345,47.5895229733737,DISTRICT1,Carriere (Lavallei) Hawthorn,0.0,3,Crataegus,N,N
4428,-122.348558707176,47.660999276885,DISTRICT6,Katsura Tree,0.0,8,Cercidiphyllum,N,N
4429,-122.358099998769,47.7080989984327,DISTRICT5,Common Serviceberry,0.0,2,Amelanchier,N,N
4430,-122.40674664709,47.6498598902901,DISTRICT7,Cherry/Plum/Laurel,0.0,22,Prunus,N,N
4431,-122.335189115915,47.6510303949759,DISTRICT4,Orchard (Common) Apple,0.0,4,Malus,N,N
4432,-122.352599999817,47.6206759994807,DISTRICT7,Dogwood,,2,Cornus,N,N
4433,-122.396607196133,47.6801825453827,DISTRICT6,White-barked Himalayan (Jacque,0.0,6,Betula,N,N
4434,-122.336574920827,47.6246147546596,DISTRICT7,London Plane (Tree),0.0,7,Platanus,N,N
4435,-122.347907409778,47.7261671733657,DISTRICT5,Eddie's White Wonder Dogwood,0.0,2,Cornus,N,N
4436,-122.412997955123,47.6529820286746,DISTRICT7,(Smooth) Japanese Maple,0.0,8,Acer,N,N
4437,-122.277094881889,47.6968503998792,DISTRICT5,Bigleaf Maple,0.0,14,Acer,N,N
4438,-122.302127040448,47.6115360720691,DISTRICT3,Sweetgum,0.0,11,Liquidambar,N,N
4439,-122.328872027786,47.7151361152356,DISTRICT5,Japanese Hornbeam,0.0,2,Carpinus,N,N
4440,-122.319430885244,47.6231623308886,DISTRICT3,Bigleaf Maple,0.0,33,Acer,N,N
4441,-122.325472622027,47.6102452169546,DISTRICT3,Horse Chestnut,0.0,27,Aesculus,N,N
4442,-122.29154994135,47.588241872543,DISTRICT3,(American) Arborvitae,0.0,3,Thuja,N,N
4443,-122.388172664851,47.5709585073461,DISTRICT1,American Hornbeam,0.0,1,Carpinus,N,N
4444,-122.281209466241,47.6954492106094,DISTRICT5,Eastern Dogwood,0.0,13,Cornus,N,N
4445,-122.379350987788,47.569771770745,DISTRICT1,Common Serviceberry,0.0,2,Amelanchier,N,N
4446,-122.318951977075,47.649140795159,DISTRICT3,Kwanzan Flowering Cherry,0.0,2,Prunus,N,N
4447,-122.283890489773,47.5693625828068,DISTRICT2,Washington Hawthorn,0.0,3,Crataegus,N,N
4448,-122.298264731069,47.7042279028805,DISTRICT5,(Smooth) Japanese Maple,0.0,26,Acer,N,N
4449,-122.383429530719,47.5853733299031,DISTRICT1,Thundercloud Purpleleaf Plum,0.0,9,Prunus,N,N
4450,-122.403683402718,47.6480808100442,DISTRICT7,Chanticleer Pear,0.0,9,Pyrus,N,N
4451,-122.343562865542,47.616439326215,DISTRICT7,London Plane (Tree),0.0,14,Platanus,N,N
4452,-122.295613646691,47.5636765101086,DISTRICT2,Pyramidal (Pyramidal European),,2,Carpinus,N,N
4453,-122.363655033207,47.6410148848541,DISTRICT7,Japanese Snowbell Tree,0.0,6,Styrax,N,N
4454,-122.369817865016,47.5244412040244,DISTRICT1,Paperbark Maple,0.0,5,Acer,N,N
4455,-122.269043486871,47.5503483049001,DISTRICT2,Flame Amur Maple,0.0,9,Acer,N,N
4456,-122.308293655191,47.6703679867932,DISTRICT4,White Column (Amanogawa) Flowe,0.0,6,Prunus,N,N
4457,-122.378533756721,47.6752340937289,DISTRICT6,Japanese Snowbell Tree,0.0,2,Styrax,N,N
4458,-122.405827356532,47.6778511983673,DISTRICT6,Dogwood,0.0,2,Cornus,N,N
4459,-122.391956211408,47.5372072165727,DISTRICT1,American Hornbeam,0.0,1,Carpinus,N,N
4460,-122.356619842409,47.5428487095575,DISTRICT1,Bigleaf Maple,0.0,15,Acer,N,N
4461,-122.313295777488,47.6853329934503,DISTRICT4,(Sweet) Mazzard Cherry,0.0,5,Prunus,N,N
4462,-122.401527112513,47.6678410991985,DISTRICT6,Norwegian Sunset Maple,0.0,8,Acer,N,N
4463,-122.38136577702,47.5566098561463,DISTRICT1,Maple,0.0,2,Acer,N,N
4464,-122.314672023835,47.5269486962146,DISTRICT1,Pyramidal (Pyramidal European),0.0,2,Carpinus,N,N
4465,-122.386469614745,47.6931134406062,DISTRICT6,Apple/Crabapple,0.0,3,Malus,N,N
4466,-122.277209831007,47.5641680450971,DISTRICT2,Redspire Pear,0.0,7,Pyrus,N,N
4467,-122.292807842589,47.5746876910791,DISTRICT2,Autumn Brilliance Serviceberry,0.0,1,Amelanchier,N,N
4468,-122.378799999651,47.6732159987539,DISTRICT6,Pyramidal (Pyramidal European),0.0,9,Carpinus,N,N
4469,-122.383770446854,47.5822592011257,DISTRICT1,Kwanzan Flowering Cherry,0.0,12,Prunus,N,N
4470,-122.271136133738,47.6651863465615,DISTRICT4,Blireiana Purpleleaf Plum,0.0,4,Prunus,N,N
4471,-122.334272864788,47.6880055475332,DISTRICT6,Paperbark Maple,0.0,2,Acer,N,N
4472,-122.258284850214,47.5125354299735,DISTRICT2,American Hornbeam,0.0,1,Carpinus,N,N
4473,-122.254762779324,47.5103383570784,DISTRICT2,Tatarian Maple,0.0,2,Acer,N,N
4474,-122.354846081244,47.6642582778955,DISTRICT6,Whitcomb Cherry,0.0,10,Prunus,N,N
4475,-122.325521602574,47.6834452855955,DISTRICT6,Emerald City Tulip Tree,0.0,1,Liriodendron,N,N
4476,-122.367773865791,47.6316157160566,DISTRICT7,Sawara Cypress,0.0,8,Chamaecyparis,N,N
4477,-122.382059391896,47.5324498948493,DISTRICT1,Common Stewartia,0.0,2,Stewartia,N,N
4478,-122.366871284392,47.6813964200009,DISTRICT6,Paperbark Maple,0.0,3,Acer,N,N
4479,-122.286048794507,47.7137600458347,DISTRICT5,Purpleleaf Plum variety,0.0,10,Prunus,N,N
4480,-122.306136966622,47.5643192282274,DISTRICT2,Norway Maple,0.0,12,Acer,N,N
4481,-122.348749874762,47.6262060003733,DISTRICT7,Scarlet Oak,0.0,11,Quercus,N,N
4482,-122.33404167267,47.5936251591333,DISTRICT2,London Plane (Tree),0.0,12,Platanus,N,N
4483,-122.289485845536,47.6234122836903,DISTRICT3,Shirotae Flowering Cherry,0.0,1,Prunus,N,N
4484,-122.376388414219,47.6427266176388,DISTRICT7,Pacific Sunset Maple,0.0,8,Acer,N,N
4485,-122.28804101277,47.693682301298,DISTRICT5,Purpleleaf Plum variety,0.0,10,Prunus,N,N
4486,-122.364452195947,47.561150272939,DISTRICT1,Wildfire Black Tupelo,0.0,2,Nyssa,N,N
4487,-122.413170976512,47.6459914920189,DISTRICT7,Crape myrtle,0.0,2,Lagerstroemia,N,N
4488,-122.29764148918,47.5661835942834,DISTRICT2,Willow Oak,0.0,3,Quercus,N,N
4489,-122.325449628614,47.6463494830235,DISTRICT4,Sweetgum,0.0,20,Liquidambar,N,N
4490,-122.317489201074,47.6650813169086,DISTRICT4,Sycamore Maple,0.0,10,Acer,N,N
4491,-122.314920883969,47.57446488206,DISTRICT2,European Smoke Tree,0.0,3,Cotinus,N,N
4492,-122.24293745774,47.4997200836777,DISTRICT2,Golden Rain Tree,0.0,2,Koelreuteria,N,N
4493,-122.337020897202,47.6172942345059,DISTRICT7,Armstrong Freeman (Red) Maple,0.0,10,Acer,N,N
4494,-122.354714706267,47.6876186793696,DISTRICT6,Mountain Ash/Whitebeam,0.0,3,Sorbus,N,N
4495,-122.32446851119,47.6476243356915,DISTRICT4,English (Hedge) Maple,0.0,9,Acer,N,N
4496,-122.376939697485,47.6833392088979,DISTRICT6,Paperbark Maple,0.0,4,Acer,N,N
4497,-122.276237284734,47.6613461539656,DISTRICT4,Kwanzan Flowering Cherry,0.0,11,Prunus,N,N
4498,-122.362304250198,47.6459130141929,DISTRICT7,Paperbark Maple,0.0,3,Acer,N,N
4499,-122.38079846079,47.575532311789,DISTRICT1,Golden Raindrops Crabapple,0.0,2,Malus,N,N
4500,-122.338427063961,47.6471795131045,DISTRICT4,"Persian Ironwood, Parrotia",0.0,4,Parrotia,N,N
4501,-122.318265827934,47.545772910031,DISTRICT2,Okame Cherry,0.0,2,Prunus,N,N
4502,-122.341220481015,47.6835290538989,DISTRICT6,Blireiana Purpleleaf Plum,0.0,1,Prunus,N,N
4503,-122.344598740806,47.6566563214474,DISTRICT4,Juniper,0.0,1,Juniperus,N,N
4504,-122.353741460339,47.657702050049,DISTRICT6,Forest Pansy Redbud,0.0,4,Cercis,N,N
4505,-122.331172008023,47.6505967207901,DISTRICT4,Cherry/Plum/Laurel,0.0,2,Prunus,N,N
4506,-122.392899126592,47.6749275501759,DISTRICT6,Serviceberry,0.0,2,Amelanchier,N,N
4507,-122.301804680026,47.6792500951966,DISTRICT4,California (Western) Redbud,0.0,3,Cercis,N,N
4508,-122.386613417627,47.5823273462998,DISTRICT1,Littleleaf Linden,0.0,7,Tilia,N,N
4509,-122.365906657466,47.6772457015851,DISTRICT6,Autumn Brilliance Serviceberry,0.0,3,Amelanchier,N,N
4510,-122.386057654093,47.6983043531572,DISTRICT6,Variegated Giant Dogwood,0.0,4,Cornus,N,N
4511,-122.396424581554,47.6866911034436,DISTRICT6,Oakleaf Mountain Ash,0.0,8,Sorbus,N,N
4512,-122.385893210295,47.5315407122059,DISTRICT1,Autumn Flowering Cherry,0.0,4,Prunus,N,N
4513,-122.317675344608,47.6891384682624,DISTRICT5,Littleleaf Linden,0.0,16,Tilia,N,N
4514,-122.332569120076,47.6549210636941,DISTRICT4,(Smooth) Japanese Maple,0.0,7,Acer,N,N
4515,-122.367723444903,47.6416795478465,DISTRICT7,Coast Redwood,0.0,8,Sequoia,N,N
4516,-122.297382826084,47.6613258359858,DISTRICT4,Marshall Green Ash,0.0,11,Fraxinus,N,N
4517,-122.26402618313,47.5179232787081,DISTRICT2,(Smooth) Japanese Maple,0.0,1,Acer,N,N
4518,-122.384352130537,47.67660229427,DISTRICT6,Birch,0.0,15,Betula,N,N
4519,-122.377559574283,47.581913204676,DISTRICT1,Blireiana Purpleleaf Plum,0.0,6,Prunus,N,N
4520,-122.328050425146,47.6532580248785,DISTRICT4,Strawberry tree,0.0,14,Arbutus,N,N
4521,-122.288421830009,47.6868724782081,DISTRICT4,Victoria Magnolia,0.0,2,Magnolia,N,N
4522,-122.38244336811,47.5704837429306,DISTRICT1,Callery Pear,0.0,2,Pyrus,N,N
4523,-122.390562126411,47.6889612564278,DISTRICT6,Green (Red) Ash,0.0,10,Fraxinus,N,N
4524,-122.314752335645,47.621829274676,DISTRICT3,Eastern Redcedar,0.0,1,Juniperus,N,N
4525,-122.279517070768,47.5561312014238,DISTRICT2,Apple/Crabapple,0.0,4,Malus,N,N
4526,-122.372669638957,47.6848788000448,DISTRICT6,Adirondack Crabapple,0.0,2,Malus,N,N
4527,-122.402733627934,47.6612171870974,DISTRICT7,Bigleaf Maple,0.0,24,Acer,N,N
4528,-122.307170506739,47.5533580861057,DISTRICT2,Oregon White (Garry) Oak,0.0,1,Quercus,N,N
4529,-122.371699999201,47.546348998413,DISTRICT1,River Birch,0.0,7,Betula,N,N
4530,-122.351499675672,47.6298007812622,DISTRICT7,Red Maple,0.0,9,Acer,N,N
4531,-122.28903290637,47.6883919525002,DISTRICT4,Kwanzan Flowering Cherry,0.0,12,Prunus,N,N
4532,-122.264484736868,47.5597786922382,DISTRICT2,Western Red Cedar,0.0,38,Thuja,N,N
4533,-122.294724384377,47.6194542405576,DISTRICT3,Amur Maple,0.0,7,Acer,N,N
4534,-122.297583267305,47.6125216568784,DISTRICT3,Kimberly Ash,0.0,28,Fraxinus,N,N
4535,-122.313437361413,47.7133827763394,DISTRICT5,Littleleaf Linden,0.0,11,Tilia,N,N
4536,-122.370469712929,47.550047856823,DISTRICT1,Callery Pear,0.0,3,Pyrus,N,N
4537,-122.334777410741,47.6098941176303,DISTRICT7,Cleveland Norway Maple,0.0,8,Acer,N,N
4538,-122.288021759892,47.5570039365397,DISTRICT2,Autumn Brilliance Serviceberry,0.0,3,Amelanchier,N,N
4539,-122.361417566771,47.6811362687794,DISTRICT6,Japanese Snowbell Tree,0.0,2,Styrax,N,N
4540,-122.391942105246,47.5823125594202,DISTRICT1,Thundercloud Purpleleaf Plum,0.0,13,Prunus,N,N
4541,-122.354534209505,47.6941695321303,DISTRICT5,Kousa Dogwood,0.0,2,Cornus,N,N
4542,-122.333348386566,47.5977724553679,DISTRICT2,London Plane (Tree),0.0,16,Platanus,N,N
4543,-122.369069681902,47.5444209106401,DISTRICT1,Apple Serviceberry,0.0,2,Amelanchier,N,N
4544,-122.35531883044,47.6228142113972,DISTRICT7,London Plane (Tree),0.0,20,Platanus,N,N
4545,-122.35809999962,47.7070569985306,DISTRICT5,Dogwood,0.0,2,Cornus,N,N
4546,-122.300804690581,47.6130283279336,DISTRICT3,Red Sunset Red Maple,0.0,13,Acer,N,N
4547,-122.392857890638,47.6766820191681,DISTRICT6,Akebono Cherry,0.0,9,Prunus,N,N
4548,-122.373587428499,47.5498927110149,DISTRICT1,Dogwood,0.0,3,Cornus,N,N
4549,-122.342890174852,47.5406972172911,DISTRICT1,European Hornbeam,0.0,14,Carpinus,N,N
4550,-122.297797097029,47.6019352173007,DISTRICT3,Whitebeam,0.0,8,Sorbus,N,N
4551,-122.377671583528,47.6386215608448,DISTRICT7,American Hornbeam,0.0,2,Carpinus,N,N
4552,-122.290775140732,47.7112009702984,DISTRICT5,Flame Narrowleaf Ash,0.0,14,Fraxinus,N,N
4553,-122.322757955494,47.5957262283314,DISTRICT2,Willow Oak,0.0,15,Quercus,N,N
4554,-122.299502993469,47.6729257252186,DISTRICT4,Cherry/Plum/Laurel,0.0,7,Prunus,N,N
4555,-122.328443896241,47.687547180357,DISTRICT6,Japanese Black Pine,0.0,12,Pinus,N,N
4556,-122.386906055781,47.5616352252123,DISTRICT1,Callery Pear,0.0,2,Pyrus,N,N
4557,-122.378936683209,47.5342194162745,DISTRICT1,June Snow Dogwood,0.0,3,Cornus,N,N
4558,-122.273642061009,47.5571219080234,DISTRICT2,Fir,0.0,2,Abies,N,N
4559,-122.318260388806,47.6757670016274,DISTRICT4,Sweetgum,0.0,13,Liquidambar,N,N
4560,-122.328997229255,47.6636576420843,DISTRICT4,English Midland Hawthorn,0.0,8,Crataegus,N,N
4561,-122.367756109719,47.6326751607959,DISTRICT7,(Smooth) Japanese Maple,0.0,2,Acer,N,N
4562,-122.373062208092,47.6786612981384,DISTRICT6,Common (Eastern) Redbud,0.0,10,Cercis,N,N
4563,-122.292825834138,47.6740267689264,DISTRICT4,Scarlet Sentinel Freeman Maple,0.0,8,Acer,N,N
4564,-122.305084115168,47.5621897099654,DISTRICT2,Emerald Queen Norway Maple,0.0,13,Acer,N,N
4565,-122.346589467563,47.6499621061097,DISTRICT4,Apple/Crabapple,0.0,11,Malus,N,N
4566,-122.380377865468,47.5766513046745,DISTRICT1,(Smooth) Japanese Maple,0.0,1,Acer,N,N
4567,-122.275658807528,47.6649262636229,DISTRICT4,English Midland Hawthorn,0.0,10,Crataegus,N,N
4568,-122.358200001302,47.7085179993368,DISTRICT5,Unknown,0.0,4,,N,N
4569,-122.346903830064,47.7004870841895,DISTRICT5,Apple/Crabapple,0.0,7,Malus,N,N
4570,-122.40357176932,47.6405154127653,DISTRICT7,Sorrel Tree (Sourwood),0.0,3,Oxydendrum,N,N
4571,-122.361604501933,47.5572785448342,DISTRICT1,Apple/Crabapple,0.0,4,Malus,N,N
4572,-122.371438195881,47.6743816061943,DISTRICT6,Yoshino Cherry,0.0,5,Prunus,N,N
4573,-122.284995118329,47.6025323123637,DISTRICT3,Summit Green Ash,0.0,6,Fraxinus,N,N
4574,-122.384141125167,47.6702476019905,DISTRICT6,Littleleaf Linden,0.0,20,Tilia,N,N
4575,-122.394185639763,47.6773714464838,DISTRICT6,Silk Tree/Mimosa,0.0,5,Albizia,N,N
4576,-122.371024106251,47.6738708592437,DISTRICT6,Orchard (Common) Apple,0.0,5,Malus,N,N
4577,-122.318524817876,47.5373001568762,DISTRICT2,Columnar English Oak,0.0,12,Quercus,N,N
4578,-122.344422787141,47.5710883179565,DISTRICT2,Cherry/Plum/Laurel,0.0,5,Prunus,N,N
4579,-122.365932645082,47.6671338115319,DISTRICT6,Giant Sequoia,0.0,58,Sequoiadendron,N,N
4580,-122.356455471034,47.5310191493295,DISTRICT1,Frontier Elm,0.0,5,Ulmus,N,N
4581,-122.280528796085,47.6584811880088,DISTRICT4,Purpleleaf Plum variety,0.0,10,Prunus,N,N
4582,-122.357098622451,47.703590129358,DISTRICT6,American Hornbeam,0.0,4,Carpinus,N,N
4583,-122.379787635222,47.664835188609,DISTRICT6,Red Maple,0.0,13,Acer,N,N
4584,-122.362265635562,47.6832294213667,DISTRICT6,Thundercloud Purpleleaf Plum,0.0,9,Prunus,N,N
4585,-122.326548944815,47.5627835848024,DISTRICT2,Norway Maple,0.0,12,Acer,N,N
4586,-122.335580903329,47.6071426149961,DISTRICT7,Littleleaf Linden,0.0,3,Tilia,N,N
4587,-122.334624743305,47.6628207718581,DISTRICT4,Kousa Dogwood,0.0,10,Cornus,N,N
4588,-122.3608085165,47.6346923392718,DISTRICT7,Common Hawthorn,0.0,12,Crataegus,N,N
4589,-122.384638453288,47.66844967991,DISTRICT6,Armstrong Freeman (Red) Maple,0.0,14,Acer,N,N
4590,-122.288098828069,47.6144226202949,DISTRICT3,Bigleaf Maple,0.0,32,Acer,N,N
4591,-122.306815883245,47.5665506390536,DISTRICT2,Emerald Queen Norway Maple,0.0,6,Acer,N,N
4592,-122.376474044706,47.5556811076301,DISTRICT1,Blireiana Purpleleaf Plum,0.0,1,Prunus,N,N
4593,-122.295457424902,47.5538217480521,DISTRICT2,Leyland Cypress,0.0,17,x,N,N
4594,-122.267829791861,47.5199339852033,DISTRICT2,English Oak,0.0,8,Quercus,N,N
4595,-122.364202823499,47.6883343911624,DISTRICT6,Japanese Snowbell Tree,0.0,6,Styrax,N,N
4596,-122.322725902588,47.5635760339744,DISTRICT2,Littleleaf Linden,0.0,17,Tilia,N,N
4597,-122.292246834911,47.6080465059474,DISTRICT3,Red Sunset Red Maple,0.0,21,Acer,N,N
4598,-122.31614242022,47.7097272629957,DISTRICT5,Black Cottonwood,0.0,4,Populus,N,N
4599,-122.366587681978,47.6868805071342,DISTRICT6,Chinese Tree Lilac,0.0,1,Syringa,N,N
4600,-122.319454779588,47.715355650071,DISTRICT5,Sugar Maple,0.0,23,Acer,N,N
4601,-122.318767614371,47.6772466052445,DISTRICT4,Dogwood,0.0,3,Cornus,N,N
4602,-122.397090132831,47.6874265008081,DISTRICT6,Japanese Snowbell Tree,0.0,5,Styrax,N,N
4603,-122.395605116449,47.6477781453889,DISTRICT7,Cherry/Plum/Laurel,0.0,10,Prunus,N,N
4604,-122.342251334812,47.6154147575594,DISTRICT7,London Plane (Tree),0.0,12,Platanus,N,N
4605,-122.393548406998,47.5623156577191,DISTRICT1,Pacific Sunset Maple,0.0,2,Acer,N,N
4606,-122.323595949671,47.6968284403735,DISTRICT5,False Cypress,0.0,5,Chamaecyparis,N,N
4607,-122.324131030842,47.5638433954837,DISTRICT2,Norway Maple,0.0,12,Acer,N,N
4608,-122.35032027599,47.6399993813814,DISTRICT7,Red Maple,0.0,8,Acer,N,N
4609,-122.265334485701,47.5286109022805,DISTRICT2,Cherry/Plum/Laurel,0.0,1,Prunus,N,N
4610,-122.269306674838,47.5198315104152,DISTRICT2,Pacific Sunset Maple,0.0,10,Acer,N,N
4611,-122.334613303816,47.6603476766628,DISTRICT4,Unknown,0.0,3,,N,N
4612,-122.302652387829,47.5887967434017,DISTRICT3,Willow Oak,0.0,2,Quercus,N,N
4613,-122.358042744095,47.6895713454511,DISTRICT6,Patmore Green Ash,0.0,7,Fraxinus,N,N
